url_length,domain_length,path_length,num_digits,num_hyphens,num_dots,num_subdomains,entropy,has_https,has_port,has_at_symbol,contains_ip,has_punycode,shortener_detected,paste_service_detected,has_suspicious_words,tld_risk,excessive_subdomains,digit_ratio,num_params,special_chars,in_tranco,tranco_rank,brand_impersonation,url,label,vt_verified,vt_malicious
37,28,1,6,2,2,1,4.445543568156237,1,0,0,0,0,0,0,0,1,0,0.1621621621621621,0,0,0,0.0,0,https://juno-mail-103772.square.site/,0,0,0
27,20,0,0,1,2,1,3.95822916866988,0,0,0,0,0,0,0,0,1,0,0.0,0,0,1,0.961849441645678,0,http://www.com-archive.site,0,0,0
33,24,1,0,0,2,1,4.104407755459852,1,0,0,0,0,0,0,0,0,0,0.0,0,0,0,0.0,0,https://www.ioginunlcovlabcp.com/,0,0,0
39,30,1,0,4,1,0,4.111698692943855,1,0,0,0,0,0,0,2,0,0,0.0,0,0,1,0.8744432999855669,0,https://login-palypaly-bank-co-jp.bond/,0,0,0
48,16,25,0,0,3,0,4.269974678246912,0,0,0,0,0,0,0,0,0,0,0.0,0,1,0,0.0,1,http://dutysoftware.com/mb/pg_www.wellsfargo.com,1,0,0
53,18,27,18,0,1,0,4.55311550161055,1,0,0,0,0,0,0,0,0,0,0.3396226415094339,0,0,0,0.0,0,https://steamcomnmunity.su/profile/765611242086447242,0,0,0
37,21,9,1,2,2,1,4.09811781214885,0,0,0,0,0,0,0,0,0,0,0.027027027027027,0,0,0,0.0,0,http://ashudevtech.github.io/css-hw-1,1,0,0
37,28,1,5,1,2,1,4.479195257286955,1,0,0,0,0,0,0,0,0,0,0.1351351351351351,0,0,1,0.9332700224901576,0,https://edavki-92850.firebaseapp.com/,0,0,0
37,29,0,0,0,2,1,4.114066203115956,1,0,0,0,0,0,0,0,0,0,0.0,0,0,0,0.0,0,https://www.austinpublishinggroup.com,1,0,0
68,38,23,35,0,2,0,3.6058968039707215,0,0,0,0,0,0,0,2,1,0,0.5147058823529411,0,2,0,0.0,1,http://10000000000000000000000000006568538.tk/login_to_facebook.html,1,0,0
33,25,1,3,0,3,2,3.934418650173888,0,0,0,0,0,0,0,0,0,0,0.0909090909090909,0,0,1,0.893299578294434,0,http://newagos775.temp.swtest.ru/,0,0,0
46,16,23,0,1,4,1,4.213460597220266,0,0,0,0,0,0,0,0,0,0,0.0,0,0,0,0.0,0,http://dolokiousa.co.vu/metas.admin-pages.html,1,0,0
24,17,0,0,1,2,1,3.855388542207534,0,0,0,0,0,0,0,0,0,0,0.0,0,0,1,0.5129523186104116,0,http://www.dns-stuff.com,0,0,0
162,14,141,43,1,11,2,4.687460057180389,0,0,0,1,0,0,0,2,0,0,0.2654320987654321,0,9,0,0.0,0,http://212.104.43.201/errors/53/ndex.php/''http:/212.104.43.201/errors/53/fifth%20third%20banking%20login%20_%20fifth%20third%20bank_files/hogan-3.0.1.js.download,1,0,0
33,15,11,12,0,3,2,4.112427831414106,0,0,0,1,0,0,0,1,0,0,0.3636363636363636,0,0,0,0.0,0,http://174.138.106.174/banks/cibc,1,0,0
25,18,0,1,0,3,2,3.6234651896016463,0,0,0,0,0,0,0,0,0,0,0.04,0,0,0,0.0,0,http://www.sever1.webs.pm,0,0,0
26,19,0,3,0,3,2,4.026986833359286,0,0,0,0,0,0,0,0,0,0,0.1153846153846153,0,0,0,0.0,0,http://www.pan.bjzm365.com,0,0,0
34,25,1,6,1,2,1,4.373796296941798,1,0,0,0,0,0,0,0,0,0,0.1764705882352941,0,0,1,0.9245560707522918,0,https://aol-103885.weeblysite.com/,0,0,0
29,22,0,0,0,2,1,3.952302977662386,0,0,0,0,0,0,0,0,0,0,0.0,0,0,1,0.7524633801044718,0,http://www.alsirtailoring.com,0,0,0
20,13,0,0,0,1,0,3.6841837197791887,0,0,0,0,0,0,0,0,0,0,0.0,0,0,1,0.8226726560077231,0,http://collabland.io,0,0,0
44,20,16,1,0,2,1,3.8913925627352297,1,0,0,0,0,0,0,0,0,0,0.0227272727272727,0,0,1,0.8858921869487331,0,https://wessiie6.wixsite.com/attmailservices,0,0,0
23,16,0,0,0,1,0,3.621175542919472,0,0,0,0,0,0,0,0,0,0,0.0,0,0,1,0.6186369531267548,0,http://myetherwallet.kr,0,0,0
114,14,22,14,1,3,0,4.866275295430278,0,0,0,0,0,0,0,1,0,0,0.1228070175438596,6,14,0,0.0,0,http://amedidabox.com/excelsecured/page.php?email=&.rand=13vqcr8bp0gud&lc=1033&id=64855&mkt=en-us&cbcxt=mai&snsc=1,1,0,0
29,21,0,0,0,2,1,3.9523029776623857,1,0,0,0,0,0,0,0,0,0,0.0,0,0,0,0.0,0,https://www.nishiyamasilk.com,1,0,0
20,13,0,0,0,2,1,3.3086949695628425,0,0,0,0,0,0,0,0,0,0,0.0,0,0,1,0.5470116931736979,0,http://www.msssm.com,0,0,0
30,22,1,0,1,1,0,3.923231428797621,0,0,0,0,0,0,0,0,0,0,0.0,0,0,1,0.784667719183682,0,http://metamask-portfolio.com/,0,0,0
455,59,1,79,1,4,3,5.244362489247507,0,0,0,0,0,0,0,2,0,0,0.1736263736263736,3,17,0,0.0,0,http://appleid.apple.com-signin.2qbpwdtf568zwts0n8kgcrhlq88kq6.com/?fp=wg0f3z4cz47omiq%20iesq15o3ngd5cxsv3qfitsg%208%20qr2mhhfl1cgcr0ernup57ky5d%20nyka6bmm5cxopyhezxcyvvmz0vqv8g/u27dmsedywq/1kzjqvyfqyv%20sdagwhbuhpj9qjyzjyazeoevqtucgcv%20qcydmafququjn0ewqe2yqdzqmapqz7qacfuqg&amp;prvtof=lsuwak55bu/iyushhr1h/gqxmhznj2exc071vqy0vhg=&amp;poru=h2331dvawe4bwhxhag%20jwqwmybkrvzxvsgi0miwjbt6axo9oiut/mqezhhr0autoor5oxkapdcv6flg3jw%20mmc1ubuihe%20iki0qontn4e9g=,1,0,0
21,14,0,0,0,2,1,3.725650756112093,0,0,0,0,0,0,0,0,0,0,0.0,0,0,1,0.882844108357058,0,http://www.webfax.org,0,0,0
39,13,19,10,1,3,2,4.342969205986262,0,0,0,1,0,0,0,0,0,0,0.2564102564102564,0,0,0,0.0,0,http://52.232.128.87/finance/bmo-mobile,1,0,0
24,17,0,0,0,2,1,3.7406015629507223,0,0,0,0,0,0,0,0,0,0,0.0,0,0,0,0.0,0,http://www.atozproxy.com,0,0,0
38,12,19,9,1,3,2,4.366091329119191,0,0,0,1,0,0,0,0,0,0,0.2368421052631578,0,0,0,0.0,0,http://40.69.99.184/finance/bmo-mobile,1,0,0
20,13,0,0,0,2,1,3.546439344671015,0,0,0,0,0,0,0,0,0,0,0.0,0,0,1,0.9596005371298588,0,http://www.trkps.com,0,0,0
65,50,7,7,4,2,1,4.363409445000959,1,0,0,0,0,0,0,0,0,0,0.1076923076923077,0,0,1,0.8480799661386098,0,https://us-central1-still-livelo-372337.cloudfunctions.net/fklat/,0,0,0
22,15,0,2,0,2,1,3.879664004902593,0,0,0,0,0,0,0,0,0,0,0.0909090909090909,0,0,0,0.0,0,http://www.1an2kdo.com,0,0,0
133,33,10,23,2,5,1,5.000032343477444,0,0,0,0,0,0,0,3,0,0,0.1729323308270676,2,7,0,0.0,1,http://11infopaypal-update05.duckdns.org/ccdet.php?country.x=&locale.x=en_&client=1wc4j102qo5uv1y551l3-hashelpvalidateemptye06163b926,1,0,0
31,6,18,1,0,1,0,4.026619294188053,0,0,0,0,0,1,0,0,0,0,0.032258064516129,0,0,1,0.916482067525738,0,http://bit.do/sicurezza3dscarte,0,0,0
81,24,49,1,1,3,1,4.444184879160739,1,0,0,0,0,0,0,0,0,0,0.0123456790123456,0,0,1,0.8879549230414444,0,https://pold.builderallwppro.com/wp-content/plugins/r/tracking/fv5ejh/details.php,0,0,0
40,19,14,0,0,1,0,3.768453957701922,0,0,0,0,0,0,0,0,0,0,0.0,0,0,0,0.0,0,http://dolphinengineers.in/orange/orange,1,0,0
73,22,43,0,2,3,1,4.377224901964926,1,0,0,0,0,0,0,0,0,0,0.0,0,0,1,0.9002275083497131,0,https://mod.jaansoluciones.com/wp-content/plugins/core-stab/rk/index.html,0,0,0
83,74,1,9,0,3,2,4.895905022063692,1,0,0,0,0,0,0,0,0,0,0.108433734939759,0,0,1,0.8456878094429983,0,https://bafybeigv3hocxjqwop2a7hv4a2zoiesjjqdags5j4xctlu2t5rqngzwgja.ipfs.dweb.link/,0,0,0
123,11,13,15,1,2,0,5.0109847824044165,0,0,0,0,0,0,0,0,0,0,0.1219512195121951,1,3,0,0.0,0,http://emsi-us.com/vin/home.php?session_id=fzo8xhvwzvrtfq2eqq8c2jvchng2zdaopsf2uzhjababayhnbhgdp281vb1bbh36v07kikjosftxk1uu,1,0,0
20,13,0,0,0,2,1,3.6841837197791887,0,0,0,0,0,0,0,0,0,0,0.0,0,0,1,0.7034329942786363,0,http://www.dronv.com,0,0,0
43,12,24,9,0,4,2,4.190929511009918,0,0,0,1,0,0,0,1,0,0,0.2093023255813953,0,0,0,0.0,0,http://8.209.107.30/banks/tangerine/pin.php,1,0,0
19,11,1,3,0,1,0,3.6421498816369033,0,0,0,0,0,0,0,0,0,0,0.1578947368421052,0,0,1,0.9874601129848342,0,http://bet988y.com/,0,0,0
22,14,0,0,0,2,1,3.697845823084412,1,0,0,0,0,0,0,0,0,0,0.0,0,0,0,0.0,0,https://www.rhymer.com,1,0,0
55,17,31,0,0,1,0,3.9242876137534295,0,0,0,0,0,0,0,0,0,0,0.0,0,1,0,0.0,0,http://croissanttree.com/modules/mod_stats/tmpl/support,1,0,0
51,43,0,10,0,3,2,4.532445626531936,1,0,0,0,0,0,0,0,0,0,0.196078431372549,0,0,1,0.9182765863321388,0,https://stridentlimpingquadrants.9384573857.repl.co,0,0,0
76,11,58,9,0,1,0,4.6781877115205885,0,0,0,0,0,0,0,0,0,0,0.1184210526315789,0,1,0,0.0,0,http://dedcare.com/rg/new/css/k7blxb/a2fplmxlag5lcnracgxhbnryb25py3muy29t%3e,1,0,0
43,8,27,0,0,2,0,3.914782930058122,1,0,0,0,0,0,0,0,1,0,0.0,0,0,1,0.7937330977886381,0,https://bio.site/metaforcustomerservice.com,0,0,0
187,15,131,36,0,2,1,5.208447500029667,0,0,0,0,0,0,0,0,0,0,0.1925133689839572,1,2,0,0.0,0,http://alkautsar.or.id/assets/journal/ik/of1/5ybcwg4h2ilnx1to6e08fjkrsvapzm7ud3q9y3z4a781xne2kcdlrt5ovpqwhu6fbgijs0m9owbs59vl8x4jc02mknay6t1rgfzeqpiu7hd3?data=u2ftdwvslkx5bmraqk1iq0mub3jn,1,0,0
73,26,40,7,0,2,1,4.706211373622509,0,0,0,0,0,0,0,0,0,0,0.0958904109589041,0,0,0,0.0,0,http://delivery.imaginedbyjess.co/public/ee9jlk5io0dc7ur9oj7pkhr4skazdiom,1,0,0
77,18,52,6,1,3,1,4.579691373903548,0,0,0,0,0,0,0,0,0,0,0.0779220779220779,0,0,0,0.0,0,http://docs.envytheme.com/wp-content/plugins/298377/lagosnewexcel/bizmail.php,1,0,0
19,12,0,0,0,2,1,3.576617644908665,0,0,0,0,0,0,0,0,1,0,0.0,0,0,0,0.0,0,http://www.acdpe.gq,0,0,0
73,26,40,9,0,2,1,4.840107777880281,0,0,0,0,0,0,0,0,0,0,0.1232876712328767,0,0,0,0.0,0,http://delivery.imaginedbyjess.co/public/cnq4fo7we0878t9nbmy3gp6pvvhtubae,1,0,0
23,16,0,3,0,2,1,3.82790978214397,0,0,0,0,0,0,0,0,0,0,0.1304347826086956,0,0,1,0.7153412432354118,0,http://www.w3jazh85.cfd,0,0,0
22,15,0,0,2,2,1,3.6069367321753214,0,0,0,0,0,0,0,0,0,0,0.0,0,0,1,0.5177450452107091,0,http://www.s-a-cpa.com,0,0,0
82,25,38,11,1,4,2,4.74024259772624,0,0,0,0,0,0,0,0,0,0,0.1341463414634146,0,1,0,0.0,0,http://blakshmika.temp.swtest.ru/c-agricole/7750b0e21e83f69/region.php?particulier,1,0,0
58,17,10,2,0,1,0,4.306426152333769,1,0,0,0,0,0,0,0,0,0,0.0344827586206896,0,3,1,0.648787466384579,0,https://latestvacancy.net/ionoscom/#[email%c2%a0protected],0,0,0
52,14,31,5,3,1,0,4.224880949810312,0,0,0,0,0,0,0,0,0,0,0.0961538461538461,0,0,0,0.0,0,http://bookslists.com/book/20690/the-history-of-love,1,0,0
116,14,95,15,0,1,0,4.876276233650738,0,0,0,0,0,0,0,0,0,0,0.1293103448275862,0,1,0,0.0,0,http://cokemarion.com/safe/latest%20drop/yu73xpoh5jbllomqpejmiok2spclp4hipfgq4y3a8ugrhse2coip6cyefullsyvvlth2pkq8jy7,1,0,0
20,13,0,0,0,2,1,3.5841837197791886,0,0,0,0,0,0,0,0,0,0,0.0,0,0,1,0.7244173871194106,0,http://www.bgxbm.com,0,0,0
32,14,11,11,0,3,2,4.140319531114783,0,0,0,1,0,0,0,1,0,0,0.34375,0,0,0,0.0,0,http://157.230.74.255/banks/cibc,1,0,0
40,32,0,0,0,2,1,4.143942707918269,1,0,0,0,0,0,0,0,0,0,0.0,0,0,0,0.0,0,https://refrigeracion.delmondexpress.com,1,0,0
89,42,40,7,0,4,3,4.619549616628894,0,0,0,0,0,0,0,0,0,0,0.0786516853932584,0,0,0,0.0,0,http://delivery.attempt.failure.saliscreation.com/public/4jhikl5ujate43r0zf2ldkiphui0fjna,1,0,0
42,33,1,0,1,2,1,3.9035239700887407,1,0,0,0,0,0,0,0,0,0,0.0,0,0,1,0.9162412670010164,0,https://dev-intuamtaumans.pantheonsite.io/,0,0,0
41,33,1,5,2,2,1,4.485004748256684,0,0,0,0,0,0,0,0,0,0,0.1219512195121951,0,0,1,0.7970520068487109,0,http://luminous-druid-397b44.netlify.app/,0,0,0
25,16,1,2,1,2,1,3.943465189601646,1,0,0,0,0,0,0,0,0,0,0.08,0,0,0,0.0,0,https://ic22-uya.web.app/,0,0,0
55,26,21,3,0,2,1,4.246748295453604,1,0,0,0,0,0,0,0,0,0,0.0545454545454545,0,0,1,0.7804890051358637,0,https://cashoutmail339.wixsite.com/attdomainpaidservice,0,0,0
26,18,0,0,0,2,1,3.8441065448145375,1,0,0,0,0,0,0,0,0,0,0.0,0,0,0,0.0,0,https://www.labornotes.org,1,0,0
75,35,33,9,5,3,1,4.540215984974624,0,0,0,0,0,0,0,0,0,0,0.12,0,0,0,0.0,0,http://fb-698631481-com.preview-domain.com/payments/add-payments-method.htm,1,0,0
27,10,1,1,0,1,0,4.032303242743954,0,0,0,0,0,0,0,0,0,0,0.037037037037037,1,2,0,0.0,0,http://bitlink.gg/?l=xy7zhb,1,0,0
42,33,1,2,0,3,2,3.96043729212596,1,0,0,0,0,0,0,0,0,0,0.0476190476190476,0,0,0,0.0,0,https://welltododearl.polarcita36.repl.co/,0,0,0
37,16,13,7,0,2,1,4.044063758094795,1,0,0,0,0,0,0,0,0,0,0.1891891891891892,0,0,0,0.0,0,https://urlhaus.abuse.ch/url/3658803/,1,0,0
91,73,11,10,4,6,4,4.695344607155962,0,0,0,0,0,0,0,1,0,1,0.1098901098901098,0,0,1,0.8085328432689614,0,http://file3840202-carrington-bank.s3.ams03.cloud-object-storage.appdomain.cloud/index.html,0,0,0
108,15,86,61,0,4,2,3.7204615723308714,0,0,0,1,0,0,0,0,0,0,0.5648148148148148,0,0,0,0.0,0,http://185.133.173.243/001010101010010110101011101010101101010111010101/nwfaiehg4ewijfgriehgirehaughrarg.ppc,1,0,0
23,16,0,0,0,2,1,3.675310868912364,0,0,0,0,0,0,0,0,0,0,0.0,0,0,0,0.0,0,http://www.coinzilla.io,0,0,0
43,36,0,1,3,4,3,4.164295859202321,0,0,0,0,0,0,0,0,0,0,0.0232558139534883,0,0,1,0.5601741897799066,0,http://www.nexto.oss-eu-west-1.aliyuncs.com,0,0,0
35,28,0,0,0,2,1,4.150292659616667,0,0,0,0,0,0,0,0,0,0,0.0,0,0,1,0.8332538499040977,0,http://www.niagarabeveragesintl.com,0,0,0
105,17,81,2,1,3,0,3.9896305249909534,0,0,0,0,0,0,0,0,0,0,0.019047619047619,0,0,0,0.0,0,http://ayurvedajeevan.in/adds/covid-19/invoice/toda/index.php/js/css/css/css/css/css/js/css/css/usere.txt,1,0,0
33,19,7,15,0,4,2,4.028946391954607,0,1,0,1,0,0,0,0,0,0,0.4545454545454545,0,0,0,0.0,0,http://124.230.216.19:8081/AV.lnk,1,0,0
25,16,1,1,1,2,1,3.863465189601646,1,0,0,0,0,0,0,0,0,0,0.04,0,0,1,0.5053964468107734,0,https://xdeds-7y.web.app/,0,0,0
59,42,9,7,2,2,1,4.493688186614818,1,0,0,0,0,0,0,1,0,0,0.1186440677966101,0,0,1,0.5979800100866404,0,https://connection-orangebank-certicode.derlma.com/8752349/,0,0,0
37,16,13,7,0,2,1,4.098117812148849,1,0,0,0,0,0,0,0,0,0,0.1891891891891892,0,0,0,0.0,0,https://urlhaus.abuse.ch/url/3748011/,1,0,0
16,9,0,0,0,2,1,3.202819531114783,0,0,0,0,0,0,0,0,0,0,0.0,0,0,0,0.0,0,http://www.ve.gp,0,0,0
26,19,0,0,0,2,1,3.7192945256669794,0,0,0,0,0,0,0,0,0,0,0.0,0,0,1,0.7662720155522569,0,http://www.monimachine.com,0,0,0
29,21,0,0,1,2,1,4.047299098426644,1,0,0,0,0,0,0,0,0,0,0.0,0,0,0,0.0,0,https://www.lagalerie-blog.fr,1,0,0
27,20,0,0,0,3,2,3.902311575917031,0,0,0,0,0,0,0,0,1,0,0.0,0,0,1,0.8620296541818536,0,http://www.app.imztoken.xyz,0,0,0
94,16,50,26,0,4,1,4.729875623244958,0,0,0,0,0,0,0,0,0,0,0.2765957446808511,1,2,0,0.0,0,http://a0625952.xsph.ru/taillecostume.7z/acces/85275b24e4cf1ae/region.php?auth=85275b24e4cf1ae,1,0,0
23,15,0,0,0,2,1,3.882045108136863,1,0,0,0,0,0,0,0,0,0,0.0,0,0,0,0.0,0,https://www.dualipa.com,1,0,0
39,12,20,9,0,4,2,4.157859438066424,0,0,0,1,0,0,0,1,0,0,0.2307692307692307,0,0,0,0.0,0,http://142.93.80.65/banks/atb/last.html,1,0,0
45,23,15,0,0,2,1,4.152638373963222,0,0,0,0,0,0,0,0,0,0,0.0,0,0,0,0.0,0,http://areservadoslagos.com.br/dana/krakowski,1,0,0
68,16,44,6,2,1,0,4.881005488054639,1,0,0,0,0,0,0,0,1,0,0.088235294117647,0,0,0,0.0,0,https://uknypxl-rqf-3.ml/sharepointbblvja91uffksygp2rdcvvumfx7i3xhj/,0,0,0
26,17,1,0,0,1,0,3.997952698660691,1,0,0,0,0,0,0,0,0,0,0.0,0,0,1,0.936388447564654,0,https://stackoverflow.com/,0,0,0
91,54,30,18,5,2,1,4.586629668973663,0,0,0,0,0,0,0,0,0,0,0.1978021978021978,0,1,0,0.0,0,http://app-5cbae1e4-849a-4e8a-a1bf-73d457954ca3.cleverapps.io/post/ch/swiss/swiss_de/manage,1,0,0
44,28,9,1,0,2,1,4.291611664426975,0,0,0,0,0,0,0,0,0,0,0.0227272727272727,0,0,0,0.0,0,http://developersanskruti.github.io/project2,1,0,0
94,32,55,14,1,3,1,4.719304150269523,0,0,0,0,0,0,0,0,0,0,0.1489361702127659,0,0,0,0.0,0,http://floppier-bends.000webhostapp.com/lossunt/lost/like/daa/fkjhe7rw792384ewuro28rh/1/1.html,1,0,0
24,17,0,0,1,2,1,3.8035088547976783,0,0,0,0,0,0,0,0,0,0,0.0,0,0,1,0.7018110136896503,0,http://www.scope-sci.org,0,0,0
160,19,106,24,11,4,1,4.779740001667483,1,0,1,0,0,0,0,2,0,0,0.15,0,1,1,0.5779988432544891,0,https://storageapi.fleek.co/fdc201f7-4864-4b4d-a28d-ebf8a1bdd8c4-bucket/user-verification/login-acct-app-90e4/continue-to-verify.html#jonathan20824@netscape.net,0,0,0
45,19,19,0,0,1,0,3.983535252309071,0,0,0,0,0,1,0,0,0,0,0.0,0,0,0,0.0,0,http://chipperaircraft.com/trainingworkshopoh,1,0,0
27,18,1,2,0,2,1,3.85619629821938,1,0,0,0,0,0,0,0,0,0,0.074074074074074,0,0,1,0.6165749971843022,0,https://l0b5sb.webwave.dev/,0,0,0
21,14,0,5,0,2,1,3.6537567082870006,0,0,0,0,0,0,0,0,0,0,0.238095238095238,0,0,1,0.6484282384556608,0,http://www.g50999.com,0,0,0
18,11,0,0,0,2,1,3.30827083453526,0,0,0,0,0,0,0,0,0,0,0.0,0,0,1,0.7322647300179483,0,http://www.xoom.it,0,0,0
23,15,0,0,0,3,2,3.849223912390625,1,0,0,0,0,0,0,0,0,0,0.0,0,0,0,0.0,0,https://www.eoni.org.uk,1,0,0
24,17,0,0,0,3,2,3.855388542207534,0,0,0,0,0,0,0,0,0,0,0.0,0,0,1,0.5997000934285078,0,http://www.royreid.co.uk,0,0,0
72,27,38,7,0,1,0,4.452679649547259,0,0,0,0,0,0,0,1,0,0,0.0972222222222222,0,0,0,0.0,1,http://civilcontractorsinmumbai.in/signonv2screen/bankofamerica/3e43940d,1,0,0
34,27,0,2,1,3,2,4.1162996057016965,0,0,0,0,0,0,0,0,0,0,0.0588235294117647,0,0,1,0.7917965204811955,0,http://www.msf-supernova.net78.net,0,0,0
117,31,79,36,7,1,0,4.742101284977744,0,0,0,0,0,0,0,2,0,0,0.3076923076923077,0,0,0,0.0,0,http://auth-store-settings-updates.com/account/f59997b6-927a-11e7-80f6-3417ebe725e0/verification/04dam22c4ac9072176d5,1,0,0
93,11,41,22,0,1,0,4.8572271936358655,0,0,0,0,0,0,0,1,0,0,0.2365591397849462,2,6,0,0.0,0,http://garhold.net/4056b88955b3937af025deed0c8606c0/signin/?country=united+states&local=en_us,1,0,0
76,24,14,4,1,2,0,4.693256751359098,0,0,0,0,0,0,0,0,0,0,0.0526315789473684,0,2,0,0.0,0,http://automobil-marketplace.pl/authorize.php?l3x7ngj6vvc6funhiatqiyhrpkrmp=,1,0,0
25,18,0,0,0,3,2,3.863465189601646,0,0,0,0,0,0,0,0,0,0,0.0,0,0,1,0.7777931094688253,0,http://www.info.abbny.com,0,0,0
99,21,25,3,1,3,0,4.761841126426868,0,0,0,0,0,0,0,1,0,0,0.0303030303030303,2,6,0,0.0,0,http://ebblackenterprise.com/verifiy/jivmi/signin.php?_token=mtu4ntu3otk1oq=message-id:&locale.x=en,1,0,0
271,9,10,99,0,14,0,4.8439179370259335,0,0,0,0,0,0,0,1,1,0,0.3653136531365313,6,34,0,0.0,0,http://ffrayv.tk/mail1.php?25=%2013inboxlightaspxn.1774256418&%20fid.4.1252899642&fid=1&fav.1&%20rand.13inboxlight.aspxn.%201774256418&fid.1252899642&fid.%201&fav.1&login=25&loginid=$%20loginid&.rand=13inboxlight.%20aspx?n=1774256418&fid=420l22n=%201252899642&fid=1&fav=1,1,0,0
45,19,19,23,0,4,2,4.116868585642403,0,1,0,1,0,0,0,0,0,0,0.5111111111111111,0,0,0,0.0,0,http://111.59.254.165:8084/20220623/Photo.scr,1,0,0
72,64,1,9,3,4,3,4.728613369347627,0,0,0,0,0,0,0,0,0,0,0.125,0,0,1,0.5205245642638152,0,http://app-beyokansa4226sadava.dagmfcasun-xoy4w9n073pw.p.temp-site.link/,0,0,0
44,24,13,12,0,3,2,4.2744551302868965,0,0,0,0,0,0,0,1,0,0,0.2727272727272727,0,0,0,0.0,1,http://1437734467.rsc.cdn77.org/amazoneaster,1,0,0
33,19,7,15,0,4,2,3.67587110545754,0,1,0,1,0,0,0,0,0,0,0.4545454545454545,0,0,0,0.0,0,http://119.91.141.214:1234/AV.scr,1,0,0
49,16,26,6,0,2,1,4.612272793528193,0,0,0,0,0,0,0,0,0,0,0.1224489795918367,0,0,0,0.0,0,http://co59022.tmweb.ru/ggs5wtnhxzia/validationbp,1,0,0
28,21,0,0,0,2,1,3.9407598325400897,0,0,0,0,0,0,0,0,1,0,0.0,0,0,1,0.8175945447836339,0,http://www.guttercatmint.xyz,0,0,0
44,13,24,5,0,2,1,4.345350936622435,0,0,0,0,0,0,0,0,0,0,0.1136363636363636,0,0,0,0.0,0,http://gh7.dyndns.dk/ogo2020mionedrive/mfile,1,0,0
100,19,74,41,2,4,2,4.743074189428572,0,1,0,1,0,0,0,0,0,0,0.41,0,4,0,0.0,0,http://177.70.102.228:8070/TmpFTP/Manifesta%C3%A7%C3%A3o/Consulta/02589791000910/2023-06-05/info.zip,1,0,0
44,22,15,0,1,2,1,4.280470187252587,0,0,0,0,0,0,0,0,0,0,0.0,0,0,0,0.0,1,http://arks-lacerda.github.io/cloneinstagram,1,0,0
26,19,0,0,0,3,2,3.584303179346712,0,0,0,0,0,0,0,0,0,0,0.0,0,0,1,0.7122521870955403,0,http://www.perfect.shop.co,0,0,0
59,45,7,0,2,2,1,3.966514661723521,0,0,0,0,0,0,0,1,0,0,0.0,0,0,0,0.0,0,http://bancaporlnternet-lniterbank.pe-appenlinea.com/acceso,1,0,0
27,20,0,0,0,2,1,3.708048150071232,0,0,0,0,0,0,0,0,0,0,0.0,0,0,0,0.0,0,http://www.ninasangtani.com,0,0,0
49,21,21,1,2,2,1,4.489823813936356,0,0,0,0,0,0,0,0,0,0,0.0204081632653061,0,0,0,0.0,0,http://faizansyed7.github.io/cvip-web-development,1,0,0
90,34,49,11,1,3,1,4.650955703510211,0,0,0,0,0,0,0,3,0,0,0.1222222222222222,0,5,0,0.0,1,http://freerobuxdimashh.000webhostapp.com/sc-%20fb%20&%20google%20(pulberaja)/facebook.php,1,0,0
97,21,69,2,0,2,0,4.126962093642405,0,0,0,0,0,0,0,2,0,0,0.0206185567010309,0,1,0,0.0,1,http://ascensoresnaranjo.com/scripts/chasebank/account/verification/center/chase.com/home/2e2mdc=,1,0,0
48,17,23,1,2,2,0,4.105926699477595,1,0,0,0,0,0,0,0,0,0,0.0208333333333333,0,0,0,0.0,0,https://at0micwallets.com/Atomic-app-release.apk,1,0,0
47,38,1,5,0,5,4,4.477372032888474,1,0,0,0,0,0,0,0,0,1,0.1063829787234042,0,0,0,0.0,0,https://ltauappkcx015.z16.web.core.windows.net/,0,0,0
23,16,0,1,0,3,2,3.849223912390625,0,0,0,0,0,0,0,0,0,0,0.0434782608695652,0,0,1,0.6291103937791632,0,http://www.z1.xcquy.com,0,0,0
17,8,1,0,0,1,0,3.572469458770136,1,0,0,0,0,0,0,0,0,0,0.0,0,0,1,0.7298442253779762,0,https://yelp.com/,0,0,0
25,11,6,0,0,2,1,3.643074189428569,1,0,0,0,0,0,0,0,0,0,0.0,0,0,1,0.9430565471429934,0,https://www.zoom.us/about,0,0,0
75,24,43,7,1,2,0,4.441630690265111,1,0,0,0,0,0,0,0,0,0,0.0933333333333333,0,0,1,0.5924019039604951,0,https://anarchitecturestudio.com/wp-content/uploads/2017/11/lab/index2.html,0,0,0
23,16,0,0,0,2,1,3.621175542919472,0,0,0,0,0,1,0,0,0,0,0.0,0,0,1,0.6397974062017115,0,http://www.feticost.com,0,0,0
109,23,63,24,1,2,0,4.770729193274928,0,0,0,0,0,0,0,0,0,0,0.2201834862385321,1,3,0,0.0,0,http://diretoriodeartistas.com/ven-c404/_/dir/2f6434f854fdcd06d45442a8b1e9e3eb/execution.html?validation=e1s1,1,0,0
25,17,0,0,0,3,2,3.319079570624175,1,0,0,0,0,0,0,0,0,0,0.0,0,0,0,0.0,0,https://www.depts.ttu.edu,1,0,0
33,24,1,0,1,2,1,4.150158513166729,1,0,0,0,0,1,0,0,0,0,0.0,0,0,1,0.63506089990535,0,https://www.netfllx-discount.com/,0,0,0
25,18,0,0,0,3,2,3.813660689688184,0,0,0,0,0,0,0,0,0,0,0.0,0,0,1,0.7919801175364567,0,http://www.uszyce.webd.pl,0,0,0
21,14,0,0,0,3,2,3.5585186130489057,0,0,0,0,0,0,0,0,0,0,0.0,0,0,1,0.6029160704517782,0,http://www.ad.icab.pk,0,0,0
30,23,0,0,1,3,2,3.8477426785812736,0,0,0,0,0,0,0,0,0,0,0.0,0,0,1,0.6016439394748924,0,http://www.btx-hz.beeppool.org,0,0,0
29,12,10,9,0,4,2,4.047299098426644,0,0,0,1,0,0,0,0,0,0,0.3103448275862069,0,0,0,0.0,0,http://23.95.248.41/fent.mips,1,0,0
31,24,0,0,0,2,1,3.9134007456613777,0,0,0,0,0,0,0,0,0,0,0.0,0,0,1,0.7550949507922524,0,http://www.piedpiperdesigns.com,0,0,0
31,24,0,0,0,2,1,4.0022680844408445,0,0,0,0,0,0,0,0,0,0,0.0,0,0,1,0.8403345809600363,0,http://www.flirtatiousgirls.com,0,0,0
16,9,0,0,0,2,1,3.327819531114783,0,0,0,0,0,0,0,0,0,0,0.0,0,0,0,0.0,0,http://www.go.ru,0,0,0
28,21,0,2,0,2,1,4.066108939837481,0,0,0,0,0,0,0,0,0,0,0.0714285714285714,0,0,1,0.6601343033809682,0,http://www.number12horse.com,0,0,0
23,15,0,0,0,2,1,3.795088586397733,1,0,0,0,0,0,0,0,0,0,0.0,0,0,0,0.0,0,https://www.spoudazo.gr,1,0,0
21,14,0,0,0,2,1,3.689703732199547,0,0,0,0,0,0,0,0,0,0,0.0,0,0,0,0.0,0,http://www.yserch.com,0,0,0
49,11,31,8,0,3,2,4.441568140944513,0,0,0,1,0,0,0,0,0,0,0.1632653061224489,0,1,0,0.0,0,http://5.42.199.41/bancolombia/mua/mainpage_files,1,0,0
32,23,1,5,1,2,1,4.265319531114783,1,0,0,0,0,0,0,0,0,0,0.15625,0,0,0,0.0,0,https://onedrive7-59e65.web.app/,0,0,0
32,23,1,0,0,2,1,3.929229296672175,1,0,0,0,0,0,0,0,0,0,0.0,0,0,1,0.669027244237498,0,https://tamtilo.firebaseapp.com/,0,0,0
133,84,42,0,3,7,5,4.321653428386351,0,0,0,0,0,0,0,1,0,1,0.0,0,1,0,0.0,0,http://etransfer.interac.ca-online-confirmation-instant.deposits.daisychainconsulting.co.uk/public_html/sites/finance/hsbc/indexx.php,1,0,0
28,21,0,0,0,3,2,3.94075983254009,0,0,0,0,0,0,0,0,0,0,0.0,0,0,1,0.9879715234741416,0,http://www.is.blocktrail.com,0,0,0
28,19,1,0,0,2,1,3.967720100474499,1,0,0,0,0,0,0,0,0,0,0.0,0,0,1,0.8267294458075768,0,https://upadeonlive.web.app/,0,0,0
80,7,65,5,0,2,0,4.735152402865298,1,0,0,0,0,0,0,0,0,0,0.0625,0,0,0,0.0,0,https://ipfs.io/ipfs/qmrenjzldojvkjceyumtaaxm6udnlc1bdnj7f4rjlm4lqv/connect.html,0,0,0
50,16,27,14,0,3,1,4.511272380112911,0,0,0,0,0,0,0,1,0,0,0.28,0,1,0,0.0,1,http://f0463781.xsph.ru/n5478852/netflix/tnk_v.php,1,0,0
64,14,43,0,0,3,0,4.046973149067329,0,0,0,0,0,0,0,1,0,0,0.0,0,0,0,0.0,0,http://djfreshtech.in/alibaba/ali/login.php/alibaba/login/ca.txt,1,0,0
83,74,1,10,0,3,2,4.767531262641359,1,0,0,0,0,0,0,0,0,0,0.1204819277108433,0,0,1,0.776457953495084,0,https://bafybeiee4i3fihjndrotfxxqgxx43bvgvnnuujednrwn7756dykvsh37iy.ipfs.dweb.link/,0,0,0
28,21,0,0,1,2,1,4.182005814760214,0,0,0,0,0,0,0,0,0,0,0.0,0,0,0,0.0,0,http://www.vltava-design.com,0,0,0
24,17,0,0,0,2,1,3.772055208874201,0,0,0,0,0,0,0,0,0,0,0.0,0,0,1,0.9094174537567976,0,http://www.hotelfocus.nl,0,0,0
69,23,39,0,1,2,0,4.443770522856166,0,0,0,0,0,0,0,0,0,0,0.0,0,0,0,0.0,0,http://gastrobesitybolivia.com/wp-includes/assets/mygov/prohqcker.php,1,0,0
76,20,49,7,1,2,0,4.466347376387565,0,0,0,0,0,0,0,2,1,0,0.0921052631578947,0,0,0,0.0,0,http://allsuportlivenow.xyz/confirmacion/contact/account-id0252252/clave.php,1,1,10
24,17,0,0,0,2,1,3.803508854797679,0,0,0,0,0,1,0,0,0,0,0.0,0,0,1,0.6733813141607015,0,http://www.unitebest.com,0,0,0
37,16,13,7,0,2,1,4.098117812148849,1,0,0,0,0,0,0,0,0,0,0.1891891891891892,0,0,0,0.0,0,https://urlhaus.abuse.ch/url/3742176/,1,0,0
63,16,40,18,0,1,0,4.581274575847944,0,0,0,0,0,0,0,0,0,0,0.2857142857142857,0,0,0,0.0,0,http://dankmedicine.com/sdaddy/8eb81faac8f96543a23c12277cf06ffe,1,0,0
26,18,0,0,0,2,1,3.902174814211727,1,0,0,0,0,0,0,0,0,0,0.0,0,0,0,0.0,0,https://www.yawnstudio.com,1,0,0
27,18,1,0,0,2,1,4.032303242743954,1,0,0,0,0,0,0,0,0,0,0.0,0,0,1,0.6630548831160319,0,https://poiyutr.weebly.com/,0,0,0
28,19,1,1,0,2,1,4.182005814760214,1,0,0,0,0,0,0,0,0,0,0.0357142857142857,0,0,0,0.0,0,https://orangessl1.zzux.com/,0,0,0
50,14,29,4,0,1,0,4.359079570624174,0,0,0,0,0,0,0,0,0,0,0.08,0,2,0,0.0,0,http://acilebanon.com/nizhbxa7at04nze0nczktvbmsa==,1,0,0
107,26,74,24,2,2,0,4.683336991217109,0,0,0,0,0,0,0,0,0,0,0.2242990654205607,0,2,0,0.0,0,http://clt-ameli-assurance.center/auth_connection/27c22ecf01b9a4f02677790b52123435/portails_clients/sms.php,1,0,0
28,21,0,0,0,2,1,3.940759832540089,0,0,0,0,0,0,0,0,0,0,0.0,0,0,1,0.6546804356375702,0,http://www.afiliadosilva.com,0,0,0
47,27,12,1,0,3,1,4.102698831304712,1,0,0,0,0,0,0,0,0,0,0.0212765957446808,0,0,0,0.0,0,https://walletsdeepsync.netlify.app/index2.html,0,0,0
107,20,80,15,1,3,1,4.731906244727879,0,0,0,0,0,1,0,2,0,0,0.1401869158878504,0,0,0,0.0,0,http://0efbd9f.wcomhost.com/de/banking-postbank/login/privatkunden/de/9b75d47abb3046113ed9/clients/pass.php,1,0,0
29,21,0,0,0,2,1,3.853863219997788,1,0,0,0,0,0,0,0,0,0,0.0,0,0,0,0.0,0,https://www.codeforboston.org,1,0,0
21,13,0,0,0,2,1,3.5585186130489057,1,0,0,0,0,0,0,0,0,0,0.0,0,0,0,0.0,0,https://www.himmel.at,1,0,0
22,14,1,6,0,2,1,3.754441845713345,0,0,0,0,0,0,0,0,0,0,0.2727272727272727,0,0,1,0.5306106189036759,0,http://cg61288.tw1.ru/,0,0,0
64,16,41,5,0,2,0,4.521822516654254,0,0,0,0,0,0,0,0,0,0,0.078125,0,2,0,0.0,0,http://algoabaydata.com/newdocument/onedrive%203%20apps/offc.php,1,0,0
35,22,6,0,0,2,1,4.09314980247381,0,0,0,0,0,0,0,0,0,0,0.0,0,0,0,0.0,0,http://www.simbhaolisugars.in/pulse,1,0,0
18,11,0,0,0,2,1,3.5724312513221195,0,0,0,0,0,0,0,0,0,0,0.0,0,0,0,0.0,0,http://www.user.lc,0,0,0
41,24,10,0,0,2,1,3.957940346441154,0,0,0,0,0,0,0,0,0,0,0.0,0,0,0,0.0,0,http://www.certificationshq.net/net/flix/,0,0,0
43,35,0,7,2,2,1,4.408254580031927,1,0,0,0,0,0,0,0,0,0,0.1627906976744186,0,0,1,0.6376484379988039,0,https://docs-9980912-preferences.weebly.com,0,0,0
129,15,55,26,2,2,1,5.1018477528120725,0,0,0,0,0,0,0,1,0,0,0.2015503875968992,1,4,0,0.0,0,http://auto-ease.co.uk/yahoo/ajax/cmd-login=ca34bf1005b905c9f32588e9cf821582/?reff=ytewyjhmndlloguwzdg2ngflmza1ngzjmzfimwq4nwe%3d,1,0,0
36,28,1,3,2,2,1,4.218128820706466,0,0,0,0,0,0,0,0,0,0,0.0833333333333333,0,0,0,0.0,0,http://huntington-com-c2e87.web.app/,0,0,0
32,24,0,0,1,2,1,4.140319531114783,1,0,0,0,0,0,0,0,0,0,0.0,0,0,0,0.0,0,https://www.pineisland-eagle.com,1,0,0
30,23,0,0,2,2,1,3.631401845392172,0,0,0,0,0,0,0,0,0,0,0.0,0,0,0,0.0,0,http://www.retro-e-scooter.com,0,0,0
24,17,0,0,1,2,1,3.855388542207534,0,0,0,0,0,0,0,0,0,0,0.0,0,0,0,0.0,0,http://www.simple-it.org,0,0,0
25,13,5,11,0,3,2,3.833269689515108,0,0,0,1,0,0,0,0,0,0,0.44,0,0,0,0.0,0,http://130.12.180.48/arm7,1,0,0
28,21,0,0,0,2,1,3.878783493486176,0,0,0,0,0,0,0,0,0,0,0.0,0,0,1,0.5767707020761985,0,http://www.winnicapolska.com,0,0,0
45,30,8,16,1,2,0,4.427979696753514,0,0,0,0,0,0,0,0,1,0,0.3555555555555555,0,0,0,0.0,0,http://checkpoint-1000027488593525.tk/lgn.htm,1,0,0
51,43,1,0,2,4,3,4.259893969083109,0,0,0,0,0,0,0,0,1,0,0.0,0,0,1,0.6325895565960277,0,http://www.amazceom-co-jp.amaczeon.kaifangjilu.top/,0,0,0
43,34,1,4,2,2,1,4.047562138070835,1,0,0,0,0,0,0,0,0,0,0.0930232558139534,0,0,1,0.80568406523881,0,https://union3poroc3--uniom4liocn3.repl.co/,0,0,0
36,28,0,0,0,2,1,3.916607904809985,1,0,0,0,0,0,0,0,0,0,0.0,0,0,0,0.0,0,https://www.tunesieninformationen.de,1,0,0
39,31,1,0,0,3,2,4.057855988582063,0,0,0,0,0,0,0,0,1,0,0.0,0,0,1,0.7761554560556279,0,http://refundinst.online.dream.website/,0,0,0
54,34,12,5,2,3,1,4.284811983918023,1,0,0,0,0,0,0,0,0,0,0.0925925925925925,0,0,1,0.7434775214706437,0,https://policy-violation-75895.netlify.app/mappeal.htm,0,0,0
83,74,1,10,0,3,2,4.873011834956582,1,0,0,0,0,0,0,0,0,0,0.1204819277108433,0,0,0,0.0,0,https://bafybeierrcmawuauk5efrah4q7hxkoo6xrzxgkuyxo22zp72hms4wleqn4.ipfs.dweb.link/,0,0,0
190,27,1,19,1,3,2,4.58016136666685,0,0,0,0,0,0,0,2,1,0,0.1,0,1,0,0.0,0,http://appleid.apple.com-signin.ws/?c2nyaxb0c3nqmxnjcmlwdhnzajfzy3jpchrzc2oxc2nyaxb0c3nqmxnjcmlwdhnzajfzy3jpchrzc2oxb0c3nqmxnjcmlwdhnzajfzy3jpchrzc2oxc2nyaxb0c3nqmxnjcmlwdhnzajfzy3jpchrzc2ox,1,0,0
47,38,1,3,0,5,4,4.360142777477263,1,0,0,0,0,0,0,0,0,1,0.0638297872340425,0,0,1,0.715276391592453,0,https://ydupoesxcblc07.z5.web.core.windows.net/,0,0,0
113,15,76,11,1,2,1,5.014011206412732,1,0,0,0,0,0,0,1,0,0,0.0973451327433628,1,5,0,0.0,0,https://docs.google.com/forms/d/e/1faipqlsc-nv7qlz6jg_y9ze5k9ds_kzo8hyelurb5j5veve1q4jkiwq/viewform?usp=send_form,0,0,0
60,16,37,6,1,3,1,4.500163462376718,0,0,0,0,0,0,0,0,0,0,0.1,0,3,0,0.0,0,http://escolayes.com.br/umde/absa%20online%20-%20profile.htm,1,0,0
63,33,23,30,0,2,0,3.872467322627625,0,0,0,0,0,0,0,2,1,0,0.4761904761904761,0,2,0,0.0,1,http://100000000000000000000596285208.tk/login_to_facebook.html,1,0,0
39,30,1,6,2,2,1,4.214262795507958,1,0,0,0,0,0,0,0,1,0,0.1538461538461538,0,0,0,0.0,0,https://my-business-103077.square.site/,0,0,0
40,31,1,2,0,5,4,4.137326145256008,1,0,0,0,0,0,0,0,0,1,0.05,0,0,1,0.5290811621347982,0,https://servfn.z13.web.core.windows.net/,0,0,0
38,29,1,6,1,2,1,4.303866908682343,1,0,0,0,0,0,0,0,0,0,0.1578947368421052,0,0,1,0.8728694266082936,0,https://service-101706.weeblysite.com/,0,0,0
18,10,0,0,0,1,0,3.614369445886756,1,0,0,0,0,0,0,1,0,0,0.0,0,0,0,0.0,0,https://amazon.com,0,0,0
37,16,13,7,0,2,1,3.990009704040741,1,0,0,0,0,0,0,0,0,0,0.1891891891891892,0,0,0,0.0,0,https://urlhaus.abuse.ch/url/3743070/,1,0,0
20,13,0,0,0,2,1,3.6464393446710153,0,0,0,0,0,1,0,0,0,0,0.0,0,0,0,0.0,0,http://www.vdert.com,0,0,0
23,16,0,0,0,2,1,3.849223912390625,0,0,0,0,0,0,0,0,0,0,0.0,0,0,0,0.0,0,http://www.cfcdist.loan,0,0,0
27,11,8,1,0,1,0,3.43971065015136,1,0,0,0,0,0,0,0,0,0,0.037037037037037,0,0,0,0.0,0,https://rgt2pro.net/renner/,0,0,0
20,13,0,2,0,2,1,3.6841837197791887,0,0,0,0,0,0,0,0,0,0,0.1,0,0,1,0.6783788657460487,0,http://www.jju21.com,0,0,0
93,11,41,13,0,1,0,4.7196279303871576,0,0,0,0,0,0,0,1,0,0,0.1397849462365591,2,6,0,0.0,0,http://garhold.net/bfaadb09eb2d1eb21b7b5f1eac3ea902/signin/?country=united+states&local=en_us,1,0,0
24,17,0,0,0,2,1,3.834962500721156,0,0,0,0,0,0,0,0,1,0,0.0,0,0,0,0.0,0,http://www.waerdxoeum.ml,0,0,0
30,23,0,0,0,4,3,3.9898980954642873,0,0,0,0,0,0,0,0,0,0,0.0,0,0,0,0.0,0,http://www.olcme.yildiz.edu.tr,0,0,0
27,18,1,2,0,2,1,3.9302703722934544,1,0,0,0,0,0,0,0,0,0,0.074074074074074,0,0,1,0.5947447193277656,0,https://w7cks2.webwave.dev/,0,0,0
26,19,0,3,0,2,1,4.085055102756476,0,0,0,0,0,0,0,0,0,0,0.1153846153846153,0,0,1,0.5545119666257128,0,http://www.arabnews365.com,0,0,0
60,30,23,27,0,2,0,4.512744920746109,0,0,0,0,0,0,0,2,1,0,0.45,0,2,0,0.0,1,http://100000000099852346579798541.tk/login_to_facebook.html,1,0,0
35,22,6,0,0,2,1,4.01158543183743,0,0,0,0,0,0,0,0,0,0,0.0,0,0,0,0.0,0,http://cmrvtnabsvru.sytes.net/giris,1,0,0
63,33,23,27,1,2,0,4.566266383982756,0,0,0,0,0,0,0,2,1,0,0.4285714285714285,0,2,0,0.0,1,http://100000000087146589746541341-gq.tk/login_to_facebook.html,1,0,0
80,33,10,0,3,5,1,4.324904664509871,1,0,1,0,0,0,0,0,0,0,0.0,0,1,0,0.0,0,https://noble-malachite-country.glitch.me/hytn.html#hosting-security@ionos.co.uk,0,0,0
30,16,6,0,0,2,1,3.631401845392172,1,0,0,0,0,0,0,0,0,0,0.0,0,0,1,0.6256712616827267,0,https://www.whatsapp.com/about,0,0,0
47,24,15,1,1,3,1,4.198235533340308,1,0,0,0,0,0,0,1,0,0,0.0212765957446808,0,0,1,0.9580751463657352,0,https://securebusiness.github.io/bt-1/load.html,0,0,0
248,14,69,105,0,2,0,4.648124488090994,0,0,0,0,0,0,0,1,0,0,0.4233870967741935,3,7,0,0.0,0,http://ahinsashoes.cz/css/enntry/bofa/bofa/bofa/d41d8cd98f00b204e9800998ecf8427e/login.php?cmd=login_submit&id=1bc1b788db85b124665280d8b7e879ef1bc1b788db85b124665280d8b7e879ef&session=1bc1b788db85b124665280d8b7e879ef1bc1b788db85b124665280d8b7e879ef,1,0,0
146,66,16,21,12,2,1,4.936558245907827,1,0,0,0,0,0,0,0,0,0,0.1438356164383561,4,20,1,0.7089909962716141,0,https://c359dc28--c8a1--4e80--a2e3--bb0265be0e73-id-repl-co.translate.goog/am/2mqgizg/3ujd?_x_tr_sl=auto&_x_tr_tl=en&_x_tr_hl=en-us&_x_tr_pto=wapp,0,0,0
34,18,8,0,0,3,1,3.763358429231108,1,0,0,0,0,0,0,0,0,0,0.0,0,0,1,0.5281371015225775,0,https://www.cosmoswater.in/otp.php,0,0,0
245,11,69,126,1,2,0,4.792769918225964,0,0,0,0,0,0,0,1,0,0,0.5142857142857142,3,7,0,0.0,0,http://dubtoon.com/wp-includes/js/jcrop/bofa/f8fd4647cf7238022317d5e7e3b60b93/login.php?cmd=login_submit&id=5965452941987c7557ea8ea98100027d5965452941987c7557ea8ea98100027d&session=5965452941987c7557ea8ea98100027d5965452941987c7557ea8ea98100027d,1,0,0
48,41,0,1,4,4,3,4.266541406655652,0,0,0,0,0,0,0,0,0,0,0.0208333333333333,0,0,1,0.983662491069541,0,http://www.andu-eu.oss-eu-central-1.aliyuncs.com,0,0,0
36,27,1,6,1,2,1,4.363826390090815,1,0,0,0,0,0,0,0,0,0,0.1666666666666666,0,0,1,0.9691820262923938,0,https://yahoo-109157.weeblysite.com/,0,0,0
357,17,46,100,3,6,0,5.270491917240287,0,0,0,0,0,0,0,1,0,0,0.2801120448179272,2,13,0,0.0,0,http://garden-chapel.org/c/38f8c48fd08a8b2a4d3d5a0fb9d63efb/verify.php?country_x=-&acct_x=id-ppl=pa32491.103.66.207=scrpg=21e754192fceda3d1c356deddefbbb1b91c77150e5b84d66f3c67a4a7960a1c3s=$1$nbza3.4z$rpvrevdgboqhne6dgmiid/dpsi1feukaemgniqbwyjtucoqhzgaxs5bl92ty8o47rhw3mxd6lrjk0fvpcznvohbcvvg42uyq91xr7jo6stwaesfilpu0wimqldntxjramf3kzc5bn8eyzhdgpk63562066669,1,0,0
72,14,10,9,0,3,1,4.641604167868595,0,0,0,0,0,0,0,1,0,0,0.125,3,8,0,0.0,0,http://advocats.co.uk/login.php?country=3d&iso=3d&online_id=3dc25a345d8=,1,0,0
49,40,1,0,3,2,1,4.24156264992859,1,0,0,0,0,0,0,0,0,0,0.0,0,0,1,0.7017763443791634,0,https://defit-caisse-nouvelle-an.firebaseapp.com/,0,0,0
26,18,0,0,0,3,2,3.950063756436209,1,0,0,0,0,0,0,0,0,0,0.0,0,0,0,0.0,0,https://www.folhape.com.br,1,0,0
34,25,1,6,1,2,1,4.373796296941798,1,0,0,0,0,0,0,0,0,0,0.1764705882352941,0,0,0,0.0,0,https://aol-106971.weeblysite.com/,0,0,0
47,21,18,0,0,5,2,4.025897970146481,1,0,0,0,0,0,0,0,0,0,0.0,0,0,0,0.0,0,https://newweb.wellpark.ac.nz/tmcb.nrn/pnci.php,0,0,0
33,13,13,0,0,3,1,3.775475847209144,0,0,0,0,0,0,0,0,0,0,0.0,0,0,1,0.786206105449063,0,http://codotvu.co.vu/vlation.html,0,0,0
27,20,0,0,1,3,2,3.7262046313924566,0,0,0,0,0,0,0,0,1,0,0.0,0,0,1,0.6594494922522012,0,http://www.mmd.server-mr.tk,0,0,0
76,26,12,10,3,3,1,4.735955600014842,0,0,0,0,0,0,0,0,0,0,0.131578947368421,1,3,0,0.0,0,http://ef7f-4e33-9910.duckdns.org/idverif.php?section_id=13-howtocontactmeta,1,0,0
37,28,1,1,2,2,1,4.249729716863358,1,0,0,0,0,0,0,0,0,0,0.027027027027027,0,0,0,0.0,0,https://online-8-pdf.firebaseapp.com/,0,0,0
19,11,0,0,0,2,1,3.5766176449086653,1,0,0,0,0,0,0,0,0,0,0.0,0,0,0,0.0,0,https://www.usa.gov,0,0,0
52,13,1,4,0,1,0,4.767183467891461,0,0,0,0,0,0,0,0,0,0,0.0769230769230769,1,2,0,0.0,0,http://awoniyoshi.jp/?d=b2zmawnlqgf1zglvdhvuaw5nlmf0,1,0,0
356,24,9,68,15,3,2,5.1666572629390926,0,0,0,0,0,0,0,1,0,0,0.1910112359550561,1,3,0,0.0,0,http://click.promote.weebly.com/wf/click?upn=w3jyitd-2bmvau32p2xomqvfi-2f1-2bcgipb8v7x-2bugst1ntj8ngvvqueyb1fw1rbb2qx_apix-2b-2bpcf217kxwdg5ogdirqdo5if67ruebr0o7phv58n4e5h6t2dcoux6q6tzhe92if3dflytcatwg-2fhs0voi-2b-2b3tspl9yiklnxblivmlp6uptlr4o3hlrqqmqttdprmgesrovrzj6fvv8wh4eadaqs2dg-2bsias243x9xe-2fnrdp9d-2fqlywvenumnhgg7gjy-2fcgy2ctef8hja6a1og6oyw-3d-3d,1,0,0
26,18,0,0,0,3,2,3.873140679513132,1,0,0,0,0,0,0,0,0,0,0.0,0,0,0,0.0,0,https://www.rekihaku.ac.jp,1,0,0
63,13,43,0,0,3,1,3.9978636631151914,0,0,0,0,0,0,0,0,0,0,0.0,0,0,0,0.0,0,http://cromal.com.br/mention/sharepoint/verificationattempt.php,1,0,0
22,14,0,0,0,3,2,3.7544418457133446,1,0,0,0,0,0,0,0,0,0,0.0,0,0,0,0.0,0,https://www.obv.org.uk,1,0,0
26,18,0,0,0,2,1,3.8731406795131327,1,0,0,0,0,0,0,0,0,0,0.0,0,0,0,0.0,0,https://www.jlmcouture.com,1,0,0
35,26,1,2,0,2,1,4.229003731107053,1,0,0,0,0,0,0,0,0,0,0.0571428571428571,0,0,0,0.0,0,https://hric22wlfz.firebaseapp.com/,0,0,0
23,16,0,3,1,2,1,3.882045108136863,0,0,0,0,0,0,0,0,0,0,0.1304347826086956,0,0,1,0.7778447216455946,0,http://www.mspv5-02.com,0,0,0
24,17,0,0,0,3,2,3.855388542207534,0,0,0,0,0,0,0,0,0,0,0.0,0,0,1,0.9898479288044636,0,http://www.srl.vghyo.com,0,0,0
31,23,0,0,0,2,1,4.026619294188054,1,0,0,0,0,0,0,0,0,0,0.0,0,0,0,0.0,0,https://www.anewumedicalspa.com,1,0,0
37,16,13,7,0,2,1,4.044063758094795,1,0,0,0,0,0,0,0,0,0,0.1891891891891892,0,0,0,0.0,0,https://urlhaus.abuse.ch/url/3734845/,1,0,0
105,20,78,8,3,1,0,4.73663846536379,0,0,0,0,0,0,0,0,0,0,0.0761904761904762,0,0,0,0.0,0,http://consultafact-web.com/mua/user/scis/xr5inj4hrd6hkj6nqjz6qpkdl5cbeqmnmdctxrtrcpp9j/3d/no-back-button,1,0,0
61,33,21,0,1,3,2,4.3443741249316,0,0,0,0,0,0,0,1,0,0,0.0,0,0,0,0.0,0,http://appleid.apple.com-system.services/iloystgnjfrgthteawvo,1,0,0
46,37,1,19,0,2,1,4.414441303694972,1,0,0,0,0,0,0,0,0,0,0.4130434782608695,0,0,1,0.6148937501400864,0,https://helpadcase1002405739503874569.web.app/,0,0,0
47,29,11,0,2,2,1,4.256300553621172,0,0,0,0,0,0,0,0,0,0,0.0,0,1,0,0.0,0,http://dhl.schedule-new-delivery.com/dh/info_en,1,0,0
59,14,22,11,0,4,2,4.530971761872782,0,0,0,1,0,0,0,0,0,0,0.1864406779661017,0,6,0,0.0,0,http://91.240.202.251/finance/atb/index.php?name=&sin=&dob=,1,0,0
25,18,0,0,0,2,1,3.863465189601646,0,0,0,0,0,0,0,0,0,0,0.0,0,0,1,0.9580664538018436,0,http://www.dellrescue.com,0,0,0
29,21,1,3,0,2,1,3.7588670992335302,0,0,0,0,0,0,0,0,0,0,0.1034482758620689,0,0,0,0.0,0,http://b1host.byethost32.com/,0,0,0
74,14,53,1,1,2,0,4.231998246982389,0,0,0,0,0,0,0,0,1,0,0.0135135135135135,0,0,0,0.0,0,http://aug-ddycee8.ga/durfen/erstellen/zurfen/icher/diese/jetzt/confir.php,1,0,0
141,17,49,27,0,5,0,5.052152598461297,0,0,0,0,0,0,0,0,0,0,0.1914893617021276,1,8,0,0.0,0,http://castilloibanez.cl/contents/sharepoint/ae6gakeukb9qyviqc6gqhrqz.php?rand=13inboxlightaspxn.1774256418&fid&1252899642&fid.1&fav.1&email=,1,0,0
29,21,0,0,0,3,2,3.8143719431796272,1,0,0,0,0,0,0,0,0,0,0.0,0,0,0,0.0,0,https://www.gasd.uscourts.gov,1,0,0
38,30,0,0,2,2,1,4.188331131693837,1,0,0,0,0,0,0,0,0,0,0.0,0,0,1,0.992370284119486,0,https://www.local-business-example.com,0,0,0
33,24,1,0,0,3,2,4.150158513166728,1,0,0,0,0,0,0,0,0,0,0.0,0,0,1,0.7419801565936179,0,https://bancofie.raulbdd.repl.co/,0,0,0
35,26,1,6,1,2,1,4.321721231045239,1,0,0,0,0,0,0,0,0,0,0.1714285714285714,0,0,0,0.0,0,https://mail-101844.weeblysite.com/,0,0,0
40,20,1,2,0,2,1,4.496439344671016,0,0,0,0,0,0,0,0,0,0,0.05,1,2,0,0.0,0,http://f1duprevisora.com.co/?rid=vveg5lx,1,0,0
31,24,0,0,0,2,1,4.284683810317086,0,0,0,0,0,0,0,0,0,0,0.0,0,0,1,0.9540467235499932,0,http://www.ggspyfmreouxnhqi.com,0,0,0
23,16,0,0,0,2,1,3.762267390651495,0,0,0,0,0,0,0,0,0,0,0.0,0,0,1,0.5676442192877584,0,http://www.brinks.store,0,0,0
32,25,0,0,0,3,2,4.179229296672174,0,0,0,0,0,0,0,0,0,0,0.0,0,0,1,0.535132705834348,0,http://www.oralsinbrusque.com.br,0,0,0
66,14,45,2,0,4,0,4.366088725865904,0,0,0,0,0,0,0,0,0,0,0.0303030303030303,0,0,0,0.0,0,http://fid0mobac7.com/directing/www.atbonline.com/atb/question.php,1,0,0
44,35,1,0,3,2,1,4.191830766118721,1,0,0,0,0,0,0,0,0,0,0.0,0,0,0,0.0,0,https://www-info-saison-card.huizhaiyao.com/,0,0,0
29,22,0,0,1,3,2,3.952302977662386,0,0,0,0,0,0,0,0,0,0,0.0,0,0,1,0.9153301423551996,0,http://www.kufa.rievent-vt.de,0,0,0
29,15,7,12,0,4,2,3.883337460421007,0,0,0,1,0,0,0,0,0,0,0.4137931034482758,0,0,0,0.0,0,http://166.143.253.132/AV.scr,1,0,0
48,13,28,1,0,2,0,4.0957136787344055,0,0,0,0,0,0,0,0,0,0,0.0208333333333333,0,0,0,0.0,1,http://dabbabapp.com/trinid/linkedin/index2.html,1,0,0
174,14,13,40,0,13,2,4.806223984742471,0,0,0,1,0,0,0,3,0,0,0.2298850574712643,4,12,0,0.0,1,http://129.226.211.22/servicelogin?passive=1209600&continue=https://accounts.google.com/?&xrealip=35.203.245.156&followup=https://accounts.google.com/?&xrealip=35.203.245.156,1,0,0
60,22,31,1,1,1,0,4.329085753935211,0,0,0,0,0,0,0,0,0,0,0.0166666666666666,0,0,0,0.0,0,http://g2capitalsolutions.com/wp-includes/text/diff/renderer,1,0,0
27,19,0,0,1,2,1,3.91211389097223,1,0,0,0,0,0,0,0,0,0,0.0,0,0,0,0.0,0,https://www.zagora-draa.com,1,0,0
79,32,40,4,0,3,2,4.625991666607681,0,0,0,0,0,0,0,0,0,0,0.050632911392405,0,0,0,0.0,0,http://delivery.attempt.intexlinkbd.net/public/zn67caxmeuikcdydgg8glxwgz2jvmwyy,1,0,0
72,11,54,0,1,4,0,4.122120357050311,0,0,0,0,0,0,0,1,0,0,0.0,0,0,0,0.0,0,http://focohub.com/info/www.bmo.com/cgi-bin/netbnx/bmomobilebanking.html,1,0,0
62,32,23,29,0,2,0,4.472769351806805,0,0,0,0,0,0,0,2,1,0,0.4677419354838709,0,2,0,0.0,1,http://30000000000254789568932456773.tk/login_to_facebook.html,1,0,0
27,20,0,0,0,2,1,4.134336113194452,0,0,0,0,0,0,0,0,1,0,0.0,0,0,1,0.8215286989781081,0,http://www.overikucoful.biz,0,0,0
45,38,0,11,0,6,5,4.324534762707878,0,0,0,0,0,0,0,0,0,1,0.2444444444444444,0,0,1,0.5677740125666575,0,http://www.ovz1.j19544519.pr46m.vps.myjino.ru,0,0,0
36,19,10,0,0,2,1,4.252715278979704,0,0,0,0,0,0,0,0,1,0,0.0,0,1,0,0.0,0,http://asdad.florpeter.xyz/main_mpsl,1,0,0
94,16,58,15,0,3,1,4.785504347360201,0,0,0,0,0,0,0,0,0,0,0.1595744680851064,0,2,0,0.0,0,http://cb35630.tmweb.ru/y5dvuw5nph1q/dsrgtfdsaecafrddr/5ecde315afb48f1/region.php?particulier=,1,0,0
24,17,0,0,0,2,1,3.720175521464345,0,0,0,0,0,0,0,0,0,0,0.0,0,0,1,0.8455235056858867,0,http://www.downtraff.com,0,0,0
74,10,57,3,2,1,0,4.3932837326747975,0,0,0,0,0,0,0,1,0,0,0.0405405405405405,0,1,0,0.0,0,http://gitfax.com/vendor/phpunit/phpunit/src/util/php/files/m&t-bank-rd333,1,0,0
20,13,0,0,0,2,1,3.246439344671016,0,0,0,0,0,0,0,0,1,0,0.0,0,0,1,0.5224001037226883,0,http://www.yakata.ga,0,0,0
25,16,1,0,0,2,1,3.593269689515108,1,0,0,0,0,1,0,0,0,0,0.0,0,0,0,0.0,0,https://www.snapchat.com/,0,0,0
36,29,0,0,0,2,1,3.9749375012019263,0,0,0,0,0,0,0,0,0,0,0.0,0,0,1,0.5584008142787539,0,http://www.retirementscholarship.com,0,0,0
70,20,43,7,1,4,0,4.405450295510701,0,0,0,0,0,0,0,1,0,0,0.1,0,0,0,0.0,0,http://c166-on2v4onac77.com/directing/www.atbonline.com/atb/login.html,1,0,0
61,27,27,11,1,3,1,4.662145895181669,0,1,0,0,0,0,0,0,0,0,0.180327868852459,0,2,0,0.0,0,http://documents.hq-office.us:8080/scan/scan_copy_1101256.lnk,1,0,0
89,10,72,14,1,2,1,4.422810571636457,0,0,0,0,0,0,0,0,0,0,0.1573033707865168,0,0,0,0.0,0,http://bue.com.tw/wp-includes/fonts/broff/bofa/bofa/bofa/fa462ffd67b9acc6f85dbd4afa7bf506,1,0,0
75,15,53,5,1,2,1,4.254033887118261,0,0,0,0,0,1,0,1,0,0,0.0666666666666666,0,0,0,0.0,0,http://edm.declout.com/admin/temp/v2/2018/fr-fr/fr/login/moncompte/paiement,1,0,0
36,28,1,0,0,2,1,3.909256168518585,0,0,0,0,0,0,0,0,0,0,0.0,0,0,0,0.0,0,http://cpcontacts.arshypermedia.net/,0,0,0
32,25,0,0,0,2,1,3.913909765557392,0,0,0,0,0,0,0,0,0,0,0.0,0,0,1,0.5007059706659802,0,http://www.nonurseleftbehind.net,0,0,0
47,38,1,10,2,2,1,4.53598666059408,1,0,0,0,0,0,0,1,0,0,0.2127659574468085,0,0,1,0.5219220442481631,0,https://account-restriction-1008652953.web.app/,0,0,0
44,15,22,12,0,4,2,4.405692346441835,0,0,0,1,0,0,0,1,0,0,0.2727272727272727,0,0,0,0.0,0,http://103.125.218.144/banks/cibc/index.html,1,0,0
23,16,0,0,0,2,1,3.708132064658602,0,0,0,0,0,0,0,0,0,0,0.0,0,0,0,0.0,0,http://www.tedxutsc.com,0,0,0
226,26,81,62,1,5,3,4.869992688508731,0,0,0,0,0,0,0,3,0,0,0.2743362831858407,3,9,0,0.0,0,http://conference.forest.ku.ac.th/authentication/bank%20of%20america/b61bd5c6246c52e89dbbe277fe5ed68f/security.php?cmd=_account-details&session=7352036d3820389049526e7a3d8cfbec&dispatch=b853dc9a5f28fec8db3a4e35e475fa1d0a3ccafb,1,0,0
27,18,1,3,0,2,1,3.958229168669879,1,0,0,0,0,0,0,0,0,0,0.1111111111111111,0,0,0,0.0,0,https://ojd440.webwave.dev/,0,0,0
30,16,6,0,0,2,1,3.8477426785812736,1,0,0,0,0,0,0,0,0,0,0.0,0,0,1,0.9191792179563854,0,https://www.coursera.org/about,0,0,0
72,14,51,0,0,4,0,4.206616023160489,0,0,0,0,0,0,0,1,0,0,0.0,0,3,0,0.0,0,http://djfreshtech.in/alibaba/ali/login.php/__macosx/alibaba/._login.php,1,0,0
135,16,112,8,1,6,0,4.717138434574684,0,0,0,0,0,0,0,3,0,0,0.0592592592592592,0,3,0,0.0,1,http://bafutcouncil.net/valid/onlinelogin/sign.in.attempt.=generalindex.phpsrc=zwppzxdpb2u5/paypal/customer_center/user-781714/bank.php,1,0,0
27,20,0,0,0,2,1,3.95822916866988,0,0,0,0,0,0,0,0,0,0,0.0,0,0,1,0.8075221063318456,0,http://www.proxysurfing.org,0,0,0
85,38,40,9,0,4,3,4.768625971637369,0,0,0,0,0,0,0,0,0,0,0.1058823529411764,0,0,0,0.0,0,http://delivery.attempt.failure.feedmybot.net/public/yjuu56owsc5he3z42lcecmbhi7q7kar9,1,0,0
56,19,30,9,0,3,1,4.385055984705023,0,0,0,0,0,0,0,1,0,0,0.1607142857142857,0,0,0,0.0,0,http://c1770209.ferozo.com/login/login/dcfc7/index2.html,1,0,0
30,23,0,0,0,3,2,3.981076011914608,0,0,0,0,0,0,0,0,0,0,0.0,0,0,1,0.7940003258903772,0,http://www.blog.busketball.com,0,0,0
42,33,1,7,2,2,1,4.250075316801687,1,0,0,0,0,0,0,0,0,0,0.1666666666666666,0,0,1,0.931913491305818,0,https://case7710452-appeal-review.web.app/,0,0,0
25,18,0,0,0,3,2,3.863465189601646,0,0,0,0,0,0,0,0,0,0,0.0,0,0,1,0.528093916746941,0,http://www.joiavip.com.br,0,0,0
27,13,6,0,0,2,1,3.708048150071232,1,0,0,0,0,0,0,0,0,0,0.0,0,0,1,0.837249527603493,0,https://www.yahoo.com/about,0,0,0
22,15,0,0,0,2,1,3.9705730958116834,0,0,0,0,0,0,0,0,1,0,0.0,0,0,1,0.6914766005826898,0,http://www.edilran.xyz,0,0,0
279,14,17,55,6,16,2,5.129491101252761,0,0,0,1,0,0,0,3,0,0,0.1971326164874552,5,19,0,0.0,1,http://43.153.207.103/interactivelogin?continue=https://accounts.google.com/?&xrealip=35.243.23.64&followup=https://accounts.google.com/?&xrealip=35.243.23.64&passive=1209600&xrealip=35.243.23.65&ifkv=askxgp1u8a-e18nwnx1-6iaol0jeccioztxn-hbxgfdmt6b-o_kf-sssppqtk_gvoxqg66aws-lz_g,1,0,0
25,18,0,0,0,2,1,3.893660689688186,0,0,0,0,0,0,0,0,0,0,0.0,0,0,1,0.6140262096755611,0,http://www.adiscusion.com,0,0,0
81,12,62,0,1,2,0,4.204962622000821,0,0,0,0,0,0,0,0,0,0,0.0,0,0,0,0.0,1,http://bd-times.com/vendor/symfony/console/event/acces/wellsfargo/wells/wells.htm,1,0,0
49,40,1,4,2,3,2,4.400751814413901,1,0,0,0,0,0,0,0,0,0,0.0816326530612244,0,0,1,0.5887321961225462,0,https://summer-truth-0c62.sharefile1.workers.dev/,0,0,0
30,23,0,0,1,2,1,4.01506101220307,0,0,0,0,0,0,0,1,0,0,0.0,0,0,0,0.0,0,http://www.achieve-freedom.com,0,0,0
20,13,0,0,0,2,1,3.6841837197791887,0,0,0,0,0,0,0,0,1,0,0.0,0,0,1,0.9013475832268564,0,http://www.jerode.ga,0,0,0
37,16,13,7,0,2,1,3.969607339117404,1,0,0,0,0,0,0,0,0,0,0.1891891891891892,0,0,0,0.0,0,https://urlhaus.abuse.ch/url/3711212/,1,0,0
19,11,0,0,0,2,1,3.40582225028569,1,0,0,0,0,0,0,0,0,0,0.0,0,0,0,0.0,0,https://www.wri.org,1,0,0
25,18,0,0,0,2,1,3.783465189601646,0,0,0,0,0,0,0,0,1,0,0.0,0,0,0,0.0,0,http://www.tvasahi.online,0,0,0
21,14,0,1,0,2,1,3.5585186130489057,0,0,0,0,0,0,0,0,0,0,0.0476190476190476,0,0,1,0.5295429721019,0,http://www.7south.com,0,0,0
23,15,0,0,0,2,1,3.795088586397733,1,0,0,0,0,0,0,0,0,0,0.0,0,0,0,0.0,0,https://www.chulado.com,1,0,0
26,19,0,0,0,2,1,3.796217602590056,0,0,0,0,0,0,0,0,0,0,0.0,0,0,1,0.7066391187806722,0,http://www.opccmission.org,0,0,0
237,13,17,44,2,10,2,5.192287095904453,0,0,0,1,0,0,0,3,0,0,0.1856540084388185,5,13,0,0.0,1,http://43.134.233.26/interactivelogin?continue=https://accounts.google.com/?&followup=https://accounts.google.com/?&passive=1209600&xrealip=35.187.132.36&ifkv=atujsjyd-k0ppknponig51b056d-dhsewsvs_3oe8uzmb7lr5ggvx0gzig20897fqyrgcqwtsya0na,1,0,0
92,31,1,36,0,3,2,4.860161755220072,0,0,0,0,0,0,0,0,0,0,0.391304347826087,1,2,0,0.0,0,http://484217101790090.cocopasa.com.mx/?522628149679463=ywxhbnjacm9iaw5zb25wywnrywdpbmcuy29t,1,0,0
49,25,17,0,2,2,1,4.319119161352677,0,0,0,0,0,0,0,1,0,0,0.0,0,1,0,0.0,1,http://arun-k-shrestha.github.io/netflix_homepage,1,0,0
68,16,45,0,0,4,0,4.324030444217472,0,0,0,0,0,0,0,0,0,0,0.0,0,0,0,0.0,0,http://billfidorefu.com/directing/www.atbonline.com/atb/question.php,1,0,0
359,21,9,60,16,2,1,5.160165817466739,0,0,0,0,0,0,0,1,0,0,0.1671309192200557,1,3,0,0.0,0,http://email.fashionpass.com/ls/click?upn=xfdecqyborie6kci8rh4c6u5hkncu5tr0eg5eq9xi3r0jdkpxxydyon7e43-2bojtxjryr_kitbt89ib-2f-2fuxz6d-2fdsh7zv71bqcgtpoizcrglbonrrrb-2bhfk-2brcu16m-2brcyvzlyzzlzlpfnlnp7yht-2bkp-2f-2fhhz0tqwpdbnkomr55k8hw17hrqer5i1f-2bqjoapguebufxmih5k-2fipklnrkbjiwfudvnvt1w7pniy64haii-2bk1qh6hupz-2bqixjjkaxc0lr4xzddmu5dlgqqdf0lmck85mhg-3d-3d,1,0,0
64,13,44,29,0,3,2,4.492536532577266,0,0,0,1,0,0,0,1,0,0,0.453125,0,0,0,0.0,0,http://159.65.50.162/banks/cibc/13c50d6374929f740fa6e568dbd2fcec,1,0,0
89,26,13,29,1,3,1,4.891095021112481,0,0,0,0,0,0,0,0,0,0,0.3258426966292135,1,2,0,0.0,0,http://content-ccxnkz97rm.unnf.pk/profile.html?countuser=d29104f7e4250125262995b115923a85,1,0,0
27,20,0,7,0,3,2,3.856196298219381,0,0,0,0,0,0,0,0,0,0,0.2592592592592592,0,0,1,0.5544325918111708,0,http://www.f0535358.xsph.ru,0,0,0
85,15,62,9,0,2,1,4.733865754668154,1,0,0,0,0,0,0,1,0,0,0.1058823529411764,0,1,1,0.5154567230062036,0,https://docs.google.com/forms/d/1casphevkfdaz2okqj70wdai3pdwwg1weh_rpk9v0z3a/viewform,0,0,0
185,48,10,50,2,5,3,5.0130029979062085,0,0,0,0,0,1,0,5,0,0,0.2702702702702703,3,7,0,0.0,1,http://paypal-support.com.desenvolvedortheosbank.com.br/login.php?cmd=_account-details&amp;dispatch=41bcb6130b4379a4b0e6877236a0d761fc53dbf4&amp;session=65253d993b6830423b3ad2829e96ac33,0,0,0
62,15,40,4,0,1,0,4.556951302595088,0,0,0,0,0,0,0,0,0,0,0.064516129032258,0,0,0,0.0,0,http://businessprof.cz/public/7ijcukghxdggnszketlliucnt46vj7oi,1,0,0
31,22,1,8,1,2,1,4.147114052043201,1,0,0,0,0,0,0,0,1,0,0.2580645161290322,0,0,1,0.5262192485124562,0,https://m71-107867.square.site/,0,0,0
24,15,1,0,0,2,1,3.7406015629507223,1,0,0,0,0,0,0,0,0,0,0.0,0,0,1,0.8515403070333322,0,https://www.youtube.com/,0,0,0
15,8,0,1,0,2,1,3.189898095464287,0,0,0,0,0,0,0,0,0,0,0.0666666666666666,0,0,1,0.9212963688950572,0,http://www.6.je,0,0,0
52,43,1,4,2,3,2,4.505459612613829,1,0,0,0,0,0,0,0,0,0,0.0769230769230769,0,0,0,0.0,0,https://billowing-term-2638.ktvbrvqtatr.workers.dev/,0,0,0
71,13,51,18,0,4,2,4.880184225315698,0,0,0,1,0,0,0,0,0,0,0.2535211267605634,0,0,0,0.0,0,http://130.12.180.28/z0l1mxjm4mdl4jjfjf7sb2vdmv/MMaaRRiiOisecTanee.m68k,1,0,0
92,15,70,32,2,4,2,4.6137374675781455,0,0,0,1,0,0,0,0,0,0,0.3478260869565217,0,0,0,0.0,0,http://206.189.148.114/online/ci/8c4b5d468e1e7951ee82c984f7fb9be3/ebm-mobile-app/index2.html,1,0,0
58,11,40,7,0,1,0,4.556088322639176,0,0,0,0,0,0,0,0,0,0,0.1206896551724138,0,0,0,0.0,0,http://content2.cl/public/qm6vjozg6vcbg4v6jdbjgu6jgrmfvl1k,1,0,0
29,5,16,0,0,1,0,3.909368063943885,1,0,0,0,0,1,0,0,0,0,0.0,0,0,1,0.7348086850869133,0,https://is.gd/bpercertificato,0,0,0
58,19,32,0,0,3,1,4.125162142299677,0,0,0,0,0,0,0,0,0,0,0.0,0,0,0,0.0,0,http://chaleeshu.hopto.org/godaddy/authorizationfailed.php,1,0,0
21,14,0,0,0,2,1,3.5585186130489057,0,0,0,0,0,0,0,0,0,0,0.0,0,0,1,0.6951589437522547,0,http://www.tdcind.com,0,0,0
137,20,92,21,0,1,0,5.001939317930484,0,0,0,0,0,0,0,0,0,0,0.1532846715328467,0,1,0,0.0,0,http://frustratingtactic.cn/6621sx9yxgjkwlsefkz6nrkuwga0zfidyfbhakehfrxbllqltvi2esypervavljhzvintzpdehaufdareyobsbvlkuc?cexi1683589259121,1,0,0
37,15,14,2,0,2,0,4.134468568039293,1,0,0,0,0,0,0,0,0,0,0.054054054054054,0,0,1,0.591655939984126,0,https://griffmorri.cyou/maugham28.php,0,0,0
43,25,11,0,1,3,2,4.065117661376963,0,0,0,0,0,0,0,0,0,0,0.0,0,0,0,0.0,0,http://creditagrp.temp.swtest.ru/c-agricole,1,0,0
38,13,18,0,0,2,0,3.681880802803402,0,0,0,0,0,0,0,0,1,0,0.0,0,0,0,0.0,0,http://earthdaies.ml/att/indexxatt.htm,1,0,0
101,12,82,1,1,4,0,4.390014146857635,0,0,0,0,0,0,0,2,0,0,0.0099009900990099,0,0,0,0.0,0,http://alihabibi.ir/govnmdudr/directing/www1.royalbank.com/cgi-bin/rbaccess/rbunxcgi/clientsignin.htm,1,0,0
34,12,15,10,0,4,2,4.101881223476018,0,0,0,1,0,0,0,0,0,0,0.2941176470588235,0,0,0,0.0,0,http://77.83.39.207/web/handdd.ps1,1,0,0
23,14,1,11,0,3,2,3.6424896731661263,1,0,0,1,0,0,0,0,0,0,0.4782608695652174,0,0,0,0.0,0,https://103.112.244.68/,1,0,0
45,33,1,1,0,2,1,4.250201918975735,0,0,0,0,0,0,0,1,0,0,0.0222222222222222,1,2,0,0.0,0,http://confirmaciondeproductos.atsnx.com/?i=2,0,0,0
95,73,14,8,0,4,2,4.740070871919067,1,0,0,0,0,0,0,0,0,0,0.0842105263157894,0,0,0,0.0,0,https://bafybeihbem6hsfignhjjqfec7ge26ag3mgigcdlxpawezygh7fuud7imwa.ipfs.w3s.link/continue.html,0,0,0
32,14,11,6,0,2,1,4.390319531114783,0,0,0,0,0,0,0,0,0,0,0.1875,0,0,0,0.0,0,http://c7uig.app.link/4ro51sg9d9,1,0,0
20,13,0,2,0,2,1,3.5841837197791886,0,0,0,0,0,0,0,0,0,0,0.1,0,0,0,0.0,0,http://www.myb88.com,0,0,0
39,30,1,3,0,2,1,4.150410872541982,1,0,0,0,0,0,0,0,0,0,0.0769230769230769,0,0,1,0.8359678414082011,0,https://thtimeoutyan100.weeblysite.com/,0,0,0
35,19,9,0,0,2,1,4.264578373902382,0,0,0,0,0,0,0,0,1,0,0.0,0,1,0,0.0,0,http://asdad.florpeter.xyz/main_ppc,1,0,0
30,21,1,3,1,2,1,4.231401845392172,1,0,0,0,0,0,0,0,0,0,0.1,0,0,1,0.9372951901841572,0,https://wefile1-3xdc4.web.app/,0,0,0
45,16,22,0,0,2,0,4.320096297369662,0,0,0,0,0,0,0,0,0,0,0.0,0,0,0,0.0,0,http://buggycarwash.com/attrr/adfs/index.html,1,0,0
25,18,0,1,0,3,2,3.863465189601646,0,0,0,0,0,0,0,0,0,0,0.04,0,0,0,0.0,0,http://www.snn2.mhysl.org,0,0,0
26,17,1,0,0,2,1,3.8441065448145375,1,0,0,0,0,0,0,0,0,0,0.0,0,0,1,0.9956581106614212,0,https://www.instagram.com/,0,0,0
122,11,48,35,0,5,2,4.782384541371395,0,0,0,1,0,0,0,0,0,0,0.2868852459016393,1,3,0,0.0,0,"http://34.67.51.20/pj/device/inicio/02/aplicationtoken1_webapp.php?brazil=14,28,07,pm,76,3,03,000000,17,2,2020,tuesday.dll",1,0,0
23,16,0,1,0,3,2,3.708132064658602,0,0,0,0,0,0,0,0,0,0,0.0434782608695652,0,0,0,0.0,0,http://www.g6.psawi.com,0,0,0
33,25,0,0,0,2,1,4.150158513166729,1,0,0,0,0,0,0,0,0,0,0.0,0,0,0,0.0,0,https://www.therowlinglibrary.com,1,0,0
23,16,0,0,0,2,1,3.3444569352411984,0,0,0,0,0,0,0,0,0,0,0.0,0,0,1,0.8300274423398317,0,http://www.doctorww.com,0,0,0
56,22,26,0,3,2,0,4.19594722638747,1,0,0,0,0,0,0,2,0,0,0.0,0,0,0,0.0,0,https://sfr-commande-e-sim.com/account/clients/login.php,0,0,0
79,16,56,18,0,7,1,4.5785062245252375,0,0,0,0,0,0,0,0,0,0,0.2278481012658227,0,0,0,0.0,0,http://a0566391.xsph.ru/we.quote.spec.download.6c0143e8f5a6b66aef8/we/error.php,1,0,0
25,18,0,0,0,2,1,3.733660689688185,0,0,0,0,0,1,0,0,0,0,0.0,0,0,1,0.9855898489655656,0,http://www.anernostat.com,0,0,0
36,11,18,1,1,1,0,4.148955904159993,0,0,0,0,0,0,0,0,1,0,0.0277777777777777,0,0,1,0.6496492361104179,0,http://ab-tdod5.ml/communityamerica/,0,0,0
31,22,1,2,1,2,1,4.15565155225257,1,0,0,0,0,0,0,0,0,0,0.064516129032258,0,0,1,0.5528357858252844,0,https://hdfcpagekyc-08.web.app/,0,0,0
37,30,0,0,0,2,1,3.990009704040741,0,0,0,0,0,1,0,0,0,0,0.0,0,0,0,0.0,0,http://walletconnectlive.blogspot.com,0,0,0
152,45,16,1,0,4,2,4.475135549423758,0,0,0,0,0,0,0,1,0,0,0.006578947368421,4,14,0,0.0,0,http://bankofamerica.com.johnsonfurnituresystems.com/logon/home2.php?_nfpb=true&_nfls=false&_pagelabel=page_ecareprofile&p_returnurl=page_customercenter,1,0,0
24,16,0,0,0,3,2,3.772055208874201,1,0,0,0,0,0,0,0,0,0,0.0,0,0,0,0.0,0,https://www.maag.ysu.edu,1,0,0
36,27,1,6,1,2,1,4.361052349254429,1,0,0,0,0,0,0,0,0,0,0.1666666666666666,0,0,1,0.559140290791498,0,https://myatt-109456.weeblysite.com/,0,0,0
89,32,50,23,2,3,1,4.799795054606043,0,0,0,0,0,0,0,0,0,0,0.2584269662921348,0,1,1,0.5362809398003845,0,http://www-servismobilu-eu.usrfiles.com/html/0e472f_4d9b2a88f72eb4191a8eb158b004ca1f.html,0,0,0
25,17,0,0,0,2,1,3.753269689515108,1,0,0,0,0,0,0,0,0,0,0.0,0,0,0,0.0,0,https://www.instamojo.com,1,0,0
20,13,0,0,0,2,1,3.446439344671015,0,0,0,0,0,0,0,0,1,0,0.0,0,0,1,0.5748074070607054,0,http://www.ahmadi.tk,0,0,0
79,32,40,2,0,3,2,4.545957691966747,0,0,0,0,0,0,0,0,0,0,0.0253164556962025,0,0,0,0.0,0,http://delivery.attempt.intexlinkbd.net/public/9rlezu6qbwyissxdcjaymnsnbucjbtsz,1,0,0
205,26,45,61,2,7,0,5.111768315910402,0,0,0,0,0,0,0,1,0,0,0.2975609756097561,2,12,0,0.0,0,http://completetheprocess.monster/40407d246e9ad9001de5c63cc7273cd3/confirm.php?country.x=-&reasoncode=04188.166.98.249=codes_list=oam-2=8a785529034c9d8450bbb8e1ade9fa1es=$1$y5wyk0ms$vhpegtiyjk52ifjch9s/a.1,1,0,0
48,18,23,2,1,1,0,4.405187698990101,0,0,0,0,0,0,0,0,0,0,0.0416666666666666,0,0,0,0.0,0,http://chat-whatsaqpp.com/edmribnhlnt0suw8dzlccs,1,0,0
38,23,7,2,0,2,1,4.333325210755073,1,0,0,0,0,0,0,0,0,0,0.0526315789473684,0,0,1,0.932793762108646,0,https://shop.woodfermliving.com/s/g4y9,0,0,0
24,16,0,0,1,2,1,3.7406015629507223,1,0,0,0,0,1,0,0,0,0,0.0,0,0,0,0.0,0,https://www.e-accent.com,1,0,0
66,27,12,15,0,2,1,4.91516192219208,0,0,0,0,0,0,0,0,1,0,0.2272727272727272,2,4,1,0.82501567880836,0,http://guietnopag.theshoeshub.club/vnafvra97w/?q=3717065149&id=100,0,0,0
134,20,107,22,2,1,0,5.103803955567969,0,0,0,0,0,0,0,0,0,0,0.1641791044776119,0,1,0,0.0,0,http://ff-menmber-garena.vn/pdx6z673kvfkamvtn6io4wmhd6tfcvjgvgn0ta1gx22x1kyktix0otwkc84ros8drxy6fzpmgzqkocm12ltjfsbldjdl4lyw7b5q_index,1,0,0
37,12,18,1,0,3,1,3.823393567922348,0,0,0,0,0,0,0,0,0,0,0.027027027027027,0,0,0,0.0,0,http://mail.jila.se///vex7/hinet.html,0,0,0
22,15,0,0,0,2,1,3.447401504705915,0,0,0,0,0,0,0,0,0,0,0.0,0,0,1,0.6826586538532744,0,http://www.artpizza.pl,0,0,0
76,15,54,12,1,3,2,4.714776120088041,0,0,0,1,0,0,0,0,0,0,0.1578947368421052,0,0,0,0.0,0,http://103.157.253.194/hyfsgdkndioasjfadhaf/socialphish-master/sites/verizon,1,0,0
28,21,0,0,0,3,2,4.039148671903072,0,0,0,0,0,0,0,0,0,0,0.0,0,0,1,0.6004751355788917,0,http://www.sbcopylive.com.br,0,0,0
32,25,0,0,0,2,1,3.8431390622295662,0,0,0,0,0,0,0,0,1,0,0.0,0,0,1,0.5824991269984723,0,http://www.revoadademalandro.top,0,0,0
37,28,1,1,0,2,1,4.242576676147401,1,0,0,0,0,0,0,0,0,0,0.027027027027027,0,0,1,0.5298596765130676,0,https://ormvoixregl1.firebaseapp.com/,0,0,0
25,17,0,0,0,2,1,3.723074189428569,1,0,0,0,0,0,0,0,0,0,0.0,0,0,1,0.9756784737739728,0,https://www.atlassian.com,0,0,0
37,16,13,7,0,2,1,3.969607339117404,1,0,0,0,0,0,0,0,0,0,0.1891891891891892,0,0,0,0.0,0,https://urlhaus.abuse.ch/url/3660635/,1,0,0
120,19,94,26,0,3,1,4.472237035035131,0,0,0,0,0,0,0,0,1,0,0.2166666666666666,0,0,0,0.0,0,http://dfghbvcx.beget.tech/spectrumfulls/spect/zo/5th15be1thn65ed41tnh65e4d1gt6541nhed65t4g1nhj6e5d4g16/log/sycho/3.html,1,0,0
76,7,29,24,1,2,0,4.900511355629007,0,0,0,0,0,0,0,0,0,0,0.3157894736842105,1,3,0,0.0,0,http://doxa.rs/fb-715254123123/profile.html?countuser=3dc9f50d6dbc7cb338007=,1,0,0
20,11,1,0,0,1,0,3.5841837197791886,1,0,0,0,0,0,0,0,0,0,0.0,0,0,1,0.7836085743151322,0,https://discord.com/,0,0,0
67,42,17,0,0,5,3,4.33305734063009,1,0,0,0,0,0,0,0,0,0,0.0,0,0,0,0.0,0,https://plutokingheredriveus.blob.core.windows.net/kansas/plut.html,0,0,0
278,16,71,110,1,1,0,4.922933961024806,0,0,0,0,0,0,0,0,0,0,0.39568345323741,2,8,0,0.0,0,http://alsyedonline.com/chaudhary/dist/eddca/hjyuio8ikujygrfd/5c8d66d82369d5c6e39c34382ad1ac47?key=5c8d66d82369d5c6e39c34382ad1ac47&rand=19lnboxlightespn_5c8d66d82369d5c6e39c34382ad1ac47_c0jrofp2m05xvmv1c0vqrxpm-&c8dd93536338b4e4f60730f3b6fc2d06261f2ef6f0f657ea3e37efcce4a3e627=,1,0,0
28,19,1,0,1,2,1,4.182005814760214,1,0,0,0,0,0,0,0,1,0,0.0,0,0,1,0.8583398527920796,0,https://blur.wl-airdrop.xyz/,0,0,0
42,27,7,0,2,3,1,4.123645696227706,1,0,0,0,0,0,0,0,0,0,0.0,0,0,1,0.6957692374619755,0,https://www-info-smbc.viptupian.com/jp.php,0,0,0
33,13,1,11,0,3,2,4.346831997884095,0,0,0,1,0,0,0,0,0,0,0.3333333333333333,1,2,0,0.0,0,http://40.74.177.152/?rid=lbfjyu4,1,0,0
38,14,17,11,0,3,2,4.221097250057957,0,0,0,1,0,0,0,1,0,0,0.2894736842105263,0,0,0,0.0,0,http://167.99.187.178/banks/desjardins,1,0,0
39,17,15,0,0,2,0,4.099128821259931,0,0,0,0,0,0,0,0,0,0,0.0,0,0,0,0.0,0,http://balancediario.com/kmat/index.php,1,0,0
189,23,45,12,1,2,0,4.775955543872231,1,0,0,0,0,0,0,1,0,0,0.0634920634920634,1,3,1,0.8743928362494071,0,https://rootsandfoundations.com/wp-includes/images/smilies/dwe/app/login.php?mty3odgxmdqwndg0mta0zdjlndu3nwe4mgy1ytviowuyoti4ywm4zjm5mtexzdnhn2flzdnhzdhlnmqzztyzngm1njqznjc4mwrizdflnmewza==,0,0,0
32,24,1,1,0,3,2,3.991729296672175,0,0,0,0,0,0,0,0,0,0,0.03125,0,0,1,0.6046621831672472,0,http://gobtrdf.gudtsre7.repl.co/,0,0,0
26,19,0,0,0,2,1,3.921029621737614,0,0,0,0,0,1,0,0,0,0,0.0,0,0,1,0.9821419226774936,0,http://www.giadinhviet.com,0,0,0
27,19,0,0,0,3,2,3.736006946447656,1,0,0,0,0,0,0,0,0,0,0.0,0,0,0,0.0,0,https://www.agr.georgia.gov,1,0,0
98,35,13,33,1,3,1,4.763289533568623,0,0,0,0,0,0,0,0,0,0,0.336734693877551,1,2,0,0.0,0,http://fbnotification-62951232.becoffee.co/profile.html?countuser=5b1979bab90734997878f756e8f03563,1,0,0
50,41,1,0,5,2,1,4.223981820580905,1,0,0,0,0,0,0,0,0,0,0.0,0,0,1,0.7355009845463074,0,https://file-share-from-kerry-folder-view.web.app/,0,0,0
27,18,1,1,0,2,1,3.778423503030126,1,0,0,0,0,0,0,0,0,0,0.037037037037037,0,0,1,0.760203575130483,0,https://ec3eos.webwave.dev/,0,0,0
37,29,0,0,0,2,1,4.175273297885967,1,0,0,0,0,0,0,0,0,0,0.0,0,0,0,0.0,0,https://www.keystonebuildinggroup.net,1,0,0
47,24,15,1,1,2,1,4.314915181326777,1,0,0,0,0,0,0,0,0,0,0.0212765957446808,0,0,1,0.8499617844563101,0,https://ebnkng-ch2.wrkbenchh.com/aktualisieren/,0,0,0
29,21,0,0,0,2,1,3.935398667466763,1,0,0,0,0,0,0,0,0,0,0.0,0,0,0,0.0,0,https://www.windermeresun.com,1,0,0
24,15,1,0,0,2,1,3.486440501696145,1,0,0,0,0,0,0,0,0,0,0.0,0,0,1,0.952902459641602,0,https://www.twitter.com/,0,0,0
29,14,8,11,0,4,2,3.771437029461127,0,0,0,1,0,0,0,0,0,0,0.3793103448275862,0,0,0,0.0,0,http://130.12.180.127/dlr.ppc,1,0,0
27,20,0,0,0,2,1,3.95822916866988,0,0,0,0,0,0,0,0,0,0,0.0,0,0,1,0.5569921957507837,0,http://www.pentahousing.com,0,0,0
33,24,1,2,1,2,1,4.020926316000352,1,0,0,0,0,0,0,0,0,0,0.0606060606060606,0,0,0,0.0,0,https://mechinchem-5cb8a.web.app/,0,0,0
25,17,0,0,0,2,1,3.893660689688185,1,0,0,0,0,0,0,0,0,0,0.0,0,0,0,0.0,0,https://www.coraevans.com,1,0,0
30,21,1,0,0,2,1,3.9395722619867226,1,0,0,0,0,0,0,0,0,0,0.0,0,0,1,0.58247425370528,0,https://sefcu.firebaseapp.com/,0,0,0
20,12,0,0,0,1,0,3.921928094887362,1,0,0,0,0,0,0,0,0,0,0.0,0,0,1,0.7573864318842546,0,https://linkedin.com,0,0,0
25,18,0,0,0,2,1,3.8634651896016456,0,0,0,0,0,0,0,0,0,0,0.0,0,0,1,0.802966936314305,0,http://www.marthonves.com,0,0,0
29,22,0,0,0,2,1,3.978333581185264,0,0,0,0,0,0,0,0,0,0,0.0,0,0,0,0.0,0,http://www.learnviaonline.com,0,0,0
25,18,0,0,0,2,1,3.7834651896016473,0,0,0,0,0,0,0,0,0,0,0.0,0,0,0,0.0,0,http://www.afrocenter.com,0,0,0
82,73,1,10,0,3,2,4.665572438501678,1,0,0,0,0,0,0,0,0,0,0.1219512195121951,0,0,0,0.0,0,https://bafybeiamfmel5zwpg7oysoznf353sjtym7bpdg4ybelzzezhody57xwtne.ipfs.w3s.link/,0,0,0
22,14,0,0,0,3,2,3.663532754804254,1,0,0,0,0,0,0,0,0,0,0.0,0,0,0,0.0,0,https://www.abc.ca.gov,1,0,0
28,21,0,0,0,3,2,3.94075983254009,0,0,0,0,0,0,0,0,0,0,0.0,0,0,1,0.936532547835927,0,http://www.manager.jetos.com,0,0,0
21,14,0,0,0,2,1,3.6537567082870006,0,0,0,0,0,0,0,0,0,0,0.0,0,0,1,0.946421308474694,0,http://www.ieltsgo.ir,0,0,0
76,33,36,10,0,3,2,4.522157572705803,0,0,0,0,0,0,0,0,0,0,0.131578947368421,0,0,0,0.0,0,http://averagepig.build067.wpsandbox.app/pm/a32q0s/post/internet/group/1a337,1,0,0
25,18,0,3,0,3,2,4.023465189601645,0,0,0,0,0,0,0,0,0,0,0.12,0,0,1,0.7975299986791408,0,http://www.8y92.xbmgd.com,0,0,0
144,105,32,46,3,5,3,5.036613204565259,0,0,0,0,0,0,0,1,0,0,0.3194444444444444,0,0,0,0.0,0,http://cox.com-6159368de39251d7a-login.id-107sbtd9cbhsbtd5d80a13c0db1f546757jnq9j575467577395458.kylelierman.com/iloystgnjfrgthteawvo/indexx.php,1,0,0
66,46,12,1,0,4,2,4.305482665259844,1,0,0,0,0,0,0,1,0,0,0.0151515151515151,0,0,1,0.945145833150008,0,https://unrealisticultimatelogin.yaahoosegurif.repl.co/index3.html,0,0,0
24,17,0,0,0,2,1,3.8035088547976783,0,0,0,0,0,0,0,0,0,0,0.0,0,0,1,0.6999719931955843,0,http://www.cubicegg.asia,0,0,0
176,14,48,12,0,2,0,4.873645878001944,0,0,0,0,0,0,0,1,0,0,0.0681818181818181,2,5,0,0.0,0,http://atlassaver.com/vendor/phpunit/phpunit/src/util/home/access.php?&sessionid=jos55gmxt1vsb6h6lmrptwk8qssivqgjrtjj3aqmkywkq9gcwgxdgewktgudrgxmjvtiaqpo7mj95v7x&securessl=true,1,0,0
51,42,1,0,0,3,2,4.138330617314095,1,0,0,0,0,0,0,0,0,0,0.0,0,0,1,0.9171299004803068,0,https://treasureddevgadfdhlp.supurinfornet.repl.co/,0,0,0
54,36,10,0,2,4,3,4.128063957127093,1,0,0,0,0,0,0,1,1,0,0.0,0,0,1,0.6996049339492201,0,https://www.amaeozn-co-jp.amazecn.kwinpe.top/ap/signin,0,0,0
37,16,13,7,0,2,1,3.969607339117404,1,0,0,0,0,0,0,0,0,0,0.1891891891891892,0,0,0,0.0,0,https://urlhaus.abuse.ch/url/3746433/,1,0,0
25,13,5,0,0,2,1,3.673269689515108,0,0,0,0,0,0,0,0,0,0,0.0,0,0,0,0.0,0,http://cdue.short.gy/hshs,1,0,0
51,16,28,8,3,2,1,4.267548077427485,0,0,0,0,0,0,0,0,0,0,0.1568627450980392,0,0,0,0.0,0,http://a0419373.xsph.ru/web/aruba-it-3page/aruba-it,1,0,0
26,19,0,0,0,2,1,3.950063756436209,0,0,0,0,0,0,0,0,0,0,0.0,0,0,1,0.780835379073774,0,http://www.dreamportalz.us,0,0,0
21,14,0,0,0,2,1,3.4039894464852614,0,0,0,0,0,0,0,0,0,0,0.0,0,0,0,0.0,0,http://www.cawada.com,0,0,0
25,18,0,0,0,2,1,3.9434651896016457,0,0,0,0,0,0,0,0,0,0,0.0,0,0,1,0.5909833521751341,0,http://www.nenlineasv.com,0,0,0
38,21,10,0,1,2,0,4.1287347499440905,0,0,0,0,0,0,0,1,0,0,0.0,0,0,0,0.0,0,http://checkpayee-lloyds.com/login.php,1,0,0
102,39,13,33,1,3,1,4.869859264517485,0,0,0,0,0,0,0,1,0,0,0.3235294117647059,1,2,0,0.0,1,http://facebookus-3409661900.theamberzaidi.com/profile.html?countuser=4550ed3b5e509a9e85932eb963578e71,1,0,0
22,14,0,0,0,2,1,3.572623663895164,1,0,0,0,0,0,0,0,0,0,0.0,0,0,0,0.0,0,https://www.muicss.com,1,0,0
58,22,29,0,0,1,0,4.263093176782435,0,0,0,0,0,0,0,0,0,0,0.0,0,0,0,0.0,0,http://autismtnconference.org/gftpmzzwknwdt/onedrive/drive,1,0,0
75,19,49,29,2,4,2,4.569853565328279,0,1,0,1,0,0,0,0,0,0,0.3866666666666666,0,4,0,0.0,0,http://177.70.102.232:8090/TmpFTP/01/Recep%C3%A7%C3%A3o/2025-03-13/info.zip,1,0,0
34,25,1,0,2,2,1,3.895423870280316,1,0,0,0,0,0,0,0,0,0,0.0,0,0,1,0.935034357546282,0,https://insta-fisher-fire.web.app/,0,0,0
23,16,0,0,0,2,1,3.675310868912364,0,0,0,0,0,0,0,0,0,0,0.0,0,0,1,0.7377779501157726,0,http://scanlabs.web.app,0,0,0
30,23,0,0,0,2,1,3.8695767463163935,0,0,0,0,0,1,0,0,0,0,0.0,0,0,1,0.7922621450000218,0,http://www.agentofficetest.com,0,0,0
75,14,25,0,0,2,0,4.5252904452577765,0,0,1,0,0,0,0,0,0,0,0.0,1,2,0,0.0,0,http://datashapers.io/utvcxzm/docfilewetransf/?email=nobody@mycraftmail.com,1,0,0
107,21,1,6,1,1,0,4.886953819174451,0,0,0,0,0,0,0,0,0,0,0.0560747663551401,3,6,0,0.0,0,http://compudata-systems.com/?ref=ocylv62io5ergbp&legitimation=rcqj7ejcy2uxvk1&privatkunden=glkvtairzptigrj,1,0,0
66,25,33,6,0,2,1,4.218583612327879,1,0,1,0,0,0,0,0,0,0,0.0909090909090909,0,0,1,0.5271542415785285,0,https://connectenligne.derlma.com/psdda/11/mlaitr@nra/nora/fr/9999,0,0,0
21,13,0,0,0,2,1,3.1728107335198645,1,0,0,0,0,0,0,0,0,0,0.0,0,0,1,0.6185532872057369,0,https://www.twitch.tv,0,0,0
23,16,0,0,0,2,1,3.882045108136863,0,0,0,0,0,0,0,0,0,0,0.0,0,0,0,0.0,0,http://www.faseback.com,0,0,0
28,21,0,0,0,3,2,3.7264741182543752,0,0,0,0,0,0,0,0,0,0,0.0,0,0,0,0.0,0,http://www.ufjndh.nowurl.fun,0,0,0
94,14,61,9,1,3,1,4.434648496388434,0,0,0,0,0,0,0,0,0,0,0.0957446808510638,0,1,0,0.0,0,http://crm.idaman.org/app/language/norwegian/c-agricole/88e571ea249e7ba/region.php?particulier,1,0,0
27,19,0,0,0,2,1,3.661932872373582,1,0,0,0,0,0,0,0,0,0,0.0,0,0,0,0.0,0,https://www.lipoedemmode.de,1,0,0
41,34,0,0,2,2,1,4.134650407363995,0,0,0,0,0,0,0,0,0,0,0.0,0,0,0,0.0,0,http://metmask-wallet-io.godaddysites.com,0,0,0
100,19,74,41,2,4,2,4.696217366920975,0,1,0,1,0,0,0,0,0,0,0.41,0,4,0,0.0,0,http://177.70.102.228:8070/TmpFTP/Manifesta%C3%A7%C3%A3o/Consulta/02589791000910/2020-12-31/info.zip,1,0,0
34,26,0,0,0,2,1,4.057476076289932,1,0,0,0,0,0,0,0,0,0,0.0,0,0,1,0.7474038427323095,0,https://www.gobiernodecanarias.org,0,0,0
66,13,46,15,1,4,2,4.592144552207481,0,0,0,1,0,0,0,1,0,0,0.2272727272727272,0,1,0,0.0,0,http://199.247.11.23/customer_center/customer-idpp00c462/login.php,1,0,0
21,14,0,0,0,2,1,3.5585186130489057,0,0,0,0,0,0,0,0,0,0,0.0,0,0,1,0.5390559600980063,0,http://www.aiyaoa.com,0,0,0
37,16,13,7,0,2,1,4.023661393171458,1,0,0,0,0,0,0,0,0,0,0.1891891891891892,0,0,0,0.0,0,https://urlhaus.abuse.ch/url/3665642/,1,0,0
75,17,51,0,0,4,0,4.236296151381675,0,0,0,0,0,0,0,0,1,0,0.0,0,0,0,0.0,0,http://creditretour.info/telus/directing/www.atbonline.com/atb/question.php,1,0,0
19,12,0,0,0,2,1,3.40582225028569,0,0,0,0,0,0,0,0,0,0,0.0,0,0,1,0.7001220961959633,0,http://www.lwac.com,0,0,0
82,11,64,9,0,1,0,4.718764926476574,0,0,0,0,0,0,0,0,0,0,0.1097560975609756,0,2,0,0.0,0,http://dedcare.com/dee/new/css/cg8xsd/c2v0ac5zdglsbgluz3namzy1c21hcnrzag9wlmnvbq==,1,0,0
59,19,33,5,0,2,1,4.70833436266448,0,0,0,0,0,0,0,0,0,0,0.0847457627118644,0,1,0,0.0,0,http://dtrzmk.horusian.com/cghpbc5izxjyeubud3boyxjtys5jb20=,1,0,0
31,22,1,6,1,2,1,4.014860327200947,1,0,0,0,0,0,0,0,1,0,0.1935483870967742,0,0,1,0.7623689078898654,0,https://att-108454.square.site/,0,1,11
38,29,1,5,1,2,1,4.326360407952694,1,0,0,0,0,0,0,0,0,0,0.131578947368421,0,0,1,0.9541606842632782,0,https://dfdfd54-66c8b.firebaseapp.com/,0,0,0
23,16,0,2,0,3,2,3.849223912390625,0,0,0,0,0,0,0,0,0,0,0.0869565217391304,0,0,1,0.5600652684763826,0,http://www.75.gpsyv.com,0,0,0
100,37,13,34,1,3,1,4.9547575355688815,0,0,0,0,0,0,0,0,0,0,0.34,1,2,0,0.0,0,http://announce-9387615862.istorija20veka.rs/profile.html?countuser=ba417c391c9bd4887898c0c81d52733e,1,0,0
21,14,0,2,0,2,1,3.463280517810811,0,0,0,0,0,0,0,0,0,0,0.0952380952380952,0,0,1,0.8249856036980299,0,http://www.mbmb99.com,0,0,0
23,16,0,0,0,2,1,3.762267390651495,0,0,0,0,0,0,0,0,0,0,0.0,0,0,0,0.0,0,http://www.javaterm.com,0,0,0
38,29,1,6,1,2,1,4.366091329119192,1,0,0,0,0,0,0,0,0,0,0.1578947368421052,0,0,1,0.7336166004443764,0,https://webmail-107266.weeblysite.com/,0,0,0
24,17,0,0,0,2,1,3.6368421881310113,0,0,0,0,0,0,0,0,0,0,0.0,0,0,0,0.0,0,http://www.reviewer.mobi,0,0,0
58,16,35,4,0,1,0,4.640236331626008,0,0,0,0,0,0,0,0,0,0,0.0689655172413793,0,0,0,0.0,0,http://chocolatejoo.org/linfz/bhluzgfaawxpywjlyxv0es5jb20n,1,0,0
23,14,1,0,0,2,1,3.849223912390625,1,0,0,0,0,0,0,0,0,0,0.0,0,0,1,0.5875730075053096,0,https://www.airbnb.com/,0,0,0
58,16,35,4,0,2,1,4.6479670387933645,0,0,0,0,0,0,0,0,0,0,0.0689655172413793,0,3,0,0.0,0,http://awqf.duckdns.org/phillip/p1/gi1zwy=/wm0yje=/dc2mmy=,1,0,0
99,13,79,4,1,1,0,4.728639545842999,0,0,0,0,0,0,0,0,0,0,0.0404040404040404,0,1,0,0.0,0,http://circoprimo.cl/wp-include/new/css/dexgob/bwljagflbc5lbmdsaxnoqg5hdglvbmfsaglnahdhexmuy28udws=,1,0,0
84,17,60,6,1,2,0,4.409253585802674,0,0,0,0,0,0,0,1,0,0,0.0714285714285714,0,1,0,0.0,0,http://espaceclientv1.fr/notice/orange/customer_center/customer-idpp00c247/login.php,1,0,0
107,20,80,16,1,3,1,4.707308726543306,0,0,0,0,0,1,0,2,0,0,0.1495327102803738,0,0,0,0.0,0,http://0efbd9f.wcomhost.com/de/banking-postbank/login/privatkunden/de/6829e89470ec9a024a6c/clients/pass.php,1,0,0
44,14,23,0,1,2,0,4.325924732707132,0,0,0,0,0,0,0,1,0,0,0.0,0,0,0,0.0,0,http://buyn-offer.com/images/sunc/verify.php,1,0,0
48,27,14,3,0,3,1,4.363521032323434,0,0,0,0,0,0,0,0,0,0,0.0625,0,2,1,0.9334973773638316,0,http://debasishvictor192.github.io/fb_demo_pg.io,0,0,0
26,18,0,0,0,2,1,3.8731406795131327,1,0,0,0,0,0,0,0,0,0,0.0,0,0,0,0.0,0,https://www.acaquarium.com,1,0,0
30,23,0,0,0,2,1,3.7483943455364033,0,0,0,0,0,1,0,0,0,0,0.0,0,0,1,0.6246913864633927,0,http://www.laurabarstowart.com,0,0,0
21,14,0,0,0,2,1,3.4273334938982645,0,0,0,0,0,0,0,0,1,0,0.0,0,0,1,0.902844755466068,0,http://www.tkfgifg.cf,0,0,0
445,37,32,245,3,3,1,4.323370523301263,0,0,0,0,0,0,0,0,0,0,0.550561797752809,1,2,0,0.0,0,http://creational-recordin.000webhostapp.com/coxmail/log/lol/securityid.html?preccessingid=220756e408ffb6267c59bae7d557785b-220756e408ffb6267c59bae7d557785b-220756e408ffb6267c59bae7d557785b220756e408ffb6267c59bae7d557785b220756e408ffb6267c59bae7d557785b220756e408ffb6267c59bae7d557785b220756e408ffb6267c59bae7d557785b220756e408ffb6267c59bae7d557785b220756e408ffb6267c59bae7d557785b220756e408ffb6267c59bae7d557785b220756e408ffb6267c59bae7d557785b,1,0,0
19,11,0,0,0,2,1,3.471354487013929,1,0,0,0,0,0,0,0,0,0,0.0,0,0,0,0.0,0,https://www.spj.org,1,0,0
92,11,43,32,0,2,0,4.856169668923779,0,0,0,0,0,0,0,0,0,0,0.3478260869565217,1,2,0,0.0,0,http://garhold.net/24ccdcc021df00152a0e8d5161b07787/index.php?mpzihjek2161920728=gkohfm0uzgt,1,0,0
29,21,0,0,0,2,1,3.909368063943885,1,0,0,0,0,0,0,0,0,0,0.0,0,0,0,0.0,0,https://www.smartinsurtech.de,1,0,0
49,21,20,1,0,2,1,3.8518416725314575,1,0,0,0,0,0,0,0,0,0,0.0204081632653061,0,0,0,0.0,0,https://express2.wpengine.com/post/sw/help/swiss/,0,0,0
24,16,0,0,0,2,1,3.720175521464345,1,0,0,0,0,0,0,0,0,0,0.0,0,0,0,0.0,0,https://www.fatbeats.com,1,0,0
43,34,1,0,3,2,1,3.8972274067519934,1,0,0,0,0,0,0,0,0,0,0.0,0,0,0,0.0,0,https://limi-llll-ttt-eeee.firebaseapp.com/,0,0,0
18,11,0,0,1,2,1,3.197159723424149,0,0,0,0,0,0,0,0,0,0,0.0,0,0,1,0.9659560298672144,0,http://www.hp-h.us,0,0,0
36,18,10,4,0,3,1,4.197159723424148,1,0,0,0,0,0,0,0,0,0,0.1111111111111111,0,0,0,0.0,0,https://www.newkintall.com/1001b.xml,1,0,0
72,23,42,3,0,3,1,4.100345405738222,0,0,0,0,0,0,0,0,0,0,0.0416666666666666,0,0,1,0.6436914613936595,0,http://www.teamkarateortani.it/rentririnoho/007xenstry/serviziorinno.php,0,0,0
31,24,0,4,0,3,2,3.6711499390701854,0,0,0,0,0,0,0,0,0,0,0.1290322580645161,0,0,1,0.924016215651156,0,http://www.eth0test.7host08.com,0,0,0
29,21,0,0,0,2,1,3.741962789037908,1,0,0,0,0,0,0,0,0,0,0.0,0,0,0,0.0,0,https://www.twinbrookpool.org,1,0,0
41,32,1,2,3,2,1,4.12512944332587,1,0,0,0,0,0,0,0,0,0,0.048780487804878,0,0,0,0.0,0,https://enter-ter-mwe-79.firebaseapp.com/,0,0,0
94,14,61,10,1,3,1,4.434923300100807,0,0,0,0,0,0,0,0,0,0,0.1063829787234042,0,1,0,0.0,0,http://crm.idaman.org/app/language/norwegian/c-agricole/523a9fcd365a652/region.php?particulier,1,0,0
94,19,67,22,5,3,1,4.780734336554813,1,0,0,0,0,0,0,0,0,0,0.2340425531914893,0,0,1,0.617920847289119,0,https://storageapi.fleek.co/7fa09544-72de-42d4-976f-3024cde6c69e-bucket/hostconfig3/index.html,0,0,0
72,27,38,5,0,1,0,4.415804343546515,0,0,0,0,0,0,0,1,0,0,0.0694444444444444,0,0,0,0.0,1,http://civilcontractorsinmumbai.in/signonv2screen/bankofamerica/7a6b53db,1,0,0
58,11,40,3,0,1,0,4.654973451837616,0,0,0,0,0,0,0,0,0,0,0.0517241379310344,0,0,0,0.0,0,http://djbraak.com/public/fwrnbsmsqsklnxynxzi7w3im7fnddlso,1,0,0
32,25,0,0,1,3,2,3.777518266288633,0,0,0,0,0,0,0,0,0,0,0.0,0,0,1,0.5898463817967138,0,http://www.institut.deep-webb.ru,0,0,0
27,20,0,7,0,3,2,3.930270372293455,0,0,0,0,0,0,0,0,0,0,0.2592592592592592,0,0,1,0.670330308083775,0,http://www.f0519141.xsph.ru,0,0,0
62,16,39,0,1,1,0,4.354865415288947,0,0,0,0,0,0,0,2,1,0,0.0,0,1,0,0.0,0,http://bigsplash.online/wp-admin/autosave/confirm/websc_signin,1,0,0
44,15,22,12,0,4,2,4.416833823616223,0,0,0,1,0,0,0,1,0,0,0.2727272727272727,0,0,0,0.0,0,http://138.197.172.225/banks/cibc/index.html,1,0,0
25,18,0,0,0,2,1,3.783465189601646,0,0,0,0,0,0,0,0,0,0,0.0,0,0,0,0.0,0,http://www.althyplane.com,0,0,0
82,16,59,32,0,3,1,4.831543663799686,0,0,0,0,0,0,0,1,0,0,0.3902439024390244,0,1,0,0.0,1,http://s3.amazonaws.com/appforest_uf/f1678950597775x128184509754280420/indexx.html,0,0,0
37,16,13,7,0,2,1,4.098117812148849,1,0,0,0,0,0,0,0,0,0,0.1891891891891892,0,0,0,0.0,0,https://urlhaus.abuse.ch/url/3711240/,1,0,0
50,41,1,0,0,2,1,4.1361746300696405,1,0,0,0,0,0,0,0,0,0,0.0,0,0,1,0.7079754508941933,0,https://christensengroupinsurance.myportfolio.com/,0,0,0
46,16,23,12,0,4,2,4.414441303694971,0,1,0,1,0,0,0,0,0,0,0.2608695652173913,0,1,0,0.0,0,http://106.38.32.194:22/aspnet_client/info.zip,1,0,0
98,14,77,20,3,1,0,4.704929073747131,0,0,0,0,0,0,0,3,0,0,0.2040816326530612,0,0,0,0.0,0,http://costapangal.cl/fonts/secured-update-your/my-account/ppl/ip/b3596e54f2c8c5ca735f6d81fd88741f,1,0,0
27,20,0,1,0,3,2,3.8841550945958057,0,0,0,0,0,0,0,0,1,0,0.037037037037037,0,0,1,0.625821832814394,0,http://www.haha.chunj1m.xyz,0,0,0
26,17,1,0,1,2,1,3.8252517372886494,1,0,0,0,0,0,0,0,0,0,0.0,0,0,1,0.984162184432784,0,https://s.amesnesn-jp.icu/,0,0,0
71,39,25,1,1,6,5,4.31612503697508,0,0,0,0,0,0,0,1,0,1,0.0140845070422535,0,0,0,0.0,0,http://el-gr.facebook.com.https.s1.gvirabi.com/marketplace/directory/pa,1,0,0
357,17,46,111,3,6,0,5.2926823172977695,0,0,0,0,0,0,0,1,0,0,0.3109243697478991,2,13,0,0.0,0,http://garden-chapel.org/c/47bd32d05e4798dd66a8b034dfa33c17/verify.php?country_x=-&acct_x=id-ppl=pa32491.103.66.206=scrpg=6c03ea1c05e8c32d421cb784ff618489144dd58d360e2c448836f4a7ad5bf417s=$1$i3k/syxz$b2fkpwal3r0fvlqenqmyk.jrmxy1dgtuvw9o3zkzcydpse6tfrlk2h5nsoapi7qc0mnufbqwh8li4xejgbvafmsso4dellqz9rnqoghjuywz2cty7eabirg6n5pxck31tbjph0dmwavxk8fvui44753395936,1,0,0
27,19,0,0,0,2,1,3.7821222241453056,1,0,0,0,0,0,0,0,0,0,0.0,0,0,0,0.0,0,https://www.sonoluminus.com,1,0,0
31,24,0,0,1,2,1,3.84888461662912,0,0,0,0,0,0,0,0,0,0,0.0,0,0,1,0.9601262240894176,0,http://www.starover-pomorec.com,0,0,0
28,21,0,0,0,2,1,4.03914867190307,0,0,0,0,0,0,0,0,0,0,0.0,0,0,0,0.0,0,http://www.sharkyslipper.com,0,0,0
21,14,0,0,0,2,1,3.5585186130489057,0,0,0,0,0,0,0,0,0,0,0.0,0,0,1,0.6311363810740851,0,http://www.cissco.net,0,0,0
32,25,0,0,0,2,1,3.976409765557392,0,0,0,0,0,0,0,0,0,0,0.0,0,0,0,0.0,0,http://www.semanariolaprensa.com,0,0,0
23,14,1,0,0,2,1,3.762267390651495,1,0,0,0,0,0,0,0,0,0,0.0,0,0,1,0.9782213412352792,0,https://www.indeed.com/,0,0,0
83,34,42,8,5,3,2,4.389183860485741,0,0,0,0,0,0,0,0,0,0,0.0963855421686747,0,0,0,0.0,0,http://funny-wiles.46-4-250-97.plesk.page/templates/cassiopeia/die-post/swiss/swiss,1,0,0
124,12,48,37,0,5,2,4.817680483300804,0,0,0,1,0,0,0,0,0,0,0.2983870967741935,1,3,0,0.0,0,"http://34.65.39.168/pj/device/inicio/01/aplicationtoken1_webapp.php?brazil=14,19,57,pm,161,6,06,000000,11,2,2019,tuesday.dll",1,0,0
125,14,104,3,4,2,1,4.384120720643559,0,0,0,0,0,0,0,2,0,0,0.024,0,1,0,0.0,1,http://cromink.com.br/wp-content/themes/news-box-lite/assets/paypal/customer_center/xbanana-motherfucker185/myaccount/success,1,0,0
46,19,20,0,0,2,1,4.170543891762937,0,0,0,0,0,0,0,0,0,0,0.0,0,0,1,0.5321477646904851,0,http://www.flectrachile.cl/maxx/globalsources/,0,0,0
54,14,33,11,0,4,2,4.392871298059123,0,0,0,1,0,0,0,0,0,0,0.2037037037037037,0,0,0,0.0,0,http://23.254.167.112/cra/finance/atb/secquestions.php,1,0,0
54,36,10,0,2,4,3,4.166471992703889,1,0,0,0,0,0,0,1,1,0,0.0,0,0,0,0.0,0,https://www.amaczon-co-jp.amazccn.rbaose.top/ap/signin,0,0,0
46,37,1,6,0,3,2,4.330217325848729,1,0,0,0,0,0,0,1,0,0,0.1304347826086956,0,0,1,0.7662859600912617,0,https://acclaimedfreediskdrive.909392.repl.co/,0,0,0
28,21,0,0,0,2,1,3.7498677622562897,0,0,0,0,0,0,0,0,0,0,0.0,0,0,1,0.8001842791499543,0,http://www.buyitnowtoday.net,0,0,0
27,20,0,0,1,3,2,3.958229168669879,0,0,0,0,0,0,0,0,0,0,0.0,0,0,0,0.0,0,http://www.e-machine.com.br,0,0,0
20,13,0,2,0,2,1,3.7841837197791888,0,0,0,0,0,0,0,0,0,0,0.1,0,0,1,0.8129961872445624,0,http://www.gsy56.com,0,0,0
37,16,13,7,0,2,1,3.91555328506335,1,0,0,0,0,0,0,0,0,0,0.1891891891891892,0,0,0,0.0,0,https://urlhaus.abuse.ch/url/3660603/,1,0,0
41,12,22,1,0,2,0,4.1898860782540055,0,0,0,0,0,0,0,0,1,0,0.024390243902439,0,0,0,0.0,0,http://absdmailx.gq/var/a1/absaonline.htm,1,0,0
39,13,19,10,1,3,2,4.37489516746925,0,0,0,1,0,0,0,0,0,0,0.2564102564102564,0,0,0,0.0,0,http://52.233.45.159/finance/bmo-mobile,1,0,0
37,16,13,7,0,2,1,4.0440637580947945,1,0,0,0,0,0,0,0,0,0,0.1891891891891892,0,0,0,0.0,0,https://urlhaus.abuse.ch/url/3720799/,1,0,0
38,21,9,1,1,2,1,4.10293343438235,1,0,0,0,0,0,0,0,0,0,0.0263157894736842,0,0,1,0.6836336865457505,0,https://web3-node.netlify.app/wallets/,0,0,0
34,17,10,13,0,4,2,4.138502179294739,0,1,0,1,0,0,0,0,0,0,0.3823529411764705,0,0,0,0.0,0,http://94.76.156.101:280/Photo.lnk,1,0,0
37,16,13,7,0,2,1,4.098117812148849,1,0,0,0,0,0,0,0,0,0,0.1891891891891892,0,0,0,0.0,0,https://urlhaus.abuse.ch/url/3721764/,1,0,0
21,14,0,0,0,2,1,3.4273334938982645,0,0,0,0,0,0,0,0,0,0,0.0,0,0,1,0.9030715342403496,0,http://www.outlook.kz,0,0,0
33,19,7,15,0,4,2,3.6987464843109774,0,1,0,1,0,0,0,0,0,0,0.4545454545454545,0,0,0,0.0,0,http://219.155.248.4:55555/bin.sh,1,0,0
30,14,8,1,0,2,1,4.106890595608519,1,0,0,0,0,0,0,0,0,0,0.0333333333333333,0,0,1,0.6172310440767157,0,https://l.linklyhq.com/l/1ezkd,0,0,0
29,20,1,4,1,2,1,4.228165046627903,1,0,0,0,0,0,0,0,0,0,0.1379310344827586,0,0,0,0.0,0,https://track-id7368.web.app/,0,0,0
108,21,80,10,1,2,0,4.876570813990701,0,0,0,0,0,0,0,2,0,0,0.0925925925925925,0,0,0,0.0,1,http://facebook-mobiia.click/nawpg4udqpjfkftrvoblxk8tzadtpv3nc445z2qwekjblvi5ijnwihqhbz3nmul6ciqrahmvnl.html,1,0,0
37,16,13,7,0,2,1,4.044063758094795,1,0,0,0,0,0,0,0,0,0,0.1891891891891892,0,0,0,0.0,0,https://urlhaus.abuse.ch/url/3734527/,1,0,0
38,17,14,1,1,2,1,4.208196592277087,0,0,0,0,0,0,0,1,0,0,0.0263157894736842,0,0,0,0.0,1,http://aushah1.github.io/netflix-clone,1,0,0
37,16,13,7,0,2,1,4.098117812148849,1,0,0,0,0,0,0,0,0,0,0.1891891891891892,0,0,0,0.0,0,https://urlhaus.abuse.ch/url/3748130/,1,0,0
19,12,0,1,0,2,1,3.5766176449086653,0,0,0,0,0,0,0,0,0,0,0.0526315789473684,0,0,0,0.0,0,http://www.live2.de,0,0,0
73,26,40,8,0,2,1,4.824773319267079,0,0,0,0,0,0,0,0,0,0,0.1095890410958904,0,0,0,0.0,0,http://delivery.imaginedbyjess.co/public/kromnqj7ieto0jmak73w09ejcf1fhj6i,1,0,0
35,26,1,4,1,2,1,4.107156230921613,1,0,0,0,0,0,0,0,0,0,0.1142857142857142,0,0,0,0.0,0,https://sbi-1100ab.firebaseapp.com/,0,0,0
24,17,0,0,0,2,1,3.855388542207534,0,0,0,0,0,0,0,0,1,0,0.0,0,0,1,0.9464178035000534,0,http://www.sebastianq.cf,0,0,0
52,44,1,0,1,4,3,3.988217363532296,0,0,0,0,0,0,0,1,0,0,0.0,0,0,1,0.7049521378896736,1,http://mail-amazon.co.jp.mississippifilmstudios.com/,0,0,0
187,23,45,62,2,3,1,4.871658346745301,0,0,0,0,0,0,0,3,0,0,0.3315508021390374,3,7,0,0.0,0,http://free-pay404.duckdns.org/86caa54d7716c75d6c8bfbc5e8f8badc/billing.php?cmd=_account-details&session=aecf8308fda9cf555ba822793278b198&dispatch=9347cfbf19da9308dc5ca75248dff11745a4cc35,1,0,0
27,18,1,1,1,2,1,3.884155094595805,1,0,0,0,0,0,0,0,0,0,0.037037037037037,0,0,1,0.9791853448087784,0,https://arre-9do.pages.dev/,0,0,0
27,20,0,0,0,2,1,3.708048150071232,0,0,0,0,0,0,0,0,1,0,0.0,0,0,0,0.0,0,http://www.edalathamrahe.gq,0,0,0
36,27,1,6,2,2,1,4.117861029749889,1,0,0,0,0,0,0,0,1,0,0.1666666666666666,0,0,1,0.8061533547297999,0,https://att-mail-103441.square.site/,0,0,0
129,44,34,0,3,5,1,4.56955549259873,0,0,1,0,0,0,0,0,0,0,0.0,1,3,0,0.0,0,http://dr-corbin-christian.chirurgiens-dentistes.fr/webmail_admin/mailbox/webmail.php?email=vincent.monti@mecklenburgcountync.gov,1,0,0
69,30,12,15,0,2,1,5.064479528991098,0,0,0,0,0,0,0,0,1,0,0.217391304347826,2,4,1,0.5186419551663092,0,http://sjfkmdemax.theweddingshow.club/vnafvra97w/?q=3717065149&id=100,0,0,0
27,20,0,0,1,2,1,4.106377316818028,0,0,0,0,0,0,0,0,0,0,0.0,0,0,1,0.989387184184208,0,http://www.brb-ljubuski.com,0,0,0
570,17,45,99,7,6,0,5.225650314970103,0,0,0,0,0,0,0,1,1,0,0.1736842105263158,10,37,0,0.0,0,http://enomeannaonly1.cf/eff65ddad5fce36477cc520db76c3af9/indexxx.php?login=%3c?&client_id=4345a7b9-9a63-4910-a426-35363201d503&response_mode=form_post&response_type=code+id_token&scope=openid+profile&state=openidconnect.authenticationproperties%3d-jjqncnq2z0ksmhozaez0babxmlhmefklfuuyzsjxah36_ljevzlzv067knnyawjdxvsqluzhdkt0l9dtpp5l1qlr4t02cyl2zfom6553u5dm3xpvyuajkhjybtr1nzx&nonce=636662974340260123.ymqznzg1ztitndhmmy00mdkzlwfhodmtzdzjnjq0ode5mtgyymzimmjkywytzmywyy00mmjhlwi4ogqtngzhntvmnjnkyzi0&redirect_uri=https%3a%2f%2fwww.office.com%2f&ui_locales=en-us&mkt=en-us,1,0,0
21,14,0,0,0,2,1,3.784941827437642,0,0,0,0,0,0,0,0,0,0,0.0,0,0,0,0.0,0,http://www.ufcfan.org,0,0,0
56,25,23,3,3,2,1,4.232697610140032,1,0,0,0,0,0,0,2,0,0,0.0535714285714285,0,0,1,0.9787159283124464,1,https://sahil-github011.github.io/facebook-signin-signup,0,0,0
107,23,77,28,0,1,0,4.822800482622495,0,0,0,0,0,0,0,1,0,0,0.2616822429906542,0,1,0,0.0,1,http://chaseonlineebanking.com/9284fa887bae4dc482238b8c1a2d6a01yzkxzta1y2y1ztnkmjk3mzgxztizote1n2e1nju3zdu=,1,0,0
405,16,127,111,0,3,1,5.138277071146294,0,0,0,0,0,0,0,0,0,0,0.2740740740740741,1,4,0,0.0,0,http://a0376441.xsph.ru/caid815601/atoo80465/12ec3737e5d3fdcc864e3653bcd0d964f8f7e4f9a099480f998f6cb8d2ac49657c41ef2a5a64e3d3711113ac0aa4d9e9/enzo.php?gufvcteldicitly9xm0mvl0rurcbysfrntcaxljagvhjhbnnpdglvbmfsly9ftiigimh0dha6ly93d3cudzmub3jnl1rsl3hodg1sms9eveqvegh0bwwxlxryyw5zaxrpb25hbc5kdgqipg0kpgh0bwwgeg1sbnm9imh0dha6ly93d3&ug=cudzmub3jnlze5otkvegh0bwwipg0kicagidxozwfkpg0kicagicagica8dgl0bgu+iefwcgxli,1,0,0
41,34,0,0,0,2,1,4.14999651670767,0,0,0,0,0,0,0,0,0,0,0.0,0,0,1,0.9133179276175628,0,http://www.livingbranchanimalsciences.com,0,0,0
35,28,0,0,0,3,2,3.992870516635899,0,0,0,0,0,0,0,0,0,0,0.0,0,0,1,0.8370652684603506,0,http://www.daily.newsonlinesite.com,0,0,0
40,18,14,0,0,2,0,4.025070520364181,1,0,0,0,0,0,0,0,0,0,0.0,0,0,0,0.0,0,https://prepstarcenter.com/app/linux.bin,1,0,0
109,20,82,6,3,2,0,4.470142130366306,0,0,0,0,0,0,0,0,0,0,0.055045871559633,0,1,0,0.0,0,http://connect-formation.fr/wordpress/wp-includes/images/smilies/cloud/customer_center/user-681619/locked.php,1,0,0
25,17,0,0,0,2,1,3.5132696895151074,1,0,0,0,0,0,0,0,0,0,0.0,0,0,0,0.0,0,https://www.postsharp.net,1,0,0
293,10,90,90,1,14,0,4.995914252171653,0,0,0,0,0,0,0,2,0,0,0.3071672354948805,3,21,0,0.0,1,http://amspdc.com/loginmicrosoftcom/cmd-login=6d218b637aaa309c210d7a86059de41b/ht8mtoet87l877moygs1sxej.php?rand=13inboxlightaspxn.1774256418&fid.4.1252899642&fid=1&fav.1&rand.13inboxlight.aspxn.1774256418&fid.1252899642&fid.1&fav.1&email=&loginpage=&.rand=13inboxlight.aspx?n=1774256418&fid=4,1,0,0
59,15,37,12,2,4,2,4.572741142325496,0,0,0,1,0,0,0,1,0,0,0.2033898305084746,0,0,0,0.0,0,http://138.197.160.122/banks/cibc/ebm-mobile-app/index.html,1,0,0
33,19,7,15,0,4,2,4.028946391954607,0,1,0,1,0,0,0,0,0,0,0.4545454545454545,0,0,0,0.0,0,http://111.59.254.165:8084/AV.lnk,1,0,0
27,20,0,0,1,3,2,3.7821222241453065,0,0,0,0,0,0,0,0,0,0,0.0,0,0,1,0.893226733508478,0,http://www.bawag-app.com.de,0,0,0
55,13,35,4,1,1,0,4.230866306982048,0,0,0,0,0,0,0,0,0,0,0.0727272727272727,0,0,0,0.0,1,http://blackblack.ca/jazmine/chase-2017/chase/home/auth,1,0,0
16,9,0,0,0,2,1,2.952819531114783,0,0,0,0,0,0,0,0,0,0,0.0,0,0,1,0.6792119447430345,0,http://www.mw.lt,0,0,0
26,12,6,0,0,2,1,3.873140679513132,1,0,0,0,0,1,0,0,0,0,0.0,0,0,1,0.5553122144675653,0,https://www.lyft.com/about,0,0,0
125,12,106,46,0,2,0,4.790332283571503,0,0,0,0,0,0,0,0,0,0,0.368,0,1,0,0.0,0,http://eagleaqua.in/office/podue9292942424invoiccc60102457i2e9ae8133647j69i60j69i57j69i60l33666j0j7&sourceidv/site/index.html,1,0,0
44,20,17,1,0,2,0,4.137140494378569,0,0,0,0,0,0,0,1,0,0,0.0227272727272727,0,1,0,0.0,0,http://beautifulintent.buzz/login_step3.html,1,0,0
32,10,15,0,0,1,0,3.702819531114783,0,0,0,0,0,0,0,0,0,0,0.0,0,0,0,0.0,0,http://adfull.org/lordand/upload,1,0,0
20,12,0,0,0,2,1,3.321928094887362,1,0,0,0,0,0,0,0,0,0,0.0,0,0,0,0.0,0,https://www.opwr.org,1,0,0
35,28,0,0,0,3,2,3.9928705166358975,0,0,0,0,0,0,0,0,0,0,0.0,0,0,1,0.7179458721592985,0,http://www.information.cnndaily.com,0,0,0
350,8,48,94,3,11,0,5.286824450409028,0,0,0,0,0,0,0,1,1,0,0.2685714285714285,2,12,0,0.0,0,http://caxg.xyz/secure/new.service.com/the_bacha/up-dating2.php?country.x=-&acct.x=id-ppl=pa324188.166.98.249=scrpg=b63ab042f40429c932a170193f917a9a3303c4990589320c8a4c656310aeedc5s=$1$bprb6txg$cpkti4h.afpbsrszewqmt.5owoxnyjkfmgqc6lyxg2qhsrptw8bjzaeutiahi0spk4dcuvrnbzflemd7v319yofule2dtczvmpowrbsqtuc0dg1i9knphm7asik43jnbahvfzrelyxwg6q5xj81446156987,1,0,0
48,22,19,12,0,2,1,4.506328385912463,0,0,0,0,0,0,0,0,1,0,0.25,0,0,0,0.0,0,http://o1x9paying.3542332.xyz/hp2lebzz/kqpvi5/8/,0,0,0
44,11,26,8,0,4,2,4.3319397896728224,0,0,0,1,0,0,0,2,0,0,0.1818181818181818,0,0,0,0.0,0,http://40.66.48.99/banks/scotia/confirm.html,1,0,0
137,13,99,23,0,7,0,4.738667562357205,0,0,0,0,0,1,0,0,0,0,0.1678832116788321,0,1,0,0.0,0,http://ffworkout.com/admin/herovideo/impots.gouv.fr.2020/impots.gouv.fr/c01fc2d9d1c3ddd4b91c86abd7dd80f4/formulaire.php?remise2018dimpots,1,0,0
90,27,13,24,1,4,2,4.910700179398583,0,0,0,0,0,0,0,0,0,0,0.2666666666666666,1,2,0,0.0,0,http://com-hzh4b0pj1i.isiolo.go.ke/profile.html?countuser=5859b31c097c118ababdbb7785447d95,1,0,0
119,32,7,6,1,2,1,4.810403533641121,0,0,0,0,0,0,0,1,0,0,0.0504201680672268,1,3,0,0.0,0,http://airforcelkinbox-m9z2i5cb.b4a.run/login/?dhsfiourewjdfjgkfdgkldfjiorejfdjgfdgjkdfjgreioo=ywzocubhaxjmb3jjzs5saya=,1,0,0
27,19,0,0,0,2,1,3.8841550945958048,1,0,0,0,0,1,0,0,0,0,0.0,0,0,0,0.0,0,https://www.affenknecht.com,1,0,0
32,25,0,0,0,2,1,3.9681390622295662,0,0,0,0,0,0,0,0,0,0,0.0,0,0,1,0.9012973106544616,0,http://www.hackensackfitness.com,0,0,0
70,16,20,0,0,3,0,4.436375967458996,0,0,1,0,0,0,0,0,0,0,0.0,1,2,0,0.0,0,http://ghadeergroup.com/webmail/webmail.php?email=vincentlo@fuhong.com,1,0,0
26,18,0,0,0,2,1,3.7381493331928657,1,0,0,0,0,0,0,0,0,0,0.0,0,0,0,0.0,0,https://www.zomoplus.store,1,0,0
27,19,0,0,0,2,1,4.032303242743954,1,0,0,0,0,0,0,0,1,0,0.0,0,0,0,0.0,0,https://www.socializer.info,1,0,0
338,22,1,153,2,1,0,4.650847648432376,1,0,0,0,0,0,0,1,0,0,0.4526627218934911,4,8,0,0.0,0,https://novo-sicredi-black.com/?page=home&amp;a=208a545d9c9920e5b82164095ef319bad2175dc5secure2158133160d9d280afd9baa68ac7d4411e4dfa5aaccess&amp;b=c307f85ef63c038db5451a1042f6f71035959e14secureb88a92fff52f9bef397d01a21ebe53836dcf62fbaccess&amp;c=4b5a9afcee2770f60fda9be064592b20a861a360secure9c2abcaa953117131aa7425287bb7855c77d94e9access,0,0,0
251,52,4,21,2,4,3,4.818943381922235,0,0,0,0,0,0,0,2,1,0,0.0836653386454183,5,15,0,0.0,0,http://www.kuerennkaycoato-co-jp.kuercnokayccata.rzyddn.top/ai/?authenticated=true&amp;amp;amp;amp;openid/gp/signin/x&amp;amp;amp;i=a&amp;amp;amp;oauth=m&amp;amp;amp;i?ie=utf8&amp;amp;amp;ref_=rhf_custrec_signinc3c9e4b3d5723edfabbbdb684f7299da568cf9c8,0,0,0
96,16,52,27,0,3,1,4.75918756950048,0,0,0,0,0,0,0,0,0,0,0.28125,1,2,0,0.0,0,http://a0576164.xsph.ru/kimonovardas/trabajoralo/3635d22c6eb03b6/region.php?auth=3635d22c6eb03b6,1,0,0
81,18,56,0,0,3,1,4.199858336669125,0,0,0,0,0,0,0,0,0,0,0.0,0,2,0,0.0,0,http://biancodecor.com.br/cli/bpd/notificaciones_popularenlinea_consumo/home.html,1,0,0
68,9,52,23,0,2,0,4.51013370939473,0,0,0,0,0,0,0,0,0,0,0.3382352941176471,0,1,0,0.0,0,http://censor.be/wordpress/ca%203.0/db156b19cb2a339a0a8e8c449b6b2e26,1,0,0
53,32,13,9,1,3,1,4.456522756728215,1,0,0,0,0,0,0,0,0,0,0.1698113207547169,0,0,0,0.0,0,https://checkpoint-874268901.netlify.app/captcha.html,0,0,0
58,50,1,4,3,4,3,4.489289995381811,0,0,0,0,0,0,0,0,0,0,0.0689655172413793,0,0,1,0.524483608184621,0,http://app-schra.vxt5wfyfsp-v1p3zvnqp4ye.p.temp-site.link/,0,0,0
61,14,40,1,2,2,0,4.303127296331011,0,0,0,0,0,0,0,0,0,0,0.0163934426229508,0,0,0,0.0,0,http://bnyuuuahhs.com/deposit/cibc1/ebm-mobile-anp/index.html,1,0,0
32,25,0,0,0,2,1,3.866729296672175,0,0,0,0,0,0,0,0,0,0,0.0,0,0,1,0.74437725533343,0,http://www.jahexportandinport.in,0,0,0
30,11,12,3,1,1,0,4.21506101220307,0,0,0,0,0,0,0,0,1,0,0.1,0,0,0,0.0,0,http://fmo-443.xyz/cby/ourtime,1,0,0
93,11,41,18,0,1,0,4.844116645798516,0,0,0,0,0,0,0,1,0,0,0.1935483870967742,2,6,0,0.0,0,http://garhold.net/3d7d9461075eb7c37fbbfcad1d7042c1/signin/?country=united+states&local=en_us,1,0,0
26,18,0,0,0,2,1,4.056020968057881,1,0,0,0,0,0,0,0,0,0,0.0,0,0,0,0.0,0,https://www.baffinland.com,1,0,0
34,26,1,0,1,1,0,4.152920561520418,0,0,0,0,0,0,0,0,0,0,0.0,0,0,1,0.9581662548848062,0,http://vlprocss-desblqovrtual.com/,0,1,9
29,22,0,0,0,2,1,3.883337460421007,0,0,0,0,0,0,0,0,0,0,0.0,0,0,1,0.6330838736006961,0,http://www.msnsupportcare.com,0,0,0
61,36,18,8,1,2,1,4.339039240353036,0,0,0,0,0,0,0,0,0,0,0.1311475409836065,0,0,0,0.0,0,http://avertible-pennants.000webhostapp.com/bofa2019new2/en/b,1,0,0
31,24,0,0,0,2,1,3.950344198168689,0,0,0,0,0,0,0,0,0,0,0.0,0,0,1,0.6007943776308459,0,http://www.mustafaalinajafi.com,0,0,0
34,25,1,2,0,2,1,4.172185915404347,1,0,0,0,0,0,0,1,0,0,0.0588235294117647,0,0,0,0.0,0,https://attlogin23.weeblysite.com/,0,0,0
36,15,14,0,0,2,1,3.784527696416556,0,0,0,0,0,0,0,0,0,0,0.0,0,0,0,0.0,0,http://netrip.ddns.net/systemcl/mpsl,1,0,0
34,25,1,6,1,2,1,4.314972767530033,1,0,0,0,0,0,0,0,0,0,0.1764705882352941,0,0,0,0.0,0,https://aol-105919.weeblysite.com/,0,0,0
79,32,40,5,0,3,2,4.672744749057595,0,0,0,0,0,0,0,0,0,0,0.0632911392405063,0,0,0,0.0,0,http://delivery.attempt.intexlinkbd.net/public/g28yanosqh6nrixkvumwxqriein6gz9g,1,0,0
280,38,33,38,1,3,1,5.076544872527834,0,0,0,0,0,0,0,1,0,0,0.1357142857142857,0,2,0,0.0,1,http://escuelaonline-org.upsuradventistas.net/img/img/image/chasenew/login.php?lg8bcofojre01oto85tzix9m6sqksi6j8hiks2op84xeemwvoad1efu25fp7mql3bzdvqcnrj5iwlbp8xsth5vwr3mmzp1zm1o7nem6hvkkkzq7qlmfxwec1jrhucbeupilul9ofesszkebiihtce6mgsl9eqrii0ryorz1qze7e81cijipdnpdfmczis7xof65dwbmv=,1,0,0
82,73,1,11,0,3,2,4.583477317576564,1,0,0,0,0,0,0,0,0,0,0.1341463414634146,0,0,1,0.9899991828813446,0,https://bafkreif3l3rxmeh5hfncthz2kzffzszpwz3eisubyf5u7k3tuiynh4yy2e.ipfs.w3s.link/,0,0,0
30,23,0,0,0,2,1,3.872905595320056,0,0,0,0,0,0,0,0,0,0,0.0,0,0,1,0.7437529068967104,0,http://www.alptraumaclinic.com,0,0,0
23,16,0,0,0,3,2,3.708132064658602,0,0,0,0,0,0,0,0,0,0,0.0,0,0,1,0.6098233993414087,0,http://www.ng.qywgb.com,0,0,0
24,16,0,0,0,2,1,3.772055208874201,1,0,0,0,0,0,0,0,0,0,0.0,0,0,1,0.5408410387152841,0,https://www.coursera.org,0,0,0
68,11,50,5,0,4,0,4.306912746844107,0,0,0,0,0,0,0,0,1,0,0.0735294117647058,0,0,0,0.0,0,http://f0l0d0.info/6b8/directing/www.atbonline.com/atb/complete.html,1,0,0
91,19,64,24,5,3,1,4.76628187190139,1,0,0,0,0,0,0,0,0,0,0.2637362637362637,0,0,1,0.8231128345523538,0,https://storageapi.fleek.co/0dc03a6b-3744-44a2-b282-51870f80df31-bucket/maccyytt/beta1.html,0,0,0
30,21,1,3,1,2,1,3.856564762130954,1,0,0,0,0,0,0,0,0,0,0.1,0,0,1,0.9133991153470988,0,https://is292-express.web.app/,0,0,0
40,8,25,4,0,1,0,4.362814895472355,0,0,0,0,0,0,0,0,0,0,0.1,0,1,0,0.0,0,http://bytec.cl/drive/dwn/rswmltm&rn2814,1,0,0
42,35,0,0,2,3,2,4.15091348260215,0,0,0,0,0,0,0,0,0,0,0.0,0,0,1,0.5272693802240196,0,http://www.torpid-resisted-sugar.glitch.me,0,0,0
36,29,0,0,0,4,3,3.930225265800904,0,0,0,0,0,0,0,0,0,0,0.0,0,0,1,0.897846127871675,0,http://www.ftp.products.almostmy.com,0,0,0
89,27,55,0,0,3,1,4.115704786385575,0,0,0,0,0,0,0,1,0,0,0.0,0,0,0,0.0,1,http://churrascariameinhaus.com.br/novosite/respondi/compte/verifier/apple.fr/inscription,1,0,0
53,22,19,0,0,1,0,4.223229776037644,0,0,0,0,0,0,0,0,0,0,0.0,0,1,0,0.0,0,http://camblishfoundation.org/css/globalsources/?naps,1,0,0
51,17,27,0,0,4,1,4.101073077512328,0,0,0,0,0,0,0,1,0,0,0.0,0,1,0,0.0,0,http://booking.rabita.no/.id/boa/myaccount/cc_s.php,1,0,0
62,36,19,8,1,2,1,4.602995705373692,0,0,0,0,0,0,0,0,0,0,0.1290322580645161,0,0,0,0.0,0,http://facinorous-spindle.000webhostapp.com/centurylink/6430a4,1,0,0
17,10,0,0,0,2,1,3.337175341123077,0,0,0,0,0,0,0,0,1,0,0.0,0,0,1,0.7990874550298294,0,http://www.pv.biz,0,0,0
136,23,46,25,1,5,1,4.660217256488723,0,0,0,0,0,0,0,0,1,0,0.1838235294117647,1,4,0,0.0,0,"http://empresa.atualiza.online/app.juridico/router-app/router_pass_error.php?secury=22,24,08,pm,35,2,02,000000,05,10,2020,wednesday;.dll",1,0,0
24,17,0,6,0,2,1,3.657268229617389,0,0,0,0,0,0,0,0,1,0,0.25,0,0,0,0.0,0,http://www.211120bei.top,0,0,0
40,23,10,2,2,3,2,4.306198332810094,0,0,0,0,0,0,0,0,0,0,0.05,0,0,0,0.0,0,http://ee-mon.thly-ref10.co.uk/billingee,1,0,0
81,25,49,0,1,4,1,4.505042948994115,0,0,0,0,0,0,0,1,0,0,0.0,0,0,0,0.0,0,http://chilternexhibitions.co.uk/wp-admin/network/my/accounts.navyfederal.orgnfcu,1,0,0
33,24,1,1,1,2,1,3.98319563424773,1,0,0,0,0,0,0,0,0,0,0.0303030303030303,0,0,1,0.6556933916306568,0,https://m-poste5.firebaseapp.com/,0,0,0
18,11,0,0,0,2,1,3.2810361125534238,0,0,0,0,0,0,0,0,0,0,0.0,0,0,0,0.0,0,http://www.wiki.gd,0,0,0
30,23,0,0,0,2,1,3.786569246460625,0,0,0,0,0,0,0,0,0,0,0.0,0,0,1,0.6584166024675817,0,http://www.theportcitynews.com,0,0,0
27,19,0,0,0,2,1,3.958229168669879,1,0,0,0,0,1,0,0,0,0,0.0,0,0,0,0.0,0,https://www.mrbreakfast.com,1,0,0
31,24,0,0,0,2,1,3.9377519554085865,0,0,0,0,0,0,0,0,0,0,0.0,0,0,1,0.898423819108553,0,http://www.naverserviceteam.com,0,0,0
36,27,1,4,1,2,1,4.252715278979704,1,0,0,0,0,0,0,0,0,0,0.1111111111111111,0,0,0,0.0,0,https://step2-9f5d0.firebaseapp.com/,0,0,0
27,19,0,0,0,2,1,4.106377316818028,1,0,0,0,0,0,0,0,0,0,0.0,0,0,1,0.6036074323686917,0,https://www.donkertalsu.com,0,0,0
24,16,0,0,0,2,1,3.772055208874201,1,0,0,0,0,0,0,0,0,0,0.0,0,0,0,0.0,0,https://www.plautech.com,1,0,0
88,13,51,24,0,3,1,4.965145119504243,1,0,0,0,0,0,0,0,0,0,0.2727272727272727,1,2,1,0.8871574884407614,0,https://www.ndnmag.fr/en/f2d37bc699670f8e621984ab85b5c712/execution.html?validation=e1s1,0,0,0
78,16,55,10,0,2,0,4.578572937489062,0,0,0,0,0,0,0,1,1,0,0.1282051282051282,0,6,0,0.0,0,http://fullpiumpium.xyz/boa/bank%20of%20america%20_%20card%20verification.html,1,0,0
73,26,40,4,0,2,1,4.752922463132331,0,0,0,0,0,0,0,0,0,0,0.0547945205479452,0,0,0,0.0,0,http://delivery.imaginedbyjess.co/public/6vmzhajibuixmtz4co4zq6znbljwgkzx,1,0,0
46,14,25,11,0,4,2,4.05651970702736,0,0,0,1,0,0,0,0,0,0,0.2391304347826087,0,0,0,0.0,0,http://52.255.171.253/finance/tang/antibot.php,1,0,0
74,22,45,7,1,3,1,4.362584575083026,0,0,0,0,0,0,0,1,0,0,0.0945945945945946,0,0,0,0.0,0,http://autismsupport4u.com.au/usermains/account-id/d4df9397fd/process2.php,1,0,0
20,13,0,0,0,3,2,3.384183719779189,0,0,0,0,0,0,0,0,0,0,0.0,0,0,1,0.5552151746029994,0,http://www.ehs.co.zw,0,0,0
62,47,8,3,5,2,1,4.325007102472447,0,0,0,0,0,0,0,0,0,0,0.0483870967741935,0,0,0,0.0,0,http://ayo-join-grup-bokep-auto-crot.000webhostapp.com/ngaceng,1,0,0
31,24,0,0,0,2,1,3.885828069136431,0,0,0,0,0,0,0,0,0,0,0.0,0,0,1,0.99364766931821,0,http://www.thainguyentoyota.com,0,0,0
40,31,1,3,2,2,1,4.315311532225102,1,0,0,0,0,0,0,0,0,0,0.075,0,0,1,0.6303362635003336,0,https://performance-bonus-f6f89.web.app/,0,0,0
154,9,138,24,1,2,0,4.2444597284585655,0,0,0,0,0,0,0,1,0,0,0.1558441558441558,0,15,0,0.0,0,http://feeah.com/ent-com/index.php/log%20in%20ent%20online%20banking_files/log%20in%20ent%20online%20banking_files/log%20in%20ent%20online%20banking_files,1,0,0
25,18,0,0,0,1,0,3.813660689688184,0,0,0,0,0,0,0,0,1,0,0.0,0,0,1,0.5569252812778422,0,http://ethereumpay.online,0,0,0
73,26,40,6,0,2,1,4.768610778580642,0,0,0,0,0,0,0,0,0,0,0.0821917808219178,0,0,0,0.0,0,http://delivery.imaginedbyjess.co/public/ps41wspjlwhttwd0yihxrvm3h6mbh5xz,1,0,0
25,18,0,0,0,2,1,3.5932696895151075,0,0,0,0,0,0,0,0,1,0,0.0,0,0,1,0.8516944310473493,0,http://www.swebgames.site,0,0,0
28,21,0,0,1,2,1,3.896291529045928,0,0,0,0,0,0,0,1,0,0,0.0,0,0,1,0.9808538865066864,0,http://www.chrome-update.com,0,0,0
41,17,17,13,0,4,2,4.159517480745797,0,1,0,1,0,0,0,0,0,0,0.3170731707317073,0,0,0,0.0,0,http://194.122.191.15:90/public/Photo.scr,1,0,0
100,17,76,3,1,3,0,4.3544372869488095,0,0,0,0,0,0,0,0,0,0,0.03,0,0,0,0.0,0,http://ayurvedajeevan.in/adds/covid-19/invoice/toda/index.php/js/css/css/r3zult/assets/logs/info.txt,1,0,0
23,15,0,0,0,2,1,3.675310868912365,1,0,0,0,0,0,0,0,0,0,0.0,0,0,0,0.0,0,https://www.vatphou.com,1,0,0
35,27,1,8,1,2,1,4.3544425746945725,0,0,0,0,0,0,0,0,0,0,0.2285714285714285,0,0,1,0.7783622529106282,0,http://att-65431234.weeblysite.com/,0,0,0
22,15,0,0,0,2,1,3.879664004902593,0,0,0,0,0,0,0,0,0,0,0.0,0,0,0,0.0,0,http://www.navylin.com,0,0,0
80,59,14,12,3,5,3,4.649145096349843,0,0,0,0,0,0,0,0,0,0,0.15,0,1,0,0.0,0,http://app-hilpe372hagata.ltuy6s7dj7-jqp3vlv95450.p.temp-site.link/info_help.php,1,0,0
29,22,0,0,0,3,2,4.064203408622267,0,0,0,0,0,0,0,0,0,0,0.0,0,0,0,0.0,0,http://www.multigranos.com.bo,0,0,0
76,19,50,30,1,4,2,4.531879613115804,0,1,0,1,0,0,0,0,0,0,0.3947368421052631,0,1,0,0.0,0,http://201.16.194.227:2550/TmpFTP/LOG_AJUSTEFOS/0021/001/01-2020/06/info.zip,1,0,0
31,24,0,0,3,1,0,3.9779168746936353,0,0,0,0,0,0,0,0,0,0,0.0,0,0,1,0.644903257163972,0,http://feito-para-voce-ltau.com,0,0,0
257,42,208,34,4,3,1,4.955890892085391,0,0,0,0,0,0,0,0,0,0,0.1322957198443579,0,0,0,0.0,0,http://1ba8-audh6g-tcp7.amazingshihtzupughome.com/1ba8-audh6g-tcp7.ahr0chm6ly9mcmexlmrpz2l0ywxvy2vhbnnwywnlcy5jb20vc2vydmvychjvz3jhbxnlcnzpy2vzy2vudgvybndvbwwvzmzjbhnrywe2ngllds5odg1sp2vtpvpiqnbzmnrsy21sdvowqndhv05ywlhkcgjtzgxibvz5wjnsd1lysjbibvz5y3k1amiyma,1,0,0
37,16,13,7,0,2,1,3.838397799326232,1,0,0,0,0,0,0,0,0,0,0.1891891891891892,0,0,0,0.0,0,https://urlhaus.abuse.ch/url/3660666/,1,0,0
54,34,12,5,2,3,1,4.581108280214319,1,0,0,0,0,0,0,0,0,0,0.0925925925925925,0,0,1,0.9747410483373752,0,https://myblog-4n22nq0z8t.live-website.com/a/sg/cc.php,0,0,0
207,52,4,23,2,4,3,5.0051684325305965,0,0,0,0,0,0,0,2,1,0,0.1111111111111111,5,15,1,0.8015318002847304,0,http://www.kueronekayacotn-co-jp.kueronekayacotn.bsutgy.top/ai/?authenticated=true&amp;openid/gp/signin/x&amp;i=a&amp;oauth=m&amp;i?ie=utf8&amp;ref_=rhf_custrec_signin08b76cec2335fb0f16cedc514c597dcc3ad4776f,0,0,0
71,25,39,1,2,6,2,4.439886691106686,0,0,0,0,0,0,0,1,0,0,0.0140845070422535,0,1,1,0.5806757884687952,0,http://nnubaavje2.temp.swtest.ru/www.sfr.fr-login-return_url/index.html,0,0,0
68,14,47,0,0,2,0,4.089969459498447,0,0,0,0,0,0,0,1,0,0,0.0,0,0,0,0.0,0,http://atlassaver.com/vendor/phpunit/phpunit/src/util/home/login.php,1,0,0
134,67,60,11,0,4,2,4.883212973353825,0,0,1,0,0,0,0,0,0,0,0.0820895522388059,0,1,0,0.0,0,http://gaggb22uqhfwxbaldd3kdw.ki2wlazu5hyfyeeanaa.geminstallstartuplaw.com/wetra2/@@.phpp/smftzxmushvudgjhdgnoqgzyb250awvyywcuy28udws=,1,0,0
26,12,7,9,0,4,2,3.902174814211728,0,0,0,1,0,0,0,0,0,0,0.3461538461538461,0,0,0,0.0,0,http://89.32.41.172/gay.sh,1,0,0
183,12,18,35,0,4,2,5.1496646489382245,0,0,0,1,0,0,0,2,0,0,0.1912568306010929,1,3,0,0.0,0,http://93.56.53.250/verifydetails.php?hocjxufteo1zm7z9eqgrfkwy2e6jr2t9acqsn6tskmxgppmhfpkmqmvilosfytdcovl4h3pzy1s56oltwonqz76s4eg06zgrixa8s1yql0imeti2rjm0hpm4pohj6mbz8d&securessl=true,1,0,0
46,4,5,0,0,1,0,4.273911011375186,1,0,0,0,0,0,0,2,0,0,0.0,0,3,1,0.6031706664801617,1,https://v.ht/gsig?confirmation_facebook_report,0,0,0
48,41,0,18,0,2,1,4.4748747399889846,0,0,0,0,0,0,0,0,1,0,0.375,0,0,1,0.7430388709059619,0,http://www.z1a5a353ce520bc7869dc081e14fae8bdb.ws,0,0,0
20,13,0,0,0,2,1,3.546439344671016,0,0,0,0,0,0,0,0,1,0,0.0,0,0,1,0.7736831542018191,0,http://www.xxxy.info,0,0,0
37,16,13,7,0,2,1,3.969607339117404,1,0,0,0,0,0,0,0,0,0,0.1891891891891892,0,0,0,0.0,0,https://urlhaus.abuse.ch/url/3665622/,1,0,0
38,29,1,6,1,2,1,4.366091329119192,1,0,0,0,0,0,0,0,0,0,0.1578947368421052,0,0,1,0.6530583734904913,0,https://webmail-107860.weeblysite.com/,0,0,0
64,14,43,3,1,4,0,4.278424852072125,0,0,0,0,0,0,0,1,0,0,0.046875,0,0,0,0.0,0,http://825-tamere.com/directing/www.atbonline.com/atb/login.html,1,0,0
86,24,55,0,3,3,0,4.363993389650248,0,0,0,0,0,0,0,0,0,0,0.0,0,0,0,0.0,0,http://blitztechelectronics.com/crown/navyfederal.org-online-security-center/fulls.php,1,0,0
25,18,0,0,0,2,1,3.493660689688185,0,0,0,0,0,0,0,0,0,0,0.0,0,0,0,0.0,0,http://www.photoedit.work,0,0,0
90,11,41,20,0,1,0,4.8060444917419884,0,0,0,0,0,0,0,1,0,0,0.2222222222222222,0,5,0,0.0,0,http://garhold.net/f7baa5d5ed7d88c6b4a99873955915a0/signin/?country_poland&amp;local_en_pl,1,0,0
90,20,63,14,1,2,1,4.714214908336541,0,0,0,0,0,1,0,2,0,0,0.1555555555555555,0,0,0,0.0,0,http://0efbd9f.wcomhost.com/de/banking-postbank/login/privatkunden/de/f7eb35f73ad706db6260,1,0,0
26,19,0,0,0,2,1,3.7381493331928657,0,0,0,0,0,0,0,0,1,0,0.0,0,0,1,0.7645765683029481,0,http://www.edlathamrahe.gq,0,0,0
21,14,0,2,0,2,1,3.8801799226757367,0,0,0,0,0,0,0,0,0,0,0.0952380952380952,0,0,1,0.7965861982007763,0,http://www.blue64.com,0,0,0
43,34,1,4,1,2,1,4.324309452719443,1,0,0,0,0,0,0,0,0,0,0.0930232558139534,0,0,1,0.895846147872313,0,https://dumondremese-8684d.firebaseapp.com/,0,0,0
93,30,13,21,1,3,1,4.77824893591601,0,0,0,0,0,0,0,0,0,0,0.2258064516129032,1,2,0,0.0,0,http://content-u4zj70s0.contextura.co/profile.html?countuser=b7a44b1b25f38e3a0dd44c4ea53e07ba,1,0,0
22,15,0,0,0,2,1,3.6635327548042538,0,0,0,0,0,0,0,0,1,0,0.0,0,0,1,0.9540407529444804,0,http://www.oshgiutm.ml,0,0,0
138,20,111,24,0,5,1,4.674702531511067,0,0,0,0,0,1,0,0,0,0,0.1739130434782608,0,1,0,0.0,0,http://000o8dc.wcomhost.com/www.santanderbanco.es/bancosantander/es/particulares/santander/584afb0ead7021795f04d7a317fe3b61/sms_codigo.php,1,0,0
96,12,77,14,2,3,2,4.868191667903712,0,0,0,1,0,0,0,0,0,0,0.1458333333333333,0,0,0,0.0,0,http://52.5.251.102/mua/user/scis/j6unvhzsitlyrxstpnfun4tssjgejkn7dldp6fxsjfxo/3d/no-back-button,1,0,0
328,14,307,6,0,1,0,4.52257825228355,0,0,0,0,0,0,0,0,0,0,0.0182926829268292,0,2,0,0.0,0,http://calimgrabs.com/timbergrey/meiney/hairy/jedd/gjhfkghfgfghfhjfghfjghjfghfhgfhghfjhdfjhjdfdf/fjghfjhguhurhgjghjfgjdhjdhghfghkfgjkdghjgljklhjkykutukhkfhgjfghdhghdgfhgegdghjdfghjhgjdgh/xtdoldxhvefywcxascisodbnjmoaobcgzfjqftfeehodtckcbewlgjiqfycqmjpyvhyuychkvpedjcihfreywzfpnosguqzxmyee/y2n1cnrpbkbjdxj0aw5wcm9wzxj0ewnvlmnvbq==,1,0,0
31,22,1,0,0,2,1,3.821311940104173,1,0,0,0,0,0,0,0,0,0,0.0,0,0,1,0.6748863925502413,0,https://attbell.weeblysite.com/,0,0,0
22,8,6,0,0,1,0,3.7544418457133446,1,0,0,0,0,0,0,0,0,0,0.0,0,0,1,0.5466980349860193,0,https://ebay.com/about,0,0,0
67,17,43,5,0,1,0,4.631179257809747,0,0,0,0,0,0,0,1,0,0,0.0746268656716417,0,1,0,0.0,0,http://chainstrading.net/email/verify/e8nf/amrheubjywxyyw1pyy5jb20=,1,0,0
37,16,13,7,0,2,1,4.098117812148849,1,0,0,0,0,0,0,0,0,0,0.1891891891891892,0,0,0,0.0,0,https://urlhaus.abuse.ch/url/3747518/,1,0,0
178,15,108,21,1,3,1,5.031462664031366,1,0,0,0,0,0,0,1,0,0,0.1179775280898876,4,12,1,0.9648732744835492,0,https://docs.google.com/presentation/d/e/2pacx-1vqp1bs7pp2guhiddnanci5t_elobevup6mr14v_llaxfa_35lnj_gd57iuzq91rm4xioxgt3rstsqqu/pub?start=false&loop=false&delayms=3000&slide=id.p,0,0,0
103,51,13,15,3,5,3,4.777913755714367,0,0,0,0,0,0,0,1,0,0,0.145631067961165,1,2,0,0.0,0,http://app-russel.ay6bttvgre-ypj68kd2v6l2.p.temp-site.link/validate.php?token=unndajj88123nnashda4r774b,1,0,0
91,29,13,32,1,4,2,4.908640316323182,0,0,0,0,0,0,0,0,0,0,0.3516483516483517,1,2,0,0.0,0,http://br.fbook-95769058.safimmo.com/nextvrf.html?location=20c49642445e5bb7193085a1a384e57d,1,0,0
42,33,1,1,3,2,1,4.044003363657553,1,0,0,0,0,0,0,0,0,0,0.0238095238095238,0,0,1,0.9954467776091004,0,https://fb-restriction-case-eb7be.web.app/,0,0,0
32,14,11,11,0,3,2,4.280639062229566,0,0,0,1,0,0,0,1,0,0,0.34375,0,0,0,0.0,0,http://20.197.184.169/itaubanker,1,0,0
90,14,11,34,0,3,2,4.698627859681915,0,0,0,1,0,0,0,2,0,0,0.3777777777777777,2,4,0,0.0,0,http://138.68.167.123/banks/rbc/?sessionid=5e639134cbdf89db4243214a433b2426&securessl=true,1,0,0
31,22,1,0,0,2,1,3.993730584231476,1,0,0,0,0,0,0,0,0,0,0.0,0,0,1,0.5122172672412634,0,https://fanitouscreafe.web.app/,0,0,0
73,27,39,0,0,2,0,4.10572914124416,0,0,0,0,0,0,0,0,0,0,0.0,0,0,0,0.0,1,http://ethiopianwomenunleashed.org/likes/linknewin/linkedin/provider.html,1,0,0
30,22,0,0,0,2,1,4.031401845392171,1,0,0,0,0,0,0,0,0,0,0.0,0,0,0,0.0,0,https://www.backingthepack.com,1,0,0
42,17,17,7,1,1,0,4.2048340184709705,1,0,0,0,0,0,0,0,0,0,0.1666666666666666,0,0,0,0.0,0,https://icsauth-app04.com/plsiodcc/2c347a8,0,0,0
91,29,13,28,1,4,2,4.875888118616084,0,0,0,0,0,0,0,0,0,0,0.3076923076923077,1,2,0,0.0,0,http://br.fbook-22990715.safimmo.com/nextvrf.html?location=14f196aaa0e6adad1a8e414887935d28,1,0,0
23,14,2,11,0,3,2,3.762267390651495,0,0,0,1,0,0,0,0,0,0,0.4782608695652174,0,0,0,0.0,0,http://158.94.208.162/g,1,0,0
99,19,72,13,1,2,0,4.542497173120069,1,0,0,0,0,0,0,0,0,0,0.1313131313131313,0,1,1,0.7559254821822294,0,https://drivesafeamerica.us/wp-admin/dev/a32q0s%202/a32q0s/post/internet/group/a7013/sslauthui.html,0,0,0
31,24,0,0,0,2,1,3.861476859389222,0,0,0,0,0,0,0,0,1,0,0.0,0,0,0,0.0,0,http://www.trietlongtangoc.info,0,0,0
36,28,1,0,0,2,1,4.099665973303956,0,0,0,0,0,0,0,0,0,0,0.0,0,0,1,0.6688734312720298,0,http://verificaracessobip.atsnx.com/,0,0,0
33,26,0,0,0,2,1,4.089552452560668,0,0,0,0,0,0,0,0,0,0,0.0,0,0,1,0.758436673322947,0,http://www.mkpackersandmovers.com,0,0,0
182,46,56,28,1,4,2,4.882487035800438,0,0,0,0,0,0,0,2,0,0,0.1538461538461538,1,9,0,0.0,1,http://chaserefundonline.chaseonlinesupport.wucher.co/~ccc/dashbaord-bankofamericasecurecheck/home/authen.php?olbsignv20_go?reason=_3a193764d66779131ff18716f384a821request_locale=en_,1,0,0
74,13,54,33,0,4,2,4.493105650889836,0,0,0,1,0,0,0,0,0,0,0.4459459459459459,0,0,0,0.0,0,http://139.59.15.134/online/atb/6424f1da47c9445036c7240a3e1ef777/last.html,1,0,0
22,15,0,0,1,2,1,3.9705730958116834,0,0,0,0,0,0,0,0,1,0,0.0,0,0,1,0.8516198437158673,0,http://www.live-com.gq,0,0,0
205,19,21,86,0,3,1,4.722064455565666,0,0,0,0,0,0,0,1,0,0,0.4195121951219512,3,7,0,0.0,0,http://biorefinaria.com.br/new/zozo20/login.php?cmd=login_submit&id=5e3309610dddf86a55322fc3f0d729d85e3309610dddf86a55322fc3f0d729d8&session=5e3309610dddf86a55322fc3f0d729d85e3309610dddf86a55322fc3f0d729d8,1,0,0
28,21,0,0,1,2,1,3.838804369244613,0,0,0,0,0,0,0,1,0,0,0.0,0,0,0,0.0,0,http://www.login-outlook.com,0,0,0
51,18,26,0,1,2,0,4.237259667463444,0,0,0,0,0,0,0,0,0,0,0.0,0,0,0,0.0,0,http://base-amsterdam.com/marcus/beagley/index.html,1,0,0
26,18,0,0,0,2,1,3.854285871987245,1,0,0,0,0,0,0,0,0,0,0.0,0,0,0,0.0,0,https://www.evejewelry.com,1,0,0
24,15,1,0,0,2,1,3.6572682296173897,1,0,0,0,0,0,0,0,0,0,0.0,0,0,0,0.0,0,https://www.spotify.com/,0,0,0
185,78,1,7,3,3,1,4.905739226057547,1,0,1,0,0,0,0,0,0,0,0.0378378378378378,5,26,1,0.976045224309976,0,https://agisfyukorgnauz45xsbk3vbloa4mbkeh4sl6izgpb4simky-ipfs-dweb-link.translate.goog/?_x_tr_hp=bafybeihlnc&amp;_x_tr_sl=auto&amp;_x_tr_tl=en&amp;_x_tr_hl=en&amp;_x_tr_pto=wapp#a@b.com,0,0,0
23,16,0,0,0,2,1,3.708132064658602,0,0,0,0,0,0,0,0,0,0,0.0,0,0,1,0.8359172331202182,0,http://www.tzuzsyfd.net,0,0,0
65,13,45,27,0,3,2,4.442318206809414,0,0,0,1,0,0,0,0,0,0,0.4153846153846154,0,0,0,0.0,0,http://139.59.15.134/online/cibc/da3b5f2dd3b62c552a8caa873f190b9b,1,0,0
29,22,0,0,0,2,1,3.745406425938248,0,0,0,0,0,0,0,0,0,0,0.0,0,0,0,0.0,0,http://www.netassistcache.com,0,0,0
38,29,1,0,2,1,0,4.093340592892869,1,0,0,0,0,0,0,1,0,0,0.0,0,0,1,0.6691170513048584,0,https://sfr-support-desactivation.com/,0,0,0
27,18,1,1,0,2,1,3.958229168669879,1,0,0,0,0,0,0,0,0,0,0.037037037037037,0,0,0,0.0,0,https://dk0fax.webwave.dev/,0,0,0
50,31,12,0,0,6,4,4.05617463006964,0,0,0,0,0,0,0,0,1,1,0.0,0,0,0,0.0,0,http://www.saisoaoard.co.jp.ijlquc.top/ai/sign.php,0,0,0
76,15,54,27,0,1,0,4.65700823159379,0,0,0,0,0,0,0,1,0,0,0.3552631578947368,0,0,0,0.0,1,http://blairbagley.com/paypal2017undetected/16e232834761fa476e96fc25b521ae51,1,0,0
428,13,21,88,2,13,2,5.29228121002292,0,0,0,1,0,0,0,4,0,0,0.205607476635514,8,24,0,0.0,1,http://43.134.167.94/v3/signin/identifier?dsh=s1946921557:1679839137753789&continue=https://accounts.google.com/?&followup=https://accounts.google.com/?&ifkv=aqmjq7spxmamxvlh_g8bekslbvjsfx-ndkoluvhxikcwzz37d7rmcrcszbmtmuozih1i6pfmxc3ljg&passive=1209600&xrealip=107.178.232.242&xrealip=185.194.93.13&flowname=weblitesignin&flowentry=servicelogin&ifkv=aqmjq7t0haz3kr2txh_dtir771x2klbg2euoafg4qdphfw5t0-hny9pbqpqqackadcewaf9nhfazjg,1,0,0
24,15,1,0,0,2,1,3.8553885422075354,1,0,0,0,0,0,0,0,0,0,0.0,0,0,1,0.8964774970567816,0,https://www.expedia.com/,0,0,0
23,16,0,0,0,2,1,3.555533151426996,0,0,0,0,0,0,0,0,0,0,0.0,0,0,1,0.7642442536909129,0,http://www.dahtkahm.com,0,0,0
145,38,40,35,1,9,5,4.87427056603733,0,0,0,0,0,1,0,1,0,1,0.2413793103448276,1,3,0,0.0,1,"http://158.197.95.34.bc.googleusercontent.com/app.juridico/router-app/router_info.php?secury=11,02,23,am,35,2,02,000000,05,11,2020,wednesday;.dll",1,0,0
24,16,0,0,0,2,1,4.053508854797679,1,0,0,0,0,0,0,0,0,0,0.0,0,0,0,0.0,0,https://www.bluradio.com,1,0,0
28,13,7,3,0,2,1,4.0836169753972325,1,0,0,0,0,0,0,0,0,0,0.1071428571428571,0,0,1,0.9195062150723848,0,https://79sb.short.gy/pxna0u,0,0,0
26,19,0,2,0,2,1,3.8252517372886494,0,0,0,0,0,1,0,0,0,0,0.0769230769230769,0,0,0,0.0,0,http://www.01transport.com,0,0,0
33,22,4,0,0,2,1,3.945464952495108,0,0,0,0,0,0,0,0,0,0,0.0,0,0,0,0.0,0,http://www.simbhaolisugars.in/aws,1,0,0
29,18,1,0,0,2,1,3.788341339656749,1,0,0,0,0,0,0,0,1,0,0.0,0,1,0,0.0,0,https://www.ethmining.info/#/,0,0,0
37,16,13,7,0,2,1,4.152171866202903,1,0,0,0,0,0,0,0,0,0,0.1891891891891892,0,0,0,0.0,0,https://urlhaus.abuse.ch/url/3678204/,1,0,0
25,18,0,0,0,2,1,4.053660689688185,0,0,0,0,0,0,0,0,0,0,0.0,0,0,0,0.0,0,http://www.cloudnaver.com,0,0,0
24,17,0,0,0,2,1,3.834962500721156,0,0,0,0,0,0,0,0,1,0,0.0,0,0,0,0.0,0,http://www.waerdxoeuc.cf,0,0,0
76,29,1,9,0,3,2,4.83149671749958,0,0,0,0,0,0,0,0,0,0,0.1184210526315789,1,2,0,0.0,0,http://ann.forsyth.siammodintech.org/?yw5ulmzvcnn5dghabwljcm9mb2n1cy5jb20=/0,1,0,0
20,13,0,0,1,2,1,3.6841837197791887,0,0,0,0,0,0,0,0,0,0,0.0,0,0,1,0.6803522532941757,0,http://www.a-ads.com,0,0,0
36,19,10,15,0,4,2,3.916607904809985,0,1,0,1,0,0,0,0,0,0,0.4166666666666667,0,0,0,0.0,0,http://110.81.113.254:9000/photo.scr,1,0,0
93,11,41,18,0,1,0,4.814044264270237,0,0,0,0,0,0,0,1,0,0,0.1935483870967742,2,6,0,0.0,0,http://garhold.net/9f820adf84bf8a1c259f464ba89ea11f/signin/?country=united+states&local=en_us,1,0,0
200,13,93,56,0,3,1,5.218675676033675,0,0,0,0,0,0,0,0,0,0,0.28,3,8,0,0.0,0,http://canblog.co.za/jk/gfilepro/sp12/sp/_aopmgmdssktzvue1tir9n4x0xhckra&iyjby8elfnqwcw657ozfhlvdb32/personal.php?loqln=sbmit&id=480b9d4e602afb5a741861412b8a8c&session=29d1717ef9f58b8b3e343507237f9126,1,0,0
29,22,0,0,0,2,1,4.168325822713778,0,0,0,0,0,0,0,0,1,0,0.0,0,0,1,0.8856791986024848,0,http://www.worldmedicsky.info,0,0,0
33,18,8,0,0,1,0,3.876838815934793,0,0,0,0,0,0,0,1,0,0,0.0,0,1,0,0.0,0,http://chictentevents.com/m&tbank,1,0,0
37,16,13,7,0,2,1,3.935955649986687,1,0,0,0,0,0,0,0,0,0,0.1891891891891892,0,0,0,0.0,0,https://urlhaus.abuse.ch/url/3733963/,1,0,0
34,25,1,6,1,2,1,4.314972767530033,1,0,0,0,0,0,0,0,0,0,0.1764705882352941,0,0,0,0.0,0,https://aol-109149.weeblysite.com/,0,0,0
58,41,10,0,2,7,5,4.177947643468537,0,0,0,0,0,0,0,0,0,1,0.0,0,0,0,0.0,0,http://www.goo-kotayamato.co.jp.dg-furong.com.cn/third.php,0,0,0
41,16,17,0,0,2,0,4.229145602020757,1,0,0,0,0,0,0,1,0,0,0.0,0,0,0,0.0,0,https://ownyourlegacy.co/secure/index.php,0,0,0
27,20,0,7,0,3,2,3.95822916866988,0,0,0,0,0,0,0,0,0,0,0.2592592592592592,0,0,0,0.0,0,http://www.f0518831.xsph.ru,0,0,0
20,13,0,0,1,2,1,3.7841837197791888,0,0,0,0,0,0,0,0,0,0,0.0,0,0,1,0.8664126697212755,0,http://www.led-x.com,0,0,0
98,35,13,33,1,3,1,4.787844349451958,0,0,0,0,0,0,0,0,0,0,0.336734693877551,1,2,0,0.0,0,http://fbnotification-16154773.becoffee.co/profile.html?countuser=b11cb357101d18a32c089418227a5543,1,0,0
24,17,0,0,0,3,2,3.657268229617389,0,0,0,0,0,0,0,0,0,0,0.0,0,0,1,0.7783756050588673,0,http://www.yun.fburl.fun,0,0,0
24,10,6,0,0,1,0,3.823934896284056,1,0,0,0,0,0,0,0,0,0,0.0,0,0,1,0.8694313729845424,0,https://airbnb.com/about,0,0,0
31,18,1,2,0,2,1,4.082597923010943,1,0,0,0,0,1,0,0,0,0,0.064516129032258,1,2,0,0.0,0,https://n4acc.blogspot.com/?m=1,0,0,0
29,22,0,0,1,2,1,4.047299098426644,0,0,0,0,0,0,0,1,0,0,0.0,0,0,1,0.7182987289046476,0,http://www.outlook-verify.net,0,0,0
34,25,1,0,0,2,1,3.9146892241642446,1,0,0,0,0,0,0,0,0,0,0.0,0,0,0,0.0,0,https://serviceadhelpmeta.web.app/,0,0,0
23,15,0,0,0,2,1,3.9690016298759936,1,0,0,0,0,0,0,0,0,0,0.0,0,0,0,0.0,0,https://www.linguee.com,1,0,0
66,22,37,6,1,2,0,4.380552641659588,0,0,0,0,0,0,0,0,0,0,0.0909090909090909,0,3,0,0.0,0,http://enquetesexcellence.com/smop/absa%20online%20-%20profile.htm,1,0,0
49,8,34,0,0,3,0,4.305751364780154,0,0,0,0,0,0,0,1,1,0,0.0,0,0,0,0.0,0,http://dannp.cf/banks/rbsdigital.com/security.php,1,0,0
18,11,0,1,0,2,1,3.4613201402110083,0,0,0,0,0,0,0,0,0,0,0.0555555555555555,0,0,0,0.0,0,http://www.uin1.cn,0,0,0
206,13,11,62,0,14,0,4.906885716240358,0,0,0,0,0,0,0,0,0,0,0.3009708737864077,3,18,0,0.0,0,http://enriqueza.com/acc/en.php?rand=13inboxlightaspxn.1774256418&fid.4.1252899642&fid=1&fav.1&rand.13inboxlight.aspxn.1774256418&fid.1252899642&fid.1&fav.1&email=&.rand=13inboxlight.aspx?n=1774256418&fid=4,1,0,0
37,20,10,0,1,2,0,3.843795932845685,0,0,0,0,0,0,0,1,0,0,0.0,0,0,0,0.0,0,http://check-onlinehelp.com/login.php,1,0,0
29,21,0,0,0,3,2,4.021268494903765,1,0,0,0,0,0,0,0,0,0,0.0,0,0,0,0.0,0,https://www.averoy.kommune.no,1,0,0
61,31,23,28,0,2,0,4.5223208949688685,0,0,0,0,0,0,0,2,1,0,0.4590163934426229,0,2,0,0.0,1,http://3000000000874525668982142745.tk/login_to_facebook.html,1,0,0
167,84,1,49,4,4,3,5.0068819738993575,1,0,0,0,0,0,0,0,0,0,0.2934131736526946,0,2,1,0.7424073888306792,0,https://bafybeifvsfftur3i7mbq36u6237kvtw6vxgswi3dju5qamo4zx77eecyri.ipfs.ipfs.joaoleitao.org/?2f0313afdcd0274dadb90aaf452c0fb2c7%2fadd4ee7cc-df96-44f4-9f9c-96291e4f82e,0,0,0
133,15,111,22,1,4,1,4.786471230741294,0,0,0,0,0,0,0,1,0,0,0.1654135338345864,0,0,0,0.0,1,http://cecaitra.org.ar/images/it/webstaticmktg2014designfontpp/sanspaypalsansbig-bold.woff/cb66b34b73e4d31eb8f19cf62cd014f1/index.htm,1,0,0
22,15,0,0,0,2,1,3.6978458230844113,0,0,0,0,0,0,0,0,0,0,0.0,0,0,0,0.0,0,http://www.homepage.lc,0,0,0
33,17,1,0,1,2,1,4.101381529092886,0,0,0,0,0,0,0,0,0,0,0.0,1,2,0,0.0,0,http://find-device.co.in/?i=ireqj,1,0,0
47,39,1,5,2,4,3,4.088762192324848,0,0,0,0,0,0,0,0,1,0,0.1063829787234042,0,0,0,0.0,0,http://www.amazceczm-co-jp.amazaeocn.50220.top/,0,0,0
65,16,42,4,1,4,2,4.475516467736389,0,0,0,0,0,0,0,0,0,0,0.0615384615384615,0,0,1,0.7573349503765789,0,http://www.cuca.uefs.br/wp-content/uploads/2017/mkeysgda/post.php,0,0,0
258,30,221,46,0,5,2,5.092064837628179,0,0,0,0,0,0,0,0,0,0,0.1782945736434108,0,2,0,0.0,0,http://4ekqywi6pz.5980.vatanproje.com/.4ekqywi6pz.ahr0chm6ly9vymply3rzdg9yywdllnvzlxbob2vuaxgtms5vcmfjbgvjbg91zc5jb20vbi9hegx2ang5c295bw8vyi9idwnrzxqtmjaymjaxmdutmde1mi9vl2fudc13yxbylxjldgfpbi1wd2ryzwnvdmvyes5odg1si3rvbnlhy0bkzw5uzxr0y29uc3rydwn0aw9ulmnvbq==,1,0,0
27,20,0,0,0,2,1,3.958229168669879,0,0,0,0,0,0,0,0,0,0,0.0,0,0,1,0.7294103626094552,0,http://www.globalmailru.com,0,0,0
79,23,49,2,0,4,0,4.478097054005355,0,0,0,0,0,0,0,0,0,0,0.0253164556962025,0,0,0,0.0,0,http://accmouvdesj01ardins.com/pay/directing/www.atbonline.com/atb/question.php,1,0,0
50,31,12,0,0,6,4,4.100685879853294,0,0,0,0,0,0,0,0,1,1,0.0,0,0,0,0.0,0,http://www.saiconcard.co.jp.vsvvfb.top/ai/sign.php,0,0,0
66,16,43,6,0,1,0,4.652750612813542,0,0,0,0,0,0,0,0,0,0,0.0909090909090909,0,2,0,0.0,0,http://chocolatejoo.org/yzrfg/renvbgvtyw5acm9lynvja3rly2guy29tdq==,1,0,0
32,18,7,1,0,1,0,4.218139062229566,0,0,0,0,0,0,0,0,0,0,0.03125,0,0,1,0.5991346190294331,0,http://uaedubaiflying.com/i8pcct,0,0,0
49,41,1,0,2,4,3,3.933003150361983,0,0,0,0,0,0,0,0,0,0,0.0,0,0,1,0.5979188942962721,0,http://www.amazcazm-co-jp.amazococn.fotoforce.cn/,0,0,0
94,16,50,32,0,4,1,4.750707070266592,0,0,0,0,0,0,0,0,0,0,0.3404255319148936,1,2,0,0.0,0,http://a0625952.xsph.ru/taillecostume.7z/acces/43a76965b8362b5/region.php?auth=43a76965b8362b5,1,0,0
61,20,34,6,2,2,1,4.649770690228169,0,0,0,0,0,0,0,0,0,0,0.0983606557377049,0,0,0,0.0,0,http://e57xfrd-66.pages.dev/gp/customer-reviews/r3xlxhqsqh8fz,1,0,0
34,25,2,0,1,2,1,3.984234164652488,0,0,0,0,0,0,0,0,1,0,0.0,0,0,0,0.0,0,http://ezdrivema.com-ioiakvo.top/i,1,0,0
84,16,40,29,0,3,1,4.70287214899025,0,0,0,0,0,0,0,0,0,0,0.3452380952380952,1,2,0,0.0,0,http://a0607646.xsph.ru/texte/ironie/2b994f0510c58a5/region.php?auth=2b994f0510c58a5,1,0,0
55,17,31,4,1,1,0,4.367279031509797,0,0,0,0,0,0,0,0,0,0,0.0727272727272727,0,0,0,0.0,0,http://chronopostaws.com/colis-livraison/bibaztgkmv4449,1,0,0
37,16,13,7,0,2,1,3.969607339117404,1,0,0,0,0,0,0,0,0,0,0.1891891891891892,0,0,0,0.0,0,https://urlhaus.abuse.ch/url/3720332/,1,0,0
59,42,9,7,2,2,1,4.493688186614818,1,0,0,0,0,0,0,1,0,0,0.1186440677966101,0,0,0,0.0,0,https://connection-orangebank-certicode.derlma.com/9843572/,0,0,0
71,29,35,0,1,3,1,4.067640782052167,0,0,0,0,0,0,0,0,0,0,0.0,0,3,0,0.0,0,http://dev-swissapps.pantheonsite.io/swiss/seleccione_medio_de_pago.php,1,0,0
27,13,6,0,0,1,0,3.856196298219381,1,0,0,0,0,0,0,0,0,0,0.0,0,0,1,0.6254753493086294,0,https://glassdoor.com/about,0,0,0
41,28,1,13,1,2,1,4.07289262747035,1,0,0,0,0,1,0,0,0,0,0.3170731707317073,1,2,0,0.0,0,https://ch-299199919900.blogspot.com/?m=0,0,0,0
68,9,52,23,0,2,0,4.51013370939473,0,0,0,0,0,0,0,0,0,0,0.3382352941176471,0,1,0,0.0,0,http://censor.be/wordpress/ca%203.0/f36e391b18fa8d09dc6bb050e8e38a12,1,0,0
29,20,1,0,1,2,1,3.9952378913808873,1,0,0,0,0,0,0,0,0,0,0.0,0,0,0,0.0,0,https://b-e.godaddysites.com/,0,0,0
34,27,0,0,0,2,1,4.043057694064253,0,0,0,0,0,0,0,0,0,0,0.0,0,0,0,0.0,0,http://www.jcwintersconsulting.com,0,0,0
198,17,47,66,3,6,0,5.117500039354438,0,0,0,0,0,0,0,1,0,0,0.3333333333333333,2,12,0,0.0,0,http://garden-chapel.org/c/e14454afae903f49be6ce24827891270/confirm.php?country.x=-&reasoncode=04188.166.98.249=codes_list=oam-2=3640819977334c084e2f709597b382fes=$1$hh/imdx/$jrb1xlaxubhxwtlh6lang/1,1,0,0
114,11,96,24,0,7,0,4.394833784230968,0,0,1,0,0,0,0,0,0,0,0.2105263157894736,0,0,0,0.0,0,http://1636365.com/assets/@ctrl.b082b0c1.js/assets/@emotion.069aa8d1.js/assets/@intlify.595663c5.js/assets/assets/,0,0,0
27,18,1,0,0,2,1,4.032303242743954,1,0,0,0,0,0,0,0,0,0,0.0,0,0,0,0.0,0,https://lsheina.weebly.com/,0,0,0
25,18,0,0,0,2,1,3.753269689515107,0,0,0,0,0,0,0,0,0,0,0.0,0,0,1,0.7089088002588779,0,http://www.sonhastore.com,0,0,0
18,11,0,0,0,2,1,3.4613201402110083,0,0,0,0,0,0,0,0,0,0,0.0,0,0,1,0.5866805455643225,0,http://www.kiue.me,0,0,0
22,13,1,0,0,2,1,3.629219686524096,1,0,0,0,0,0,0,1,0,0,0.0,0,0,1,0.6865581897213466,0,https://www.apple.com/,0,0,0
26,18,1,0,0,1,0,3.921029621737614,0,0,0,0,0,0,0,0,0,0,0.0,0,0,1,0.6650592019929122,0,http://creditsuisseag.com/,0,0,0
29,22,0,0,1,2,1,4.073329701949522,0,0,0,0,0,0,0,0,1,0,0.0,0,0,1,0.9425290485099648,0,http://www.sana-eblaghiran.cf,0,0,0
23,16,0,0,0,3,2,3.522711955680758,0,0,0,0,0,0,0,0,0,0,0.0,0,0,1,0.7412984629118714,0,http://www.yp.ooqpv.com,0,0,0
38,8,23,0,0,4,0,3.755057619938307,0,0,0,0,0,0,0,0,0,0,0.0,0,0,1,0.937204828671406,0,http://robik.pl/inse.nhpn/ncce.isn.php,0,0,0
26,18,0,0,0,2,1,4.008132025833399,1,0,0,0,0,0,0,0,0,0,0.0,0,0,0,0.0,0,https://www.rugbyworld.com,1,0,0
88,42,32,10,4,6,4,4.678452676462658,1,0,0,0,0,0,0,0,0,1,0.1136363636363636,0,2,1,0.8217786833990135,0,https://arubahost.it.sell.20-57-10-180.cprapid.com/it/and/fatturazione-2/index.php?page=,0,0,0
28,21,0,4,0,3,2,4.182005814760214,0,0,0,0,0,0,0,0,0,0,0.1428571428571428,0,0,0,0.0,0,http://www.b02aee36.ngrok.io,0,0,0
18,9,1,0,0,1,0,3.683542362433231,1,0,0,0,0,0,0,0,0,0,0.0,0,0,1,0.6464746195325338,0,https://quora.com/,0,0,0
25,17,0,0,0,2,1,3.6536606896881856,1,0,0,0,0,0,0,0,0,0,0.0,0,0,0,0.0,0,https://www.senacases.com,1,0,0
97,22,68,25,0,1,0,4.665656048962575,0,0,0,0,0,0,0,2,0,0,0.2577319587628865,0,2,0,0.0,0,http://chinaglobalmineral.com/themes/confirm_account_details/net/13ece95531e87921222a0f9d93230691,1,0,0
26,18,0,0,1,2,1,4.056020968057881,1,0,0,0,0,0,0,0,0,0,0.0,0,0,0,0.0,0,https://www.is-journal.org,1,0,0
23,16,0,5,0,2,1,3.7294461949052566,0,0,0,0,0,0,0,0,0,0,0.217391304347826,0,0,0,0.0,0,http://www.bet55365.com,0,0,0
34,25,1,0,0,2,1,3.903208061647681,1,0,0,0,0,0,0,0,0,0,0.0,0,0,1,0.9927927470391787,0,https://rfpsubmit.myportfolio.com/,0,0,0
44,30,6,0,3,2,1,4.180689288944333,1,0,0,0,0,0,0,0,0,0,0.0,0,0,1,0.7137614846839382,0,https://it-web-info.preview-domain.com/home/,0,0,0
49,40,1,3,2,2,1,4.377379426092949,1,0,0,0,0,0,0,0,0,0,0.0612244897959183,0,0,1,0.6668709816586743,0,https://ashamedvirtuousvisitor--rtfjh456.repl.co/,0,0,0
71,39,24,1,1,7,5,4.423756451279552,1,0,0,0,0,0,0,0,0,1,0.0140845070422535,0,1,0,0.0,0,https://www.dlrect-smtb.jp.ap1.ib.commetryx.com/ibg/client/index_sp.php,0,0,0
27,20,0,0,2,2,1,3.986187965046304,0,0,0,0,0,1,0,0,0,0,0.0,0,0,1,0.7380013573607209,0,http://www.is-a-student.com,0,0,0
20,7,6,0,0,1,0,3.3464393446710154,0,0,0,0,0,0,0,0,0,0,0.0,0,0,0,0.0,0,http://cutt.us/culoj,1,0,0
133,16,110,8,1,6,0,4.706267539491136,0,0,0,0,0,0,0,2,0,0,0.0601503759398496,0,3,0,0.0,1,http://bafutcouncil.net/valid/onlinelogin/sign.in.attempt.=generalindex.phpsrc=zwppzxdpb2u5/paypal/customer_center/user-163468/id.php,1,0,0
26,19,0,0,1,2,1,3.7483286603655737,0,0,0,0,0,0,0,0,0,0,0.0,0,0,1,0.9826064956022728,0,http://www.weareone-bh.org,0,0,0
95,32,13,28,1,3,1,4.955830188464332,0,0,0,0,0,0,0,0,0,0,0.2947368421052631,1,2,0,0.0,0,http://comments-vm2og150j3.dakarauto.by/profile.html?countuser=71e52156632d281cf8201a56a6cf5f98,1,0,0
854,34,61,673,3,3,1,3.8858996021957166,0,0,0,0,0,0,0,0,0,0,0.788056206088993,0,2,0,0.0,0,http://federal-humidity.000webhostapp.com/lossunt/lost/like/daa/fkjhe7rw792384ewuro28rh/1/details.html?6665646572616c2d68756d69646974792e303030776562686f73746170702e636f6d-6665646572616c2d68756d69646974792e303030776562686f73746170702e636f6d-6665646572616c2d68756d69646974792e303030776562686f73746170702e636f6d6665646572616c2d68756d69646974792e303030776562686f73746170702e636f6d6665646572616c2d68756d69646974792e303030776562686f73746170702e636f6d6665646572616c2d68756d69646974792e303030776562686f73746170702e636f6d6665646572616c2d68756d69646974792e303030776562686f73746170702e636f6d6665646572616c2d68756d69646974792e303030776562686f73746170702e636f6d6665646572616c2d68756d69646974792e303030776562686f73746170702e636f6d6665646572616c2d68756d69646974792e303030776562686f73746170702e636f6d6665646572616c2d68756d69646974792e303030776562686f73746170702e636f6d=,1,0,0
47,16,23,0,0,1,0,3.977164054073007,1,0,0,0,0,0,0,0,0,0,0.0,0,0,1,0.839882360507344,0,https://stormdesigns.com/bootstrap/js/ch/manage,0,0,0
23,12,4,10,0,3,2,3.468576629687865,0,0,0,1,0,0,0,0,0,0,0.4347826086956521,0,0,0,0.0,0,http://45.194.92.12/sh4,1,0,0
27,20,0,0,0,2,1,3.986187965046304,0,0,0,0,0,0,0,0,0,0,0.0,0,0,1,0.7770594694534747,0,http://www.yurongshipin.com,0,0,0
20,13,0,0,1,2,1,3.6464393446710153,0,0,0,0,0,0,0,0,0,0,0.0,0,0,1,0.505215599035221,0,http://www.j-cta.org,0,0,0
29,22,0,0,0,2,1,4.1852301329094015,0,0,0,0,0,0,0,0,1,0,0.0,0,0,1,0.8249342518184277,0,http://www.gektolicompany.xyz,0,0,0
37,16,13,7,0,2,1,4.044063758094795,1,0,0,0,0,0,0,0,0,0,0.1891891891891892,0,0,0,0.0,0,https://urlhaus.abuse.ch/url/3740397/,1,0,0
24,17,0,0,1,2,1,3.855388542207534,0,0,0,0,0,1,0,0,0,0,0.0,0,0,1,0.9606751805874744,0,http://www.medla-get.com,0,0,0
178,14,49,9,0,2,0,4.905611297251459,0,0,0,0,0,0,0,0,0,0,0.0505617977528089,2,5,0,0.0,0,http://atlassaver.com/vendor/phpunit/phpunit/src/util/home/billing.php?sslchannel=true&sessionid==f5qtuwhch2hwikmnuksxvmp5lropauksdnpjfywuv0i0g9plcrf5ky4jqmzmidxzwzdptrggm1rzdjej,1,0,0
61,26,28,4,1,2,1,4.46542458370626,0,0,0,0,0,0,0,0,0,0,0.0655737704918032,0,0,0,0.0,0,http://expedition-colis.myvnc.com/espaceabonne/bibaztgkmv4494,1,0,0
21,14,0,2,0,2,1,3.594465636961452,0,0,0,0,0,0,0,0,0,0,0.0952380952380952,0,0,1,0.61079023225011,0,http://www.55jjyy.com,0,0,0
24,12,5,10,0,3,2,3.688721875540867,0,0,0,1,0,0,0,0,0,0,0.4166666666666667,0,0,0,0.0,0,http://45.194.92.12/arm5,1,0,0
21,14,0,0,0,2,1,3.308751351247166,0,0,0,0,0,0,0,0,0,0,0.0,0,0,1,0.8045303059659399,0,http://www.webhop.net,0,0,0
27,20,0,0,0,3,2,3.958229168669879,0,0,0,0,0,0,0,0,0,0,0.0,0,0,1,0.879011408833346,0,http://www.duckzone.kilu.de,0,0,0
90,20,63,16,1,2,1,4.753212408384618,0,0,0,0,0,1,0,2,0,0,0.1777777777777777,0,0,0,0.0,0,http://0efbd9f.wcomhost.com/de/banking-postbank/login/privatkunden/de/653e956b88b5b4d51a33,1,0,0
41,32,1,0,3,2,1,4.1923218214274165,1,0,0,0,0,0,0,1,0,0,0.0,0,0,1,0.8506514783209393,0,https://kutxabank-sp-po.abode-global.com/,0,0,0
72,27,38,7,0,1,0,4.378929037545771,0,0,0,0,0,0,0,1,0,0,0.0972222222222222,0,0,0,0.0,1,http://civilcontractorsinmumbai.in/signonv2screen/bankofamerica/2c279a81,1,0,0
60,15,38,1,1,1,0,4.529040021224233,0,0,0,0,0,0,0,1,0,0,0.0166666666666666,0,1,0,0.0,0,http://alphaproject.us/wp-admin/js/widgets/keybank/zowy4nwi=,1,0,0
19,12,0,1,0,2,1,3.5766176449086653,0,0,0,0,0,0,0,0,0,0,0.0526315789473684,0,0,0,0.0,0,http://www.jee9.com,0,0,0
26,17,1,2,1,2,1,4.026986833359286,1,0,0,0,0,0,0,0,0,0,0.0769230769230769,0,0,0,0.0,0,https://srf-55jkv.web.app/,0,0,0
25,11,7,3,0,1,0,3.943465189601646,0,0,0,0,0,0,0,0,1,0,0.12,0,0,0,0.0,0,http://312unes.top/office,1,0,0
18,11,0,0,0,2,1,3.4613201402110083,0,0,0,0,0,0,0,0,0,0,0.0,0,0,1,0.869473768164806,0,http://www.vicp.me,0,0,0
124,19,60,4,1,4,0,4.478650166584015,0,0,0,0,0,0,0,2,0,0,0.032258064516129,0,1,0,0.0,0,http://bestfriendofman.com/wp-includes/js/swfupload/mtb2020/onlinebankingmtb/secq.html?onlinebanking.mtb.com/login/mtbsignon,1,0,0
37,29,1,0,1,2,1,4.003259028248121,0,0,0,0,0,0,0,0,0,0,0.0,0,0,1,0.8356269785300674,0,http://metamask-restorer.netlify.app/,0,0,0
38,14,17,11,0,3,2,4.313459750171823,0,0,0,1,0,0,0,1,0,0,0.2894736842105263,0,0,0,0.0,0,http://45.147.229.197/banks/desjardins,1,0,0
26,18,0,0,1,2,1,3.7483286603655737,1,0,0,0,0,0,0,0,0,0,0.0,0,0,0,0.0,0,https://www.top-metiers.fr,1,0,0
20,13,0,0,0,2,1,3.446439344671015,0,0,0,0,0,0,0,0,0,0,0.0,0,0,1,0.821616559682274,0,http://www.rgoro.com,0,0,0
195,9,53,55,1,9,0,5.148989075618265,0,0,0,0,0,0,0,1,0,0,0.282051282051282,1,14,0,0.0,1,"http://censor.be/wordpress/ca%203.0/a6191882c87f89c4a1e867e1e913f224/?user-agent=mozilla/5.0+(windows+nt+10.0;+win64;+x64)+applewebkit/537.36+(khtml,+like+gecko)+chrome/86.0.4240.75+safari/537.36",1,0,0
25,16,1,3,1,2,1,3.943465189601646,1,0,0,0,0,0,0,0,0,0,0.12,0,0,1,0.5853780094560497,0,https://frwa-587.web.app/,0,0,0
30,20,3,0,0,2,1,4.0062389286533895,0,0,0,0,0,0,0,0,0,0,0.0,0,0,1,0.5284276390525872,0,http://www.lukiproducts.com/jp,0,0,0
62,24,30,15,2,2,1,4.56485815736401,1,0,0,0,0,0,0,0,0,0,0.2419354838709677,0,0,0,0.0,0,https://kv-cont-blared.pages.dev/help/contact/284755512051484/,1,0,0
41,32,1,5,2,2,1,4.238666566058884,1,0,0,0,0,0,0,0,0,0,0.1219512195121951,0,0,1,0.5209030906521555,0,https://support-management-76454.web.app/,0,0,0
95,32,56,20,0,4,1,4.709580377684965,0,0,0,0,0,0,0,0,0,0,0.2105263157894736,0,0,0,0.0,0,http://businessmail.shrishtisoftech.com/url.return/bol.westpac/f20bac450d45f870be26b323b98e9b83,1,0,0
35,27,0,0,0,3,2,4.014438730983427,1,0,0,0,0,0,0,0,0,0,0.0,0,0,0,0.0,0,https://www.imobiliariarohde.com.br,1,0,0
52,43,1,2,0,3,2,4.219791286223957,1,0,0,0,0,0,0,0,0,0,0.0384615384615384,0,0,0,0.0,0,https://cloudyfavorableapplication.paobac27.repl.co/,0,0,0
91,7,76,9,0,2,0,4.822823048030253,1,0,0,0,0,0,0,0,0,0,0.0989010989010989,0,0,1,0.7909851672078761,0,https://ipfs.io/ipfs/bafybeifrpvkgtfv3bq4dvzsiponxm2oboamux3do2cp4lkzu5qjvlxdzxu/00aaa.html,0,0,0
23,16,0,0,1,2,1,3.795088586397733,0,0,0,0,0,1,0,0,0,0,0.0,0,0,1,0.9548849758832104,0,http://www.kaif-tut.com,0,0,0
126,48,9,12,2,5,3,5.030735683188603,0,0,0,0,0,0,0,0,0,0,0.0952380952380952,1,4,0,0.0,0,http://app-ipnn.zmzkvciqo0-yjr3odykr61m.p.runcloud.link/next.php?/privacy_mutation_token=gy4dgsfwsw345gsder7wtsef50ghfgesrd3fd,1,0,0
89,26,13,24,1,4,2,4.786747195519189,0,0,0,0,0,0,0,0,0,0,0.2696629213483146,1,2,0,0.0,0,http://com-xd2jlq9rp.isiolo.go.ke/profile.html?countuser=95d5556cd9e49c546ec94d829fe39527,1,0,0
30,22,0,0,0,2,1,4.0062389286533895,1,0,0,0,0,0,0,0,0,0,0.0,0,0,0,0.0,0,https://www.claudellcrafts.com,1,0,0
241,16,19,68,1,14,0,5.009588331583397,0,0,0,0,0,0,0,0,0,0,0.2821576763485477,4,18,0,0.0,0,http://evenimentewow.ro/bb/amencn-1/en.php?rand=13inboxlightaspxn.1774256418&fid.4.1252899642&fid=1&fav.1&rand.13inboxlight.aspxn.1774256418&fid.1252899642&fid.1&fav.1&email=ewvzd2lnc0bvdwxvb2suy29t&.rand=13inboxlight.aspx?n=1774256418&fid=4,1,0,0
20,13,0,0,0,2,1,3.5841837197791886,0,0,0,0,0,0,0,0,0,0,0.0,0,0,1,0.8128761163184539,0,http://www.pbhack.ru,0,0,0
65,46,12,12,0,7,5,4.398894160177217,0,0,0,0,0,0,0,1,0,1,0.1846153846153846,0,0,0,0.0,0,http://bankia.particular.u9166251y1.ha004.t.justns.ru/b1/card.php,1,0,0
62,36,19,6,1,2,1,4.60299570537369,0,0,0,0,0,0,0,0,0,0,0.0967741935483871,0,0,0,0.0,0,http://facinorous-spindle.000webhostapp.com/centurylink/c65dd3,1,0,0
84,75,1,8,0,3,2,4.821038411833738,1,0,0,0,0,0,0,0,0,0,0.0952380952380952,0,0,1,0.8592236491351721,0,https://bafybeif5ulhxe6eddiy6tzbsw3byvdqigroyt2zbm5r4gclavfri5vchwm.ipfs.fleek.cool/,0,0,0
36,10,19,2,0,2,0,4.218128820706466,0,0,0,0,0,0,0,0,1,0,0.0555555555555555,0,0,0,0.0,1,http://gevink.xyz/51ya/whatsapp.html,1,0,0
43,11,25,8,0,4,2,4.190929511009918,0,0,0,1,0,0,0,1,0,0,0.1860465116279069,0,0,0,0.0,0,http://40.66.48.99/banks/bmo/myonportal.php,1,0,0
17,9,1,4,0,1,0,3.219528282299548,0,0,0,0,0,0,0,0,0,0,0.2352941176470588,0,0,1,0.5061388490779193,0,http://3115tt.me/,0,0,0
52,17,28,5,0,1,0,4.60198942047256,0,0,0,0,0,0,0,0,0,0,0.0961538461538461,0,1,0,0.0,0,http://aniyahgoldner.com/ubaldo%20kirlin/mazon/361ef,1,0,0
134,106,21,47,3,4,3,5.029662885757852,0,0,0,0,0,0,0,1,0,0,0.3507462686567164,0,0,0,0.0,0,http://cox.com-6159368de39251d7a-login.id-107sbtd9cbhsbtd5d80a13c0db1f546757jnq9j5754675756628490.kylelierman.com/iloystgnjfrgthteawvo,1,0,0
19,11,0,0,0,2,1,3.5766176449086653,1,0,0,0,0,0,0,0,0,0,0.0,0,0,0,0.0,0,https://www.ncr.com,1,0,0
32,12,13,9,0,3,2,4.030639062229566,0,0,0,1,0,0,0,0,0,0,0.28125,0,0,0,0.0,0,http://40.69.99.254/finance/tang,1,0,0
20,13,0,0,0,2,1,3.546439344671015,0,0,0,0,0,0,0,0,0,0,0.0,0,0,0,0.0,0,http://www.stmfl.com,0,0,0
64,25,12,16,0,2,1,5.054229296672175,0,0,0,0,0,0,0,0,1,0,0.25,2,4,1,0.5142835220876053,0,http://pmmbayjixd.mood4sewe.club/vnafvra97w/?q=3717065149&id=100,0,0,0
66,10,49,3,1,1,0,4.621813582814051,0,0,0,0,0,0,0,0,0,0,0.0454545454545454,0,2,0,0.0,0,http://eas-lb.com/cole/new/css/5eyfqg/bmhhcnjpc0buyxrjb2xslmnvbq==,1,0,0
25,11,7,10,0,3,2,3.733660689688185,0,0,0,1,0,0,0,0,0,0,0.4,0,0,0,0.0,0,http://31.56.27.76/n2/sh4,1,0,0
95,35,14,26,1,3,1,4.86340156687353,0,0,0,0,0,0,0,0,0,0,0.2736842105263158,1,2,0,0.0,0,http://craigslistorg-22110701.kahulasup.ch/apprevert.php?toapp=5ef5d1430d6b79fb98bb3322eccc7d79,1,0,0
22,15,0,0,0,2,1,3.879664004902593,0,0,0,0,0,0,0,0,0,0,0.0,0,0,0,0.0,0,http://www.brejoin.com,0,0,0
37,16,13,7,0,2,1,4.023661393171458,1,0,0,0,0,0,0,0,0,0,0.1891891891891892,0,0,0,0.0,0,https://urlhaus.abuse.ch/url/3660671/,1,0,0
23,16,0,4,0,2,1,3.762267390651495,0,0,0,0,0,0,0,0,1,0,0.1739130434782608,0,0,0,0.0,0,http://www.adb205b1.top,0,0,0
21,14,0,0,0,2,1,3.8801799226757367,0,0,0,0,0,0,0,0,0,0,0.0,0,0,1,0.5263358005342419,0,http://www.dnsabr.com,0,0,0
26,19,0,0,1,2,1,3.8441065448145375,0,0,0,0,0,0,0,0,0,0,0.0,0,0,1,0.5956179436840194,0,http://www.giraffe-tour.ru,0,0,0
27,19,0,0,0,2,1,3.986187965046305,1,0,0,0,0,0,0,0,0,0,0.0,0,0,0,0.0,0,https://www.mynewcastle.org,1,0,0
75,12,56,0,0,6,0,4.293594873136082,0,0,0,0,0,0,0,4,0,0,0.0,0,0,0,0.0,1,http://adsxcell.com/sms/bankofamerica.com.login.update/signinscreen.go.html,1,0,0
23,15,0,0,0,3,2,3.729446194905257,1,0,0,0,0,0,0,0,0,0,0.0,0,0,0,0.0,0,https://www.gabi.fot.br,1,0,0
29,22,0,0,0,2,1,3.810928306279287,0,0,0,0,0,0,0,0,0,0,0.0,0,0,0,0.0,0,http://www.spiritsoundart.net,0,0,0
32,24,0,0,0,2,1,4.054229296672174,1,0,0,0,0,0,0,0,0,0,0.0,0,0,0,0.0,0,https://www.kimberleyprocess.com,1,0,0
194,26,42,16,2,3,1,4.789267625201108,0,0,0,0,0,0,0,0,0,0,0.0824742268041237,2,16,0,0.0,1,http://autthhchasee07.duckdns.org/chase%20good/chase%20page%20good/home.php?public/enroll/identifyuser-aspx-lob=rbglogon=mtcwmda1njy0oa==mtcwmda1njy0oa==&session=mtcwmda1njy0oa==mtcwmda1njy0oa==,1,0,0
109,21,49,3,0,6,1,4.48395505597051,0,0,0,0,0,0,0,0,0,0,0.0275229357798165,0,3,0,0.0,0,http://ajaportasdeaco.com.br/portal3/bradesco.com.br/suporte/desktop/home.php?cli=&/t9k6yxbnrd/cmmbzaywbo.php,1,0,0
145,36,28,64,1,2,1,4.681118323586977,0,0,0,0,0,0,0,0,0,0,0.4413793103448276,0,2,0,0.0,0,http://chalkier-depletion.000webhostapp.com/logon/logon/auth/home/auth/?6368616c6b6965722d6465706c6574696f6e2e303030776562686f73746170702e636f6d=,1,0,0
74,11,56,9,0,1,0,4.633166839762813,0,0,0,0,0,0,0,0,0,0,0.1216216216216216,0,0,0,0.0,0,http://dedcare.com/dee/new/css/v3p1yd/am91a2uuagftc3ryyubtawnyb21lzglhlm5s,1,0,0
54,16,31,3,0,2,0,4.27083258572981,0,0,0,0,0,1,0,0,0,0,0.0555555555555555,0,0,0,0.0,0,http://clearcitynet.com/cpprototype/basu2n56/index.php,1,0,0
23,15,0,0,0,2,1,3.6424896731661263,1,0,0,0,0,0,0,0,0,0,0.0,0,0,0,0.0,0,https://www.ussteel.com,1,0,0
215,17,59,84,0,2,0,4.721824381150446,0,0,0,0,0,0,0,0,0,0,0.3906976744186046,0,1,0,0.0,0,http://curtiskariuki.com/ss/donee/done/don/do/don/do/1drvme/verificationattempt.php?sf58gfd1s689sxd2sdf8angf264s9df23sd2f1n495k3l2c151645172991f1477dbd26917ef3822423f62e984a91f1477dbd26917ef3822423f62e984a91f1477dbd,1,0,0
89,26,13,22,1,4,2,4.934156358201927,0,0,0,0,0,0,0,0,0,0,0.247191011235955,1,2,0,0.0,0,http://com-pw60aq7uu.isiolo.go.ke/profile.html?countuser=687540f13ff6c9d4a7429ef6fdac1f02,1,0,0
62,36,19,7,1,2,1,4.570737640857562,0,0,0,0,0,0,0,0,0,0,0.1129032258064516,0,0,0,0.0,0,http://facinorous-spindle.000webhostapp.com/centurylink/e9d699,1,0,0
66,14,45,0,0,4,0,4.145905862598638,0,0,0,0,0,0,0,0,0,0,0.0,0,0,0,0.0,0,http://firetillis.com/directing/www.atbonline.com/atb/details.html,1,0,0
76,17,52,24,0,1,0,4.497799475408132,0,0,0,0,0,1,0,0,0,0,0.3157894736842105,0,0,0,0.0,0,http://cpk1transport.com/bfa/bofa/bofa/bofa/9551dfb7790422089b2ce91d5c3432e4,1,0,0
88,14,36,0,1,4,1,4.491539255829627,0,0,1,0,0,1,0,1,0,0,0.0,1,2,0,0.0,0,http://dashart.com.br/wp-snapshots/xixia/ene/en/index.php?loginid=nobody@mycraftmail.com,1,0,0
27,20,0,7,0,3,2,4.032303242743954,0,0,0,0,0,0,0,0,0,0,0.2592592592592592,0,0,0,0.0,0,http://www.a0310625.xsph.ru,0,0,0
26,18,0,0,0,2,1,3.950063756436209,1,0,0,0,0,0,0,0,0,0,0.0,0,0,1,0.6404722221800025,0,https://www.glambeaute.com,0,0,0
23,16,0,0,0,2,1,3.708132064658602,0,0,0,0,0,0,0,0,0,0,0.0,0,0,0,0.0,0,http://www.cheffsys.com,0,0,0
228,14,21,62,3,6,2,5.205419138074024,0,0,0,1,0,0,0,2,0,0,0.2719298245614035,5,10,0,0.0,0,http://43.153.193.223/v3/signin/identifier?dsh=s-1576709870:1689366479029082&ifkv=aedofxjw8x3f4mf0zm5lsbi-beztk2i4vntufp48x8igkfmxkb5fgpxvgogccmogaxrye4wura-p&xrealip=107.178.232.162&flowname=glifwebsignin&flowentry=servicelogin,1,0,0
38,29,1,10,1,2,1,4.366091329119193,1,0,0,0,0,0,0,0,0,0,0.2631578947368421,0,0,1,0.6610861472793312,0,https://092-100505dh3e.weeblysite.com/,0,0,0
55,47,0,23,4,3,2,4.5472814775078,1,0,0,0,0,0,0,0,0,0,0.4181818181818181,0,0,1,0.8585002721253366,0,https://7685d2fd-68be-4cd2-93b0-850514815d24.id.repl.co,0,0,0
21,14,0,0,0,2,1,3.689703732199547,0,0,0,0,0,0,0,0,0,0,0.0,0,0,1,0.7720549439677787,0,http://www.youlya.com,0,0,0
35,28,0,0,0,2,1,3.5468807887948466,0,0,0,0,0,0,0,0,0,0,0.0,0,0,0,0.0,0,http://www.entrenamientoenlinea.net,0,0,0
56,47,1,0,3,2,1,4.084078253057286,1,0,0,0,0,0,0,1,0,0,0.0,0,0,1,0.9652047705962524,0,https://dev-banco-general-desactivation.pantheonsite.io/,0,0,0
76,19,50,30,1,4,2,4.618591329770843,0,1,0,1,0,0,0,0,0,0,0.3947368421052631,0,1,0,0.0,0,http://201.16.194.227:2550/TmpFTP/LOG_AJUSTEFOS/0022/001/08-2019/06/info.zip,1,0,0
95,32,13,26,1,4,2,4.83161682994033,0,0,0,0,0,0,0,0,0,0,0.2736842105263158,1,2,0,0.0,0,http://comments-3028189796.laytim.co.ke/profile.html?countuser=ca31edede77be126e650cf9ca5f9e066,1,0,0
37,16,13,7,0,2,1,4.098117812148849,1,0,0,0,0,0,0,0,0,0,0.1891891891891892,0,0,0,0.0,0,https://urlhaus.abuse.ch/url/3738246/,1,0,0
46,37,1,0,0,2,1,4.068438108892937,1,0,0,0,0,0,0,0,0,0,0.0,0,0,1,0.5814700531895068,0,https://kuuucoineslugincesss.godaddysites.com/,0,0,0
23,16,0,0,0,2,1,3.675310868912364,0,0,0,0,0,0,0,0,0,0,0.0,0,0,1,0.6882720532359328,0,http://www.rokadorc.com,0,0,0
30,21,1,0,0,2,1,3.964735178725505,1,0,0,0,0,0,0,0,0,0,0.0,0,0,1,0.8221470865032371,0,https://www.stackoverflow.com/,0,0,0
59,21,30,5,0,2,1,4.240374354623177,1,0,0,0,0,0,0,0,0,0,0.0847457627118644,0,0,0,0.0,0,https://jpmodafeminina.com.br/redirecttion/cicprince/37600/,0,0,0
29,15,6,0,0,2,1,3.745406425938248,1,0,0,0,0,0,0,0,0,0,0.0,0,0,1,0.8363263104943957,0,https://www.twitter.com/about,0,0,0
38,21,10,0,0,3,2,4.201231789474709,0,0,0,0,0,0,0,0,0,0,0.0,0,0,0,0.0,0,http://fjc.yfm.mybluehost.me/sbb/index,1,0,0
26,18,0,0,0,2,1,3.767183467891461,1,0,0,0,0,0,0,0,0,0,0.0,0,0,0,0.0,0,https://www.layscience.net,1,0,0
168,16,64,39,1,2,1,5.110902674752593,0,0,0,0,0,0,0,1,0,0,0.2321428571428571,1,4,0,0.0,0,http://cp406.ezyreg.com/~didi2974/susinett12344/loacc/24688fd2a3b80e620a1e7d7debac32c3/?dispatch=qcbjfpixcaipm8qlshvhygl6hmbv5otwb4frtxo687wvgmg84c&amp;emailmessage-id:,1,0,0
32,25,0,0,1,3,2,3.866729296672175,0,0,0,0,0,0,0,0,1,0,0.0,0,0,1,0.9587962812428747,0,http://www.kakao.net-all.website,0,0,0
28,13,8,10,0,3,2,3.9677201004744993,0,0,0,1,0,0,0,0,0,0,0.3571428571428571,0,0,0,0.0,0,http://130.12.180.64/bins/sl,1,0,0
32,25,0,0,0,3,2,3.920958593344349,0,0,0,0,0,0,0,0,0,0,0.0,0,0,1,0.8689271974928329,0,http://www.hanghoa.trenduang.com,0,0,0
102,40,13,28,1,4,2,4.9694194899841,0,0,0,0,0,0,0,1,0,0,0.2745098039215686,1,2,0,0.0,0,http://confirm.fbookus-40608293.gruppotiozzo.it/nextvrf.html?location=69a227f1f6272640fd4e9aecd35f35e3,1,0,0
22,15,0,0,0,2,1,3.5726236638951634,0,0,0,0,0,0,0,0,0,0,0.0,0,0,1,0.7542456767247163,0,http://www.gmailapp.me,0,0,0
46,13,26,10,0,4,2,4.246843348378739,0,0,0,1,0,0,0,0,0,0,0.217391304347826,0,0,0,0.0,0,http://52.229.88.149/finance/simplii/index.php,1,0,0
32,13,12,10,0,4,2,4.038909765557392,0,0,0,1,0,0,0,0,0,0,0.3125,0,0,0,0.0,0,http://130.12.180.64/bins/mob.sh,1,0,0
43,16,20,6,0,2,0,4.208485034316045,0,0,0,0,0,0,0,0,0,0,0.1395348837209302,0,0,0,0.0,0,http://esautodealer.com/1b14843/wallet.html,1,0,0
23,15,0,0,0,2,1,3.588354347173233,1,0,0,0,0,1,0,0,0,0,0.0,0,0,0,0.0,0,https://www.hubspot.com,0,0,0
34,25,2,0,1,2,1,4.138502179294739,0,0,0,0,0,0,0,0,1,0,0.0,0,0,0,0.0,0,http://ezdrivema.com-ioiakul.top/i,1,0,0
24,17,0,0,0,2,1,3.772055208874201,0,0,0,0,0,0,0,1,1,0,0.0,0,0,1,0.7357295223020852,0,http://www.coinpirate.cf,0,0,0
294,11,21,58,0,7,2,5.168969477799286,0,0,0,1,0,0,0,4,0,0,0.1972789115646258,7,17,0,0.0,1,http://49.51.43.12/v3/signin/identifier?dsh=s1141881290:1678993227686369&continue=https://accounts.google.com/&followup=https://accounts.google.com/&ifkv=awnoghcoahv1l3szeqw_mwz3t3lpjjhdn5cew5qpdt2j8octeoobvkd54uzwgy5ax_q7ac1_v024eg&passive=1209600&flowname=glifwebsignin&flowentry=servicelogin,1,0,0
40,32,0,0,0,2,1,3.943942707918268,1,0,0,0,0,0,0,0,0,0,0.0,0,0,0,0.0,0,https://www.christchurchnewbrunswick.org,1,0,0
22,6,9,2,0,2,0,3.754441845713344,0,0,0,0,0,0,0,0,0,0,0.0909090909090909,0,0,0,0.0,0,http://kpq.at/dlr.m68k,1,0,0
39,31,0,0,0,2,1,4.04784676997788,1,0,0,0,0,0,0,0,0,0,0.0,0,0,0,0.0,0,https://www.canadianislamiccongress.com,1,0,0
41,21,13,6,0,2,1,4.314749870418975,0,0,0,0,0,0,0,0,0,0,0.1463414634146341,0,0,0,0.0,0,http://srv892825.hstgr.cloud/systemcl/arm,1,0,0
170,33,62,31,0,3,1,4.765821176096532,0,0,0,0,0,0,0,2,0,0,0.1823529411764705,3,6,0,0.0,0,http://cloudswoodsriver.cloudaccess.host/dashboard/overviewaccounts/overview/home/myaccount/access.php?websrc=e17ea285ad581008aac6b89b49ab879e&dispatched=69&id=8130951939,1,0,0
48,41,0,28,0,2,1,4.285701501208652,0,0,0,0,0,0,0,0,1,0,0.5833333333333334,0,0,1,0.5697338369018273,0,http://www.r2073476025279a4878f01e9fc95032379.ws,0,0,0
21,14,0,4,0,2,1,3.594465636961452,0,0,0,0,0,0,0,0,0,0,0.1904761904761904,0,0,0,0.0,0,http://www.am8866.com,0,0,0
43,26,9,10,0,2,1,4.50127783584588,1,0,0,0,0,0,0,0,1,0,0.2325581395348837,0,0,1,0.5987631807900293,0,https://informjnpost8.65777433.xyz/zuyluoy8,0,0,0
79,11,1,41,0,1,0,4.589855553034601,1,0,0,0,0,0,0,0,0,0,0.5189873417721519,1,5,1,0.6845591425969766,0,https://cc04323.com/?__cbk=3da56a2284dbef60bab0e9e34e9158fa51676363864_10372455,0,0,0
33,26,0,2,2,2,1,4.27137063437885,0,0,0,0,0,0,0,0,0,0,0.0606060606060606,0,0,1,0.5912202942119309,0,http://www.cdn12-web-security.com,0,0,0
39,32,0,0,0,2,1,4.067202859776943,0,0,0,0,0,0,0,0,0,0,0.0,0,0,0,0.0,0,http://www.municipiodenuevahelvecia.com,0,0,0
33,26,0,0,0,3,2,3.861983513035609,0,0,0,0,0,1,0,0,0,0,0.0,0,0,0,0.0,0,http://www.runtime.heroisshit.com,0,0,0
68,40,20,0,0,5,4,4.399695841684042,1,0,0,0,0,0,0,1,0,1,0.0,0,0,1,0.9726776062068868,0,https://zonasegura.cajatrujillo.com.pe.murata.mx/clientehbpj/wflogin,0,0,0
30,22,0,0,0,2,1,4.031401845392172,1,0,0,0,0,0,0,0,0,0,0.0,0,0,0,0.0,0,https://www.calciomagazine.net,1,0,0
99,37,55,11,1,7,1,4.439455803589556,0,0,0,0,0,0,0,0,0,0,0.1111111111111111,0,0,0,0.0,0,http://bengalese-accruemen.000webhostapp.com/u.s.2019/u.s.2019/help/logon/home/auth/information.php,1,0,0
37,16,13,7,0,2,1,3.990009704040741,1,0,0,0,0,0,0,0,0,0,0.1891891891891892,0,0,0,0.0,0,https://urlhaus.abuse.ch/url/3740370/,1,0,0
85,38,40,6,0,4,3,4.647150348586869,0,0,0,0,0,0,0,0,0,0,0.0705882352941176,0,0,0,0.0,0,http://delivery.attempt.failure.feedmybot.net/public/q05y20zlkmumhuqkwbcb3kcjuwmtcm3o,1,0,0
428,13,21,91,3,13,2,5.263193714926332,0,0,0,1,0,0,0,4,0,0,0.2126168224299065,8,24,0,0.0,1,http://43.134.167.94/v3/signin/identifier?dsh=s1023727801:1679484518737887&followup=https://accounts.google.com/?&ifkv=awnoghemflabfth-d87jcydkbabmoova9ne6snmx0aw7mo1h-qmaqah83ud-jt15feyb8ugi_oot&passive=1209600&xrealip=107.178.231.227&continue=https://accounts.google.com/?&xrealip=217.114.215.131&flowname=glifwebsignin&flowentry=servicelogin&ifkv=aqmjq7qe7gfpkhwcmxun2j16s7ozzqg8xxbuolxrajwuvp0bvni0zdrsu24km_niqlthheqncfgnkw,1,0,0
71,39,25,1,1,6,5,4.318938148809162,0,0,0,0,0,0,0,1,0,1,0.0140845070422535,0,0,0,0.0,0,http://es-la.facebook.com.https.s1.gvirabi.com/marketplace/directory/eg,1,0,0
34,27,0,0,0,4,3,3.903208061647681,0,0,0,0,0,0,0,0,0,0,0.0,0,0,1,0.6607206844404149,0,http://www.kristalgrabs.ru.xsph.ru,0,0,0
35,26,1,2,1,2,1,4.243010159554855,1,0,0,0,0,0,0,0,0,0,0.0571428571428571,0,0,1,0.6679500642330458,0,https://bwur-ccb41.firebaseapp.com/,0,0,0
28,21,0,0,0,2,1,3.851823225551767,0,0,0,0,0,0,0,0,0,0,0.0,0,0,1,0.5571656633367976,0,http://www.broadcastnews.pro,0,0,0
179,35,55,33,1,3,1,4.9267347084718685,0,0,0,0,0,0,0,0,0,0,0.1843575418994413,0,24,0,0.0,0,http://decrepit-spindles.000webhostapp.com/lossunt/lost/like/daa/fkjhe7rw792384ewuro28rh/1/1.html?%3c%3fphp_echo_%24negara_%24z_%24anon_%24x_%24isma_%24z_%24nama_negara%3b_%3f%3e=,1,0,0
29,22,0,0,0,2,1,3.8404025467025056,0,0,0,0,0,0,0,0,1,0,0.0,0,0,0,0.0,0,http://www.tasteofseafood.xyz,0,0,0
46,37,1,14,1,2,1,4.484987227560984,1,0,0,0,0,0,0,0,0,0,0.3043478260869565,0,0,0,0.0,0,https://fb-case42564236349184.firebaseapp.com/,0,0,0
41,32,1,6,2,2,1,4.345118467927183,1,0,0,0,0,0,0,0,0,0,0.1463414634146341,0,0,1,0.5868535058805251,0,https://yahoo-team-108983.weeblysite.com/,0,0,0
140,23,110,70,2,2,0,4.72202641548969,0,0,0,0,0,0,0,0,0,0,0.5,0,0,0,0.0,0,http://alchemy-advertising.net/ca3cf97b12dd1b88fa4005fcc76b7635c75aad4617992308128c9716227d66ed33321580b2b86189256514d10c232130/sign-in.html,1,0,0
29,22,0,0,0,2,1,3.8143719431796272,0,0,0,0,0,0,0,0,1,0,0.0,0,0,1,0.8003606298174111,0,http://www.hightechcrime.club,0,0,0
66,25,34,0,0,2,0,4.0497162331199,0,0,0,0,0,0,0,0,0,0,0.0,0,0,0,0.0,0,http://dynamicdataprocessing.net/contractdoc/cdoc/invoice.php/logs,1,0,0
41,32,1,0,0,2,1,3.899638894598149,1,0,0,0,0,0,0,0,0,0,0.0,0,0,1,0.7076946220198783,0,https://redemondremebese.firebaseapp.com/,0,0,0
21,14,0,0,0,2,1,3.6537567082870006,0,0,0,0,0,0,0,0,1,0,0.0,0,0,0,0.0,0,http://www.edllat.xyz,0,0,0
109,12,90,1,4,3,0,4.286309695742391,0,0,0,0,0,0,0,2,0,0,0.0091743119266055,0,0,0,0.0,0,http://ajanspir.com/wp-content/plugins/masterx/americanexpress-com.ent-login-update/amex/amex/home/index2.php,1,0,0
67,11,49,1,2,3,1,4.241045444564708,0,0,0,0,0,0,0,2,0,0,0.0149253731343283,0,0,0,0.0,0,http://amdl.com.br/deposit/cibc1/ebm-mobile-anp/accountconfirm.html,1,0,0
19,11,0,0,0,2,1,3.6818808028034016,1,0,0,0,0,0,0,0,0,0,0.0,0,0,0,0.0,0,https://www.nabu.de,1,0,0
119,25,87,6,3,3,1,4.715008129244088,0,0,0,0,0,0,0,0,0,0,0.0504201680672268,0,0,0,0.0,0,http://bancolombia-i3.replit.app/mua/user/scis/j6unvhzsitlyrxstpnfun4tssjgejkn7dldp6fxsjfxo/3d/no-back-button/index.php,1,0,0
37,11,19,0,0,2,0,4.270132081786695,0,0,0,0,0,0,0,0,0,0,0.0,0,0,0,0.0,0,http://fromesa.com/agnjb/indexupm.php,1,0,0
29,22,0,0,0,2,1,3.978333581185265,0,0,0,0,0,0,0,0,0,0,0.0,0,0,1,0.5189356747190315,0,http://www.oclearningteam.com,0,0,0
24,17,0,1,0,3,2,3.720175521464345,0,0,0,0,0,0,0,0,0,0,0.0416666666666666,0,0,0,0.0,0,http://www.p0k.igmxw.com,0,0,0
38,31,0,0,0,3,2,4.135699552746469,0,0,0,0,0,0,0,0,0,0,0.0,0,0,0,0.0,0,http://www.najlepsiebyvanie.webmerc.eu,0,0,0
95,26,62,19,1,3,1,4.69957501098577,0,0,0,0,0,0,0,0,0,0,0.2,0,3,0,0.0,0,http://dev-nixtpm.pantheonsite.io/af6bc8fabe9937f570534e548c470e6f/seleccione_medio_de_pago.php,1,0,0
22,15,0,7,0,2,1,3.697845823084412,0,0,0,0,0,0,0,0,0,0,0.3181818181818182,0,0,1,0.6513446511725851,0,http://www.1731788.com,0,0,0
37,16,13,7,0,2,1,4.098117812148849,1,0,0,0,0,0,0,0,0,0,0.1891891891891892,0,0,0,0.0,0,https://urlhaus.abuse.ch/url/3709204/,1,0,0
61,14,40,11,0,3,2,4.340676379207296,0,0,0,1,0,0,0,2,0,0,0.180327868852459,0,0,0,0.0,0,http://155.138.128.74/serviice/account/update/your/account/pp,1,0,0
88,28,14,25,1,3,1,4.615626580131265,0,0,0,0,0,0,0,0,0,0,0.2840909090909091,1,2,0,0.0,0,http://accban-07280085.kahulasup.ch/apprevert.php?toapp=a7800319cc7d338f53dcca4e538feddf,1,0,0
55,47,0,22,4,3,2,4.492380568259549,1,0,0,0,0,0,0,0,0,0,0.4,0,0,1,0.829726649917454,0,https://f5ef06fb-6061-4aec-a16a-876484179788.id.repl.co,0,0,0
38,31,0,0,0,2,1,4.11583409216322,0,0,0,0,0,0,0,0,0,0,0.0,0,0,1,0.7495737693913187,0,http://metamaskreview.godaddysites.com,0,0,0
32,24,0,0,0,2,1,4.140319531114783,1,0,0,0,0,0,0,0,0,0,0.0,0,0,0,0.0,0,https://www.davincivaporizer.com,1,0,0
71,16,48,1,1,2,0,4.321387436009961,0,0,0,0,0,0,0,0,0,0,0.0140845070422535,0,0,0,0.0,0,http://bestbrigades.com/wordpress/wp-content/plugins/m4d/cgi/thanks.php,1,0,0
32,24,0,0,0,2,1,3.7539280318460246,1,0,0,0,0,0,0,0,0,0,0.0,0,0,0,0.0,0,https://www.vivaentertainment.ph,1,0,0
32,14,11,11,0,4,2,4.202819531114783,0,0,0,1,0,0,0,0,0,0,0.34375,0,0,0,0.0,0,http://193.201.82.146/Pandora.sh,1,0,0
73,49,16,9,3,7,5,4.597292457667265,1,0,0,0,0,0,0,1,0,1,0.1232876712328767,0,0,1,0.6237617492183514,0,https://login.cert.dokument.info.46-137-69-52.cprapid.com/id/finlogin.php,0,0,0
47,38,1,4,2,2,1,4.266730872678045,1,0,0,0,0,0,0,0,0,0,0.0851063829787234,0,0,1,0.982166963696876,0,https://mutedwarmhashmap--coronado2121.repl.co/,0,0,0
37,16,13,7,0,2,1,4.098117812148849,1,0,0,0,0,0,0,0,0,0,0.1891891891891892,0,0,0,0.0,0,https://urlhaus.abuse.ch/url/3740252/,1,0,0
65,13,45,0,0,2,0,3.933681376215256,0,0,0,0,0,1,0,0,0,0,0.0,0,0,0,0.0,0,http://etechlist.com/costco/directing/atbonline/atb/complete.html,1,0,0
34,25,1,2,0,2,1,4.043057694064253,1,0,0,0,0,0,0,1,0,0,0.0588235294117647,0,0,0,0.0,0,https://update20.godaddysites.com/,0,0,0
35,27,0,0,0,3,2,4.243010159554855,1,0,0,0,0,0,0,0,0,0,0.0,0,0,0,0.0,0,https://www.racingqueensland.com.au,1,0,0
27,20,0,0,0,3,2,3.8100810205217313,0,0,0,0,0,0,0,0,0,0,0.0,0,0,1,0.9723886700007088,0,http://www.oqeyb.welco.live,0,0,0
81,34,40,8,0,3,1,4.52336323856651,0,0,0,0,0,0,0,0,0,0,0.0987654320987654,0,5,0,0.0,0,http://blackwizardmagician.persiangig.com/html%20code/sign%20in%20to%20yahoo!.htm,1,0,0
24,16,0,1,0,2,1,3.772055208874201,1,0,0,0,0,0,0,0,0,0,0.0416666666666666,0,0,0,0.0,0,https://www.apps2you.com,1,0,0
20,13,0,0,0,2,1,3.2841837197791888,0,0,0,0,0,0,0,0,0,0,0.0,0,0,0,0.0,0,http://www.ccucu.com,0,0,0
27,19,0,0,0,2,1,3.986187965046304,1,0,0,0,0,0,0,0,0,0,0.0,0,0,0,0.0,0,https://www.lavinamusic.com,1,0,0
36,14,15,0,0,2,1,3.884795487373134,0,0,0,0,0,0,0,0,0,0,0.0,0,0,0,0.0,1,http://dfitness.co.rs/linke/linkedin,1,0,0
58,33,18,3,0,3,1,4.126883960749847,0,0,0,0,0,0,0,1,0,0,0.0517241379310344,0,0,0,0.0,1,http://ankitsrivastava.000webhostapp.com/facebook/post.php,1,0,0
73,50,15,6,2,5,3,4.564547806632154,1,0,0,0,0,0,0,0,0,0,0.0821917808219178,0,1,0,0.0,0,https://olauusuuuduusisiddd.s3.us-east-005.backblazeb2.com/index+(1).html,0,0,0
55,46,1,9,3,2,1,4.466110687567616,1,0,0,0,0,0,0,0,0,0,0.1636363636363636,0,0,1,0.6646496402828954,0,https://review-appeal-status-100249821.firebaseapp.com/,0,0,0
56,19,30,11,1,2,1,4.541393261529372,0,0,0,0,0,0,0,1,0,0,0.1964285714285714,0,0,0,0.0,0,http://c1770209.ferozo.com/login/postale/id-client/4025a,1,0,0
26,19,0,1,0,3,2,3.661226256269789,0,0,0,0,0,0,0,0,0,0,0.0384615384615384,0,0,1,0.8504477051754594,0,http://www.ns3.hostasa.org,0,0,0
22,15,0,0,0,2,1,3.788754913993502,0,0,0,0,0,0,0,0,1,0,0.0,0,0,1,0.7470549344223785,0,http://www.hgnkljbn.cf,0,0,0
20,12,0,0,0,2,1,3.5841837197791886,1,0,0,0,0,0,0,0,0,0,0.0,0,0,0,0.0,0,https://www.sync.com,1,0,0
89,42,40,7,0,4,3,4.72371752726709,0,0,0,0,0,0,0,0,0,0,0.0786516853932584,0,0,0,0.0,0,http://delivery.attempt.failure.saliscreation.com/public/8a7w2b7dkmybe6qgk9gaczzm4ttcnagt,1,0,0
26,17,1,0,0,1,0,3.902174814211727,1,0,0,0,0,0,0,0,0,0,0.0,0,0,0,0.0,0,https://mintnftworlds.com/,0,0,0
29,22,0,0,0,2,1,3.814371943179627,0,0,0,0,0,0,0,0,1,0,0.0,0,0,0,0.0,0,http://www.andareavela.online,0,0,0
89,36,46,6,3,2,1,4.429338527938779,0,0,0,0,0,0,0,0,0,0,0.0674157303370786,0,1,0,0.0,1,http://geomedical-fourths.000webhostapp.com/chase-pin%20(3)/chase-pin/home/home/home/auth,1,0,0
54,27,20,0,1,2,0,4.075198161344255,0,0,0,0,0,0,0,0,0,0,0.0,0,0,1,0.8619471053446948,0,http://maharashtra-enterprises.com/feedback/portal.php,0,0,0
26,19,0,0,0,2,1,3.8441065448145375,0,0,0,0,0,0,0,0,0,0,0.0,0,0,1,0.7418712831146586,0,http://www.mailerdaemon.me,0,0,0
33,13,13,10,0,3,2,4.2107645737727895,0,0,0,1,0,0,0,0,0,0,0.303030303030303,0,0,0,0.0,0,http://130.12.180.64/bins/kermips,1,0,0
80,33,1,28,0,2,1,4.912326145256007,1,0,0,0,0,1,0,0,0,0,0.35,2,4,1,0.7354183514848462,0,https://informasjon379820922.blogspot.com/?trkid=pn8322826547413800&sub1=tb4j9lf,0,0,0
68,28,33,10,0,2,0,4.529912797158649,0,0,0,0,0,0,0,0,0,0,0.1470588235294117,0,0,0,0.0,0,http://aikawiparticularesmovil.mobi/40xycjk0wthma0i/app88e9c33/3.php,1,0,0
29,21,0,0,0,2,1,3.797467632984005,1,0,0,0,0,0,0,0,0,0,0.0,0,0,0,0.0,0,https://www.usswashington.com,1,0,0
23,15,0,0,0,2,1,3.708132064658602,1,0,0,0,0,0,0,0,0,0,0.0,0,0,1,0.5553798045053747,0,https://www.discord.com,0,0,0
329,18,304,46,2,2,1,4.981566785196768,0,0,0,0,0,0,0,0,0,0,0.1398176291793313,0,0,0,0.0,0,http://fr.chromeproxy.net/direct/ahr0chm6ly93d3cuzmfjzwjvb2suy29tl3rylz9pzd0xndg1ntmwntk1mdexndm4jmv2pvbpegvssw5pdglhbgl6zwqmzgw9ahr0ccuzqsuyriuyrmzylmnocm9tzxbyb3h5lm5ldcuyrmrpcmvjdcuyrmfiujbjrg92tdnkm2r5nwxjm0j1wtnkcfkybhvabth1wti5dex3ls0mcmw9ahr0ccuzqsuyriuyrnd3dy5jahjvbwvwcm94es5uzxqlmkymawy9zmfsc2umdhm9mtq2nju4ntaymty5nw--,1,0,0
124,32,85,35,0,2,1,4.804491192789518,0,0,0,0,0,0,0,0,0,0,0.282258064516129,0,1,0,0.0,0,http://ca74070c843716722.temporary.link/0de5f8f5dazf255dsmcpskvlcd/fvrgcdfe26d68jdncvrj%20ef55efr/vbf0h2ez6fds36bthfdv2fvdvs,1,0,0
24,17,0,0,1,2,1,3.657268229617389,0,0,0,0,0,0,0,0,0,0,0.0,0,0,1,0.5832193138404229,0,http://www.mima-tech.com,0,0,0
20,13,0,0,1,2,1,3.546439344671015,0,0,0,0,0,0,0,0,0,0,0.0,0,0,1,0.6762357518052751,0,http://www.a-team.ru,0,0,0
28,21,0,0,0,3,2,3.824862957617356,0,0,0,0,0,0,0,0,0,0,0.0,0,0,0,0.0,0,http://www.thsweed.fburl.fun,0,0,0
27,20,0,0,0,2,1,3.8841550945958048,0,0,0,0,0,0,0,0,0,0,0.0,0,0,0,0.0,0,http://www.rocketbagger.com,0,0,0
22,14,0,0,0,2,1,3.629219686524096,1,0,0,0,0,1,0,0,0,0,0.0,0,0,0,0.0,0,https://www.eegent.com,1,0,0
72,40,25,6,3,3,2,4.730717932792568,0,0,0,0,0,0,0,1,0,0,0.0833333333333333,0,0,0,0.0,0,http://detflix-96f2de.ingress-baronn.easywp.com/wp-admin/qwerty/login710,1,0,0
48,28,12,1,0,4,2,4.155187698990101,1,0,0,0,0,0,0,0,0,0,0.0208333333333333,0,0,1,0.7991780681839413,0,https://provicional.detallex.repl.co/index1.html,0,0,0
430,13,21,90,4,13,2,5.290090127504604,0,0,0,1,0,0,0,4,0,0,0.2093023255813953,8,23,0,0.0,1,http://43.134.167.94/v3/signin/identifier?amp;followup=https://accounts.google.com&ifkv=askxgp0if6mhj0f4pwfzsuk0fgiyuberjh_nceorhakl9oehvcjsyednf4qaoagqbp63abyovyh8yq&passive=1209600&xrealip=35.203.245.156&continue=https://accounts.google.com/?&xrealip=185.194.93.13&flowname=weblitesignin&flowentry=servicelogin&ifkv=askxgp3y1szy-40oebaffexch0kf8orj-3mkpf0kq-i4sm5ql72ceuoibqbdt9etcmvnj_y6azv2ig&dsh=s-1895665046:1704427784343978,1,0,0
83,18,58,0,1,1,0,4.290617902093481,0,0,0,0,0,0,0,2,0,0,0.0,0,2,0,0.0,0,http://eurosoft-group.com/administrator/modules/mod_online/ppl/confirm/websc_signin,1,0,0
19,11,0,0,0,2,1,3.471354487013929,1,0,0,0,0,0,0,0,0,0,0.0,0,0,0,0.0,0,https://www.ccvm.es,1,0,0
18,11,0,0,0,2,1,3.239097917988786,0,0,0,0,0,0,0,0,0,0,0.0,0,0,1,0.5822872350060107,0,http://www.mett.ru,0,0,0
37,16,13,7,0,2,1,4.098117812148849,1,0,0,0,0,0,0,0,0,0,0.1891891891891892,0,0,0,0.0,0,https://urlhaus.abuse.ch/url/3740239/,1,0,0
42,34,0,0,0,2,1,3.987090041620335,1,0,0,0,0,0,0,0,0,0,0.0,0,0,0,0.0,0,https://sicredi.cooperativaprotegidapj.com,0,0,0
24,12,5,10,0,3,2,3.938721875540868,0,0,0,1,0,0,0,0,0,0,0.4166666666666667,0,0,0,0.0,0,http://89.32.41.172/arm6,1,0,0
25,18,0,1,0,2,1,3.8332696895151073,0,0,0,0,0,0,0,0,0,0,0.04,0,0,1,0.5215150740047775,0,http://www.d5innovote.com,0,0,0
24,17,0,0,0,2,1,3.970175521464345,0,0,0,0,0,0,0,0,0,0,0.0,0,0,1,0.5857113661383258,0,http://www.argojeans.com,0,0,0
43,36,0,0,1,4,3,4.257319115016275,0,0,0,0,0,0,0,0,0,0,0.0,0,0,1,0.7348092081761104,0,http://www.ftp.innocent-isayev.sexidude.com,0,0,0
55,40,8,0,4,2,1,4.1398928964793145,0,0,0,0,0,0,0,0,0,0,0.0,0,0,0,0.0,0,http://appeal-voilation-policy-issues.github.io/-submit,1,0,0
76,34,10,1,0,2,0,4.568338822762736,0,0,0,0,0,0,0,1,0,0,0.0131578947368421,1,2,0,0.0,0,http://corraegarantasuatramontinaaqui.com/login.php?skullid=ndyzmzqznzc1jjew,1,0,0
58,11,40,6,0,1,0,4.594460089694049,0,0,0,0,0,0,0,0,0,0,0.1034482758620689,0,0,0,0.0,0,http://djbraak.com/public/97kluz98gptxfnqrq9bmtd8gtcuxbdte,1,0,0
50,14,29,0,0,2,0,4.061147631579379,0,0,0,0,0,0,0,0,0,0,0.0,0,0,0,0.0,0,http://ojlogistica.mx/keeler/keesler/personal.html,0,0,0
23,16,0,0,0,2,1,3.588354347173233,0,0,0,0,0,0,0,0,1,0,0.0,0,0,0,0.0,0,http://www.tuophiloe.ml,0,0,0
25,18,0,0,0,2,1,3.973660689688185,0,0,0,0,0,0,0,0,0,0,0.0,0,0,0,0.0,0,http://www.easygolos.link,0,0,0
31,24,0,0,1,2,1,4.018081793978685,0,0,0,0,0,0,0,0,0,0,0.0,0,0,1,0.8775042132454627,0,http://www.ers-technologies.com,0,0,0
20,13,0,0,0,2,1,3.6841837197791887,0,0,0,0,0,0,0,0,0,0,0.0,0,0,1,0.5502518872502093,0,http://www.doable.nl,0,0,0
41,8,25,13,0,1,0,4.301839504248711,1,0,0,0,0,0,0,0,1,0,0.3170731707317073,0,0,0,0.0,0,https://bio.site/h3h84j9f59jf84j674bnf7s2,0,0,0
28,21,0,1,0,3,2,3.851823225551766,0,0,0,0,0,0,0,0,0,0,0.0357142857142857,0,0,1,0.5374656089837198,0,http://www.ns1.chopsuwey.com,0,0,0
46,37,1,0,1,2,1,4.118579554250693,1,0,0,0,0,1,0,0,0,0,0.0,0,0,1,0.9349527751551012,0,https://fb.help-metabusinessappealrequest.com/,0,0,0
291,11,24,111,0,2,0,4.885227322933818,0,0,0,0,0,0,0,0,0,0,0.3814432989690721,7,14,0,0.0,0,http://doofits.com/makwswq/cloud/main.html?accesstofile=validating&fileaccess=37419&encryptedcookie=014c99bd08b127e733e963e3ea3d2b97&u=82ff99eebe9f54350855654bec0e1996&connecting=68483e8b62900b5caa8e9d7b50ca257c&phaseaccess=73f7ed2f3dfd821e986e1320017c733f&p=2b457ced8058412ec640c71ad4140594,1,0,0
25,17,0,0,0,2,1,4.213660689688184,1,0,0,0,0,0,0,0,0,0,0.0,0,0,0,0.0,0,https://www.kidfrugal.com,1,0,0
107,21,8,22,0,3,0,4.908484310051066,0,0,0,0,0,0,0,1,0,0,0.205607476635514,3,8,0,0.0,0,http://destinoislademaipo.cl/update/?country.x=ru&locale.x=en_ru%3e&client=0bd4d664e30fd822f6be1709398133de,1,0,0
58,11,40,5,0,1,0,4.57800115103227,0,0,0,0,0,0,0,0,0,0,0.0862068965517241,0,0,0,0.0,0,http://djbraak.com/public/ixilruxj5oivnv9cqxu4pusyb64byibt,1,0,0
25,18,0,0,0,2,1,3.683856189774724,0,0,0,0,0,0,0,0,0,0,0.0,0,0,1,0.6763794019154352,0,http://www.wolffsachs.com,0,0,0
39,31,1,7,0,4,3,4.265544846790009,0,0,0,0,0,0,0,0,0,0,0.1794871794871795,0,0,1,0.8172982604041685,0,http://www.u1930783.cp.regruhosting.ru/,0,0,0
65,13,45,31,0,3,2,4.39293084382484,0,0,0,1,0,0,0,0,0,0,0.4769230769230769,0,0,0,0.0,0,http://159.89.161.84/onlina/cibc/f761571948ce9c03c7d79bc9e346e01d,1,0,0
62,55,0,30,0,1,0,4.4605937469332,0,0,0,0,0,0,0,0,0,0,0.4838709677419355,0,0,1,0.5009284642633153,0,http://webb0x4e5ef3493bcfb5e7548913c3f2a40623be7d7f984819.live,0,0,0
37,16,13,7,0,2,1,4.044063758094795,1,0,0,0,0,0,0,0,0,0,0.1891891891891892,0,0,0,0.0,0,https://urlhaus.abuse.ch/url/3747639/,1,0,0
74,15,52,21,0,4,2,5.165072115424301,0,0,0,1,0,0,0,0,0,0,0.2837837837837837,0,0,0,0.0,0,http://135.225.120.199/Vye32GsS2g38eKHmaKrLdDjgrnf2YBT4/FGx8SNCa4txePA.ppc,1,0,0
108,17,84,2,1,5,0,4.329879818198425,0,0,0,0,0,0,0,1,0,0,0.0185185185185185,0,0,0,0.0,0,http://ayurvedajeevan.in/adds/covid-19/invoice/toda/index.php/js/css/css/online.lloydsbank.co.uk/assets/logs,1,0,0
57,36,13,5,2,3,1,4.3170368914646,1,0,0,0,0,0,0,1,0,0,0.087719298245614,0,0,0,0.0,0,https://account-status-42623.firebaseapp.com/mappeal.html,0,0,0
28,20,0,0,0,2,1,3.699513850319966,1,0,0,0,0,0,0,0,1,0,0.0,0,0,1,0.7602174051714705,0,https://www.solutionfun.info,0,0,0
18,10,0,0,0,1,0,3.725480556997868,1,0,0,0,0,0,0,0,0,0,0.0,0,0,1,0.9108840979427312,0,https://indeed.com,0,0,0
98,14,77,16,2,3,2,4.932975150743019,0,0,0,1,0,0,0,0,0,0,0.1632653061224489,0,0,0,0.0,0,http://18.190.152.220/mua/user/scis/j6unvhzsitlyrxstpnfun4tssjgejkn7dldp6fxsjfxo/3d/no-back-button,1,0,0
29,21,0,0,0,2,1,4.004364184708142,1,0,0,0,0,0,0,0,0,0,0.0,0,0,0,0.0,0,https://www.kcirishparade.com,1,0,0
19,12,0,1,1,2,1,3.6818808028034016,0,0,0,0,0,0,0,0,0,0,0.0526315789473684,0,0,0,0.0,0,http://www.dns-1.co,0,0,0
37,16,13,7,0,2,1,4.044063758094795,1,0,0,0,0,0,0,0,0,0,0.1891891891891892,0,0,0,0.0,0,https://urlhaus.abuse.ch/url/3682316/,1,0,0
45,26,11,4,0,3,1,4.508193929518777,1,0,0,0,0,0,0,0,0,0,0.0888888888888888,0,0,0,0.0,0,https://www.backupallfresh2030.com/nimper.pdf,1,0,0
42,33,1,3,3,2,1,4.2072117677593,1,0,0,0,0,0,0,0,0,0,0.0714285714285714,0,0,1,0.5215937302168782,0,https://fb-restriction-case-97be5.web.app/,0,0,0
30,22,0,0,0,2,1,3.989898095464287,1,0,0,0,0,0,0,0,0,0,0.0,0,0,0,0.0,0,https://www.taylormichaels.com,1,0,0
26,19,0,0,0,3,2,4.0269868333592855,0,0,0,0,0,0,0,0,0,0,0.0,0,0,1,0.8971684953323631,0,http://www.snrp.uglyas.com,0,0,0
26,19,0,0,0,2,1,3.8441065448145375,0,0,0,0,0,0,0,0,0,0,0.0,0,0,0,0.0,0,http://www.bvoraltavoy.com,0,0,0
23,16,0,0,0,2,1,3.588354347173233,0,0,0,0,0,0,0,0,0,0,0.0,0,0,1,0.6014385309063239,0,http://www.nimitta.life,0,0,0
566,14,545,103,0,9,2,4.6291473233961415,0,0,0,1,0,0,0,2,0,0,0.1819787985865724,0,45,0,0.0,0,http://212.104.43.201/errors/53/ndex.php/''''http:/212.104.43.201/errors/53/fifththirdbankinglogin_fifththirdbank_files/fifththirdbankinglogin_fifththirdbank_files/fifththirdbankinglogin_fifththirdbank_files/js/fifththirdbankinglogin_fifththirdbank_files/fifth%20third%20banking%20login%20_%20fifth%20third%20bank_files/fifth%20third%20banking%20login%20_%20fifth%20third%20bank_files/fifth%20third%20banking%20login%20_%20fifth%20third%20bank_files/fifth%20third%20banking%20login%20_%20fifth%20third%20bank_files/widget_iframe.67506ef287a81e691ccccf99870d175e.html,1,0,0
236,20,97,67,2,4,1,4.915602899828253,0,0,0,0,0,0,0,5,0,0,0.2838983050847458,3,7,0,0.0,1,http://binainsanitour.co.id/wp-admin/files/secure/update/bankofamerica.com/boa/947b33aa864146d29e055b7e5995b9de/security.php?cmd=_account-details&session=bd6080346ed7be9ddd9222ae51b71313&dispatch=963ffcf44a57dd4269b905882467b1ab4d05b0fe,1,0,0
45,4,5,0,2,1,0,4.32231553003877,1,0,0,0,0,0,0,2,0,0,0.0,0,2,1,0.5750549359796349,1,https://v.ht/wnki?home-facebook-confirmation=,0,0,0
31,22,1,1,1,2,1,4.082597923010943,1,0,0,0,0,0,0,0,0,0,0.032258064516129,0,0,1,0.9566338823271634,0,https://metafb-iacdqc5.web.app/,0,0,0
34,25,1,6,1,2,1,4.091159812399539,1,0,0,0,0,0,0,0,1,0,0.1764705882352941,0,0,1,0.5729822301620864,0,https://attcom-109199.square.site/,0,0,0
24,17,0,1,0,3,2,4.0220552088742005,0,0,0,0,0,0,0,0,0,0,0.0416666666666666,0,0,1,0.9343955859269084,0,http://www.3je.sdybv.com,0,0,0
73,20,46,5,1,1,0,4.616290018597578,0,0,0,0,0,0,0,0,0,0,0.0684931506849315,0,0,0,0.0,0,http://darkside-defense.com/acrobat/files/ry4mhd/ywdvbgrtyw5aaggty3auy29t,1,0,0
24,17,0,0,0,3,2,3.7406015629507223,0,0,0,0,0,0,0,0,0,0,0.0,0,0,1,0.915423785108512,0,http://www.safer.ddns.us,0,0,0
50,23,19,0,0,2,0,3.9411476315793785,1,0,0,0,0,0,0,1,0,0,0.0,0,0,1,0.7173282595745953,0,https://terapiaespecializada.es/mtb/app/verify.php,0,0,0
22,15,0,0,0,2,1,3.697845823084412,0,0,0,0,0,0,0,0,0,0,0.0,0,0,0,0.0,0,http://www.proxyfor.eu,0,0,0
51,24,20,5,0,3,1,4.172356842677028,0,0,0,0,0,0,0,0,0,0,0.0980392156862745,0,0,0,0.0,0,http://bofa32.000webhostapp.com/boanxnx/log/cap.php,1,0,0
58,33,18,3,1,3,2,4.251197384784284,0,0,0,0,0,0,0,0,0,0,0.0517241379310344,0,0,0,0.0,0,http://etransfers.interac.ca-accesd8.com/sh/i0og7r/simplii,1,0,0
25,16,1,0,0,2,1,3.6536606896881856,1,0,0,0,0,0,0,0,0,0,0.0,0,0,1,0.6458742947812588,0,https://s.smcbazmszu.icu/,0,0,0
41,9,25,1,0,2,0,4.1898860782540055,0,0,0,0,0,0,0,0,0,0,0.024390243902439,0,0,0,0.0,0,http://bwpcr.com/dir/suncoast1/mobile.php,1,0,0
26,19,0,0,0,2,1,3.979097891134805,0,0,0,0,0,0,0,0,0,0,0.0,0,0,1,0.7153546625452898,0,http://www.laymancoder.com,0,0,0
29,22,0,0,0,2,1,4.073329701949522,0,0,0,0,0,0,0,0,0,0,0.0,0,0,1,0.8728161899652812,0,http://amghrqcgpu.duckdns.org,0,0,0
21,14,0,2,0,2,1,3.463280517810811,0,0,0,0,0,0,0,0,0,0,0.0952380952380952,0,0,1,0.6182715895347985,0,http://www.55xhxh.com,0,0,0
21,14,0,0,0,2,1,3.784941827437642,0,0,0,0,0,0,0,0,1,0,0.0,0,0,0,0.0,0,http://www.millerb.cf,0,0,0
33,12,14,9,0,3,2,4.2107645737727895,0,0,0,1,0,0,0,1,0,0,0.2727272727272727,0,0,0,0.0,0,http://159.203.0.94/banks/simplii,1,0,0
94,85,1,30,0,3,2,4.545726218307648,1,0,0,0,0,0,0,0,0,0,0.3191489361702128,0,0,0,0.0,0,https://officeonedrivec34109e8baa4f981ff836aec31d86510c34109e8baa4f981f.softshare.workers.dev/,0,0,0
70,11,52,8,1,1,0,4.687344488808574,0,0,0,0,0,0,0,0,0,0,0.1142857142857142,0,0,0,0.0,0,http://cf-ipfs.com/ipfs/qmezrgtw51rumh3kgqwm3mpmeuivwhruvvuy25q7mn7tao,1,0,0
37,16,13,7,0,2,1,3.935955649986687,1,0,0,0,0,0,0,0,0,0,0.1891891891891892,0,0,0,0.0,0,https://urlhaus.abuse.ch/url/3747779/,1,0,0
37,16,13,7,0,2,1,3.969607339117404,1,0,0,0,0,0,0,0,0,0,0.1891891891891892,0,0,0,0.0,0,https://urlhaus.abuse.ch/url/3730222/,1,0,0
19,11,0,0,0,2,1,3.471354487013929,1,0,0,0,0,0,0,0,0,0,0.0,0,0,0,0.0,0,https://www.hlrs.de,1,0,0
237,11,17,40,6,10,2,5.120998107365553,0,0,0,1,0,0,0,3,0,0,0.1687763713080168,5,12,0,0.0,1,http://43.156.7.24/interactivelogin?continue=https://accounts.google.com/?&followup=https://accounts.google.com/?&passive=1209600&xrealip=107.178.239.199&ifkv=aqmjq7rvumfnk6xksqi6q9-h-ctxglwvcl-c6-n2-uual2bg8ra7cirxloxq8issww7ke81kufe-ga,1,0,0
37,16,13,7,0,2,1,4.044063758094795,1,0,0,0,0,0,0,0,0,0,0.1891891891891892,0,0,0,0.0,0,https://urlhaus.abuse.ch/url/3697906/,1,0,0
31,24,0,0,1,1,0,3.8700143595985903,0,0,0,0,0,0,0,0,0,0,0.0,0,0,0,0.0,0,http://trastpad-pancakeswap.com,0,0,0
29,22,0,0,0,2,1,3.952302977662386,0,0,0,0,0,0,0,0,0,0,0.0,0,0,1,0.5093439803106676,0,http://www.bssystemonline.com,0,0,0
31,23,0,0,2,2,1,4.17146526179041,1,0,0,0,0,0,0,0,0,0,0.0,0,0,0,0.0,0,https://www.dai-berserk-ten.com,1,0,0
44,35,1,5,2,2,1,4.453416561671606,1,0,0,0,0,0,0,0,0,0,0.1136363636363636,0,0,1,0.8414647353523558,0,https://ventaglobal-share-0ff1ce365.web.app/,0,0,0
66,20,39,14,0,2,1,4.557831483927323,0,0,0,0,0,1,0,0,0,0,0.2121212121212121,0,1,0,0.0,0,http://060a47e.wcomhost.com/postale_new/postale12/79fvev8xxevx7875,1,0,0
135,12,116,23,0,1,0,4.914277197809477,0,0,0,0,0,0,0,1,0,0,0.1703703703703703,0,2,0,0.0,0,http://fudavida.org/login/mostronix/53369123e22c659d1ea1aa0afaa60e1aywm3nwmyogizyzvizjk0ymiymwzinzyzyty5ndc5ndq=/resolution/websc_login,1,0,0
35,21,7,1,0,2,1,4.071581588126283,0,0,0,0,0,0,0,0,0,0,0.0285714285714285,0,0,1,0.988991290332983,0,http://panelorange.2waky.com/orange,0,0,0
116,38,50,16,2,3,1,4.5678018169334935,0,0,0,0,0,0,0,1,0,0,0.1379310344827586,1,2,0,0.0,0,http://creditagricolemessageries.kinsta.cloud/login/login/ca-end-off/1e6a24de1a1ef74/region.php?auth=1e6a24de1a1ef74,1,0,0
26,19,0,1,0,2,1,3.8252517372886494,0,0,0,0,0,0,0,0,0,0,0.0384615384615384,0,0,1,0.6956111983440365,0,http://www.2itchyfeets.com,0,0,0
22,14,0,0,0,2,1,3.6412498004554794,1,0,0,0,0,0,0,0,0,0,0.0,0,0,1,0.984880730176036,0,https://www.zillow.com,0,0,0
40,32,0,0,0,2,1,4.127567157116928,1,0,0,0,0,0,0,0,0,0,0.0,0,0,0,0.0,0,https://www.performancehorseblankets.com,1,0,0
80,45,28,5,4,3,1,4.635754932517598,0,0,0,0,0,0,0,2,0,0,0.0625,0,5,0,0.0,0,http://free-fire-hadia-gratis-gays.000webhostapp.com/join_grup_wa_18_+/login.php,1,0,0
37,28,1,0,2,2,1,4.229327351940021,1,0,0,0,0,0,0,0,0,0,0.0,0,0,1,0.6945287548331383,0,https://hdfc-pan-kyc.firebaseapp.com/,0,0,0
40,23,9,0,0,2,1,4.146439344671015,1,0,0,0,0,0,0,0,1,0,0.0,0,0,1,0.9627408180937184,0,https://caixa.gerenciadorpj.xyz/gerencia,0,0,0
39,30,1,6,2,2,1,4.2117021424282175,1,0,0,0,0,0,0,0,0,0,0.1538461538461538,0,0,1,0.9694244638957524,0,https://att-mail-106060.weeblysite.com/,0,0,0
53,32,13,1,4,3,1,4.357558369976581,1,0,0,0,0,0,0,1,0,0,0.0188679245283018,0,0,1,0.7500903763163476,0,https://www-rakuten-card-co-jp.hgih4.com/pc/login.php,0,0,0
57,21,29,4,0,1,0,4.528249172469998,0,0,1,0,0,0,0,0,0,0,0.0701754385964912,0,0,0,0.0,0,http://clienteinformativo.me/@/0a0rblsno8bggmedcnku1utpmi,1,0,0
28,21,0,0,0,2,1,3.6959472263874704,0,0,0,0,0,0,0,0,0,0,0.0,0,0,1,0.6690676777921644,0,http://www.freightagents.net,0,0,0
88,61,20,0,6,4,2,4.084908120992199,0,0,0,0,0,0,0,1,0,0,0.0,0,0,0,0.0,1,http://aasp-apple-portal-online.com.apple-myaccess-portal-online.com/smsverification.php,1,0,0
21,7,7,2,0,1,0,3.8801799226757367,0,0,0,0,0,0,0,0,0,0,0.0952380952380952,0,0,1,0.8313995829324969,0,http://ur.link/24bper,0,0,0
487,32,160,133,7,7,0,5.241181016527472,0,0,0,0,0,0,0,1,0,0,0.2731006160164271,2,11,0,0.0,0,http://antique-french-mantel-clocks.com/wp/wp-includes/js/mediaelement/renderers/imagr/trop/accountidddaaaaaaxxxxxxxxxxxc00ba4f59bc6db9890509d8082c70dcf/97b6ff38c7e904cd71f338263fa4b21f/up-dating.php?country.x=-&acct.x=id-ppl=pa324188.166.98.249=scrpg=95063c916259201ea3656be35ef558f930fe3ec546743f1028ccb87a47b441e3s=$1$vpmwr994$jtdxslnbcyunyrauexksc/n2qpdcxturdyezhscjztin6bfv7aj5pam4hgobo9kuqvg0lrfi8ylmxe3swkw1vreyvwoectnfmpc89im1xfqya6ltbr5kddzuh2asunwj37xsbhgij0qpgozk4l96181975915,1,0,0
31,24,0,2,0,3,2,4.1313003425053605,0,0,0,0,0,0,0,0,0,0,0.064516129032258,0,0,1,0.9649064787311032,0,http://www.chelpo94landsa.rr.nu,0,0,0
92,20,24,32,2,2,0,4.536573643065991,0,0,0,0,0,0,0,0,0,0,0.3478260869565217,0,1,0,0.0,0,http://expeditions-of-e.com/rna/ourtime/ourtime.php?65787065646974696f6e732d6f662d652e636f6d,1,0,0
79,32,40,6,0,3,2,4.627785457114976,0,0,0,0,0,0,0,0,0,0,0.0759493670886076,0,0,0,0.0,0,http://delivery.attempt.intexlinkbd.net/public/vt7mlo3c2lplrac0rersh4wfbvynngh2,1,0,0
224,15,44,88,0,2,0,4.719073771078272,0,0,0,0,0,0,0,1,0,0,0.3928571428571428,3,7,0,0.0,0,http://gadgetshade.com/ultrabranch/alaskausa/ultrabranch/login.php?cmd=login_submit&id=928f74ca74d448eab3526244d0f757d2928f74ca74d448eab3526244d0f757d2&session=928f74ca74d448eab3526244d0f757d2928f74ca74d448eab3526244d0f757d2,1,0,0
40,33,0,11,2,4,3,4.015311532225102,0,0,0,0,0,0,0,0,0,0,0.275,0,0,0,0.0,0,http://www.11716-45741.ws4.pph-server.de,0,0,0
72,45,1,6,2,3,1,4.617502258236517,0,0,0,0,0,0,0,0,0,0,0.0833333333333333,1,3,1,0.627336781480041,0,http://renew-ovhdomain-c13e9923.viakeralatravels.com/?serv=xfacto.ca&amp,0,0,0
59,26,25,0,1,4,2,4.3047856946194525,1,0,0,0,0,0,0,0,0,0,0.0,0,0,1,0.8716854485890937,0,https://www.sydneyartsguide.com.au/wp-content/jan/index.php,0,0,0
28,21,0,0,1,2,1,3.994680368408909,0,0,0,0,0,0,0,0,0,0,0.0,0,0,1,0.7146890214163044,0,http://www.buckfast-zucht.de,0,0,0
22,15,0,0,0,2,1,3.6635327548042538,0,0,0,0,0,0,0,0,1,0,0.0,0,0,1,0.6122263351116388,0,http://www.htname.info,0,0,0
159,29,9,13,0,3,1,4.998677317997642,0,0,0,0,0,0,0,0,0,0,0.0817610062893081,3,6,0,0.0,0,http://caisseepargninfos.duckdns.org/pass.php?channel=true&form=loading&passwd=ikyk14obllldl5jqyieg10lxjzrle73a2g64moanyihfitnsodhuli4t55cptuyxqhqfkbofwhxcjlzc,1,0,0
16,9,0,0,0,2,1,2.9056390622295662,0,0,0,0,0,0,0,0,0,0,0.0,0,0,1,0.823226621018776,0,http://www.ph.gp,0,0,0
25,13,5,11,0,3,2,4.023465189601646,0,0,0,1,0,0,0,0,0,0,0.44,0,0,0,0.0,0,http://158.94.208.39/arm6,1,0,0
31,20,4,3,0,2,1,4.106949132758152,0,0,0,0,0,0,0,0,0,0,0.0967741935483871,0,0,0,0.0,0,http://durgesh240.github.io/pwd,1,0,0
24,17,0,0,1,2,1,3.772055208874201,0,0,0,0,0,0,0,0,1,0,0.0,0,0,1,0.5335853118682176,0,http://www.shaparak-n.ml,0,0,0
37,16,13,7,0,2,1,4.152171866202903,1,0,0,0,0,0,0,0,0,0,0.1891891891891892,0,0,0,0.0,0,https://urlhaus.abuse.ch/url/3709152/,1,0,0
37,16,13,7,0,2,1,4.098117812148849,1,0,0,0,0,0,0,0,0,0,0.1891891891891892,0,0,0,0.0,0,https://urlhaus.abuse.ch/url/3718219/,1,0,0
39,17,15,21,0,6,2,3.5858977332854813,0,1,0,1,0,0,0,0,0,0,0.5384615384615384,0,0,0,0.0,0,http://117.72.242.9:9999/02.08.2022.exe,1,0,0
39,30,1,5,1,2,1,4.2336188853070205,1,0,0,0,0,0,0,0,0,0,0.1282051282051282,0,0,1,0.8408642878799963,0,https://project5-d6656.firebaseapp.com/,0,0,0
48,41,0,21,0,2,1,4.363521032323435,0,0,0,0,0,0,0,0,1,0,0.4375,0,0,0,0.0,0,http://www.j97ea502203c3ac71c9b57cc625a9f694d.ws,0,0,0
34,20,7,16,0,4,2,3.844384532235916,0,1,0,1,0,0,0,0,0,0,0.4705882352941176,0,0,0,0.0,0,http://222.127.63.213:47942/bin.sh,1,0,0
25,18,0,0,1,2,1,3.893660689688185,0,0,0,0,0,0,0,0,1,0,0.0,0,0,1,0.5967465681451449,0,http://www.shpk-sanair.gq,0,0,0
115,74,10,11,0,5,2,4.856688144966558,1,0,1,0,0,0,0,0,0,0,0.0956521739130434,1,2,0,0.0,0,https://bafybeigbywaah3iux3pe7mlkcpcofk7vvwlcangxznp2343r7kjg3l6iim.ipfs.dweb.link/index.htm?email=victim@email.com,0,0,0
26,17,1,6,0,2,1,4.026986833359286,1,0,0,0,0,0,0,0,0,0,0.2307692307692307,0,0,1,0.950865713216562,0,https://off123401.web.app/,0,0,0
47,25,15,1,0,2,0,4.392265649909751,0,0,0,0,0,0,0,0,1,0,0.0212765957446808,0,1,0,0.0,0,http://advancedsmicrodesigns.xyz/step2_otp.html,1,0,0
49,28,13,0,0,2,0,4.163293201691458,1,0,0,0,0,0,0,0,0,0,0.0,0,0,1,0.6780860174119335,0,https://servicleangtvirtualperson.es/bi/index.php,0,0,0
21,13,0,0,0,1,0,3.689703732199547,1,0,0,0,0,0,0,0,0,0,0.0,0,0,0,0.0,0,https://wordpress.com,0,0,0
25,18,0,0,0,2,1,3.863465189601646,0,0,0,0,0,0,0,0,0,0,0.0,0,0,0,0.0,0,http://www.fatflorida.com,0,0,0
27,20,0,0,0,3,2,3.661932872373583,0,0,0,0,0,0,0,0,0,0,0.0,0,0,1,0.8888852891550567,0,http://www.ert.eiwagggg.com,0,0,0
32,23,1,4,1,2,1,4.241729296672174,1,0,0,0,0,0,0,0,0,0,0.125,0,0,1,0.7771444012146922,0,https://m-e9807.firebaseapp.com/,0,0,0
25,18,0,0,0,2,1,3.893660689688185,0,0,0,0,0,0,0,0,0,0,0.0,0,0,1,0.9094755854599212,0,http://www.quanchidau.com,0,0,0
51,42,1,12,3,2,1,4.6084123516481545,1,0,0,0,0,0,0,0,0,0,0.2352941176470588,0,0,1,0.9770746586176112,0,https://fb-com-100062394550-review.firebaseapp.com/,0,0,0
97,19,15,5,0,2,0,4.862763425032305,1,0,0,0,0,0,0,0,0,0,0.0515463917525773,1,5,1,0.8239490367919828,0,https://nowgamesentergo.com/gala/index.php?userid=&a=vluxe6wpwmhaqkvucany77j9xsqx8ajvtfuwsdhtkga=,0,0,0
30,22,1,0,0,2,1,4.123231428797621,0,0,0,0,0,0,0,0,0,0,0.0,0,0,1,0.759378089383336,0,http://ssaignzqw.hyperphp.com/,0,0,0
90,19,19,17,0,1,0,4.897152613299986,0,0,0,0,0,0,0,0,0,0,0.1888888888888888,2,6,0,0.0,0,http://arberoaikastola.org/f0b4h5d88bb406e23/?xra=arx&xav=yw50b25ldgfac2jjz2xvymfslm5lda==,1,0,0
29,20,1,0,1,2,1,3.797467632984005,1,0,0,0,0,0,0,1,0,0,0.0,0,0,1,0.6581998946989083,0,https://mitid-update.web.app/,0,0,0
173,16,38,49,2,2,0,4.815160059542345,0,0,0,0,0,0,0,2,0,0,0.2832369942196532,3,7,0,0.0,1,http://apnamazahai1.com/chas/chase/home/verification-card.php?cmd=_account-details&session=a29428823852f39d2893cd641d4c1647&dispatch=6e08f1e7ed84234c92f80974cb8cfed18ac17fd4,1,0,0
193,23,51,70,2,3,1,4.886485665997344,0,0,0,0,0,0,0,3,0,0,0.3626943005181347,3,8,0,0.0,0,http://free-pay404.duckdns.org/a85f95138b095dbda3fff992dc512f05/credit%20card.php?cmd=_account-details&session=a38e84ca946890e35e00bd6a4ecdcb14&dispatch=6a34bd0b93854c201d7b0833ea7c9277c953f584,1,0,0
55,10,38,1,3,1,0,3.979952324076953,0,0,0,0,0,0,0,0,0,0,0.0181818181818181,0,0,0,0.0,0,http://bptours.hu/wp-admin/maint/var/aruba-it2/aruba-it,1,0,0
32,14,11,11,0,3,2,4.226409765557392,0,0,0,1,0,0,0,1,0,0,0.34375,0,0,0,0.0,0,http://157.245.103.90/banks/cibc,1,0,0
51,42,1,12,0,2,1,4.424410822525524,1,0,0,0,0,0,0,1,0,0,0.2352941176470588,0,0,1,0.7553625955078518,1,https://facebookcenter100091845891.firebaseapp.com/,0,0,0
60,36,7,1,4,2,0,4.268494553545216,0,0,0,0,0,1,0,1,0,0,0.0166666666666666,1,2,0,0.0,1,http://apple-partner-api-online-support.com/go.php?ssl=3dyes,1,0,0
82,10,65,0,1,2,0,4.078759275437275,0,0,0,0,0,0,0,0,0,0,0.0,0,0,0,0.0,0,http://csrcom.com/vendor/phpunit/phpunit/src/util/php/a/home/verification-card.php,1,0,0
30,22,0,0,0,2,1,3.360011530389629,1,0,0,0,0,0,0,0,0,0,0.0,0,0,0,0.0,0,https://www.istitutotoniolo.it,1,0,0
163,20,68,31,0,2,0,4.770400512896797,0,0,0,0,0,0,0,3,0,0,0.1901840490797546,3,6,0,0.0,1,http://camionesconcesta.com/modules/jmsslider/views/scama/banks/chase/home/myaccount/access.php?websrc=e17ea285ad581008aac6b89b49ab879e&dispatched=62&id=1503910739,1,0,0
36,28,0,0,0,3,2,4.141604167868593,1,0,0,0,0,0,0,0,0,0,0.0,0,0,0,0.0,0,https://www.breakingconvention.co.uk,1,0,0
63,30,26,0,0,1,0,4.206108353254297,0,0,0,0,0,0,0,0,0,0,0.0,0,0,0,0.0,0,http://esquirefinecleanerscornwall.ca/billingsadvicesheets/odvr,1,0,0
204,28,22,56,0,3,1,4.941504493101996,0,0,0,0,0,0,0,2,0,0,0.2745098039215686,5,13,0,0.0,1,http://cpcontacts.capofthemonth.icu/sos/chase/billing.php?websrc=e17ea285ad581008aac6b89b49ab879e&dispatched=58&id=6389022326&servid=service_login_&_authentication=e81d5f071e515b93a75a0f803c86c34ba997fb4f,1,0,0
37,28,1,2,3,3,2,4.15487093296263,1,0,0,0,0,0,0,0,0,0,0.054054054054054,0,0,1,0.7774575804192442,0,https://hh-2-pd6hgfmvuq-et.a.run.app/,0,0,0
50,42,1,0,2,4,3,4.119079570624174,0,0,0,0,0,0,0,0,1,0,0.0,0,0,1,0.7543514469827495,0,http://www.amazceom-co-jp.amaczeon.chatdouyin.top/,0,0,0
90,11,43,29,0,2,0,4.855183930261364,0,0,0,0,0,0,0,0,0,0,0.3222222222222222,1,2,0,0.0,0,http://garhold.net/a38b16173474ba8b1a95bcbc30d3b8a5/index.php?mpzihjek16107186=z2basrlend3,1,0,0
24,16,0,0,0,2,1,3.688721875540868,1,0,0,0,0,0,0,0,0,0,0.0,0,0,1,0.7232366996914827,0,https://www.eltiempo.com,0,0,0
23,16,0,0,1,2,1,3.7622673906514943,0,0,0,0,0,0,0,0,1,0,0.0,0,0,0,0.0,0,http://www.aadl-iran.ml,0,0,0
44,13,24,10,0,2,1,4.462288369070769,0,0,0,0,0,0,0,0,0,0,0.2272727272727272,0,0,0,0.0,0,http://roblox.com.ge/communities/3431478930/,1,0,0
39,22,10,0,2,2,0,4.028490680178816,0,0,0,0,0,0,0,1,0,0,0.0,0,0,0,0.0,0,http://centre-saero-france.fr/login.php,1,0,0
23,16,0,0,0,2,1,3.588354347173233,0,0,0,0,0,0,0,0,0,0,0.0,0,0,0,0.0,0,http://www.kurataya.net,0,0,0
41,32,1,18,0,2,1,4.338663284842051,1,0,0,0,0,0,0,0,0,0,0.4390243902439024,0,0,1,0.5513029782556957,0,https://caseid100834957345893475.web.app/,0,0,0
26,19,0,0,1,2,1,3.6133373140453062,0,0,0,0,0,0,0,0,0,0,0.0,0,0,1,0.7085181531998017,0,http://www.pandora-app.net,0,0,0
27,20,0,0,0,2,1,3.884155094595805,0,0,0,0,0,0,0,0,1,0,0.0,0,0,0,0.0,0,http://www.greenphoenix.xyz,0,0,0
35,27,1,0,1,2,1,4.183014003266001,0,0,0,0,0,0,0,0,0,0,0.0,0,0,0,0.0,0,http://securitssy-adssmin.zzux.com/,0,0,0
111,19,85,24,0,4,1,4.814226907363559,0,0,0,0,0,0,0,1,0,0,0.2162162162162162,0,0,0,0.0,1,http://autorizador5.com.br/landpage/img/icons/verifie/paypal.fr/80731854ebcce17cd7379f3246f34573/processing.htm,1,0,0
180,32,106,62,1,4,1,4.861303488229536,0,0,0,0,0,0,0,1,0,0,0.3444444444444444,0,6,0,0.0,1,http://chasebankofficial.myusafence.com/9edcfd6aad441646f4ae156d14ba47e08ca99d8ecea7782b1dc72729ab9a44ef82bcb61752d143ef914518c8ec72b88a/auth.php?country.x_&amp;locale-8731002x_e?_,1,0,0
73,26,40,3,0,2,1,4.752922463132332,0,0,0,0,0,0,0,0,0,0,0.0410958904109589,0,0,0,0.0,0,http://delivery.imaginedbyjess.co/public/zxhqvjyixiafwarqqou32v8jczeppvyt,1,0,0
31,23,0,0,0,2,1,4.0022680844408445,1,0,0,0,0,1,0,0,0,0,0.0,0,0,0,0.0,0,https://www.lindseymcdivitt.com,1,0,0
93,23,63,21,1,2,0,4.695524974256123,0,0,0,0,0,0,0,0,0,0,0.2258064516129032,0,1,0,0.0,0,http://diretoriodeartistas.com/ven-c404/_/dir/52e62dbc1accb4d0fa37253044e6db17/execution.html,1,0,0
46,29,9,9,1,2,1,4.629661619562148,1,0,0,0,0,0,0,0,1,0,0.1956521739130435,0,0,1,0.9564712637351962,0,https://allegrol-okalnie.34543538.xyz/jdrkdu2l,0,0,0
24,15,1,1,1,2,1,3.5424812503605785,1,0,0,0,0,0,0,0,0,0,0.0416666666666666,0,0,0,0.0,0,https://sbt6-sa.web.app/,0,0,0
42,33,1,3,0,3,2,3.940086030881357,1,0,0,0,0,0,0,0,0,0,0.0714285714285714,0,0,1,0.9907084124578756,0,https://martorellii54.martorelli1.repl.co/,0,0,0
215,31,177,30,0,5,2,5.010221499074412,0,0,0,0,0,0,0,0,0,0,0.1395348837209302,0,2,0,0.0,0,http://axpk0tpry8.8216.dolmushbike.com/.axpk0tpry8.ahr0chm6ly9vymply3rzdg9yywdllnvzlxbob2vuaxgtms5vcmfjbgvjbg91zc5jb20vbi9heg16zw1lmgv1ytgvyi9idwnrzxqtmjaymjaxmdutmtuzms9vl3dvcmtlcnmuahrtbcntawxszxjad21rbgnhlmnvbq==,1,0,0
89,20,37,2,1,3,0,4.544884415346936,0,0,1,0,0,0,0,0,0,0,0.0224719101123595,1,3,0,0.0,0,http://aikikai-fukagawa.com/ad/english%20newchn/newchn/index.php?email=postmaster@usa.net,1,0,0
127,8,30,51,0,1,0,4.799576672451455,1,0,0,0,0,0,0,0,1,0,0.4015748031496063,1,4,1,0.7803977908151243,0,https://bio.site/nhdubeuichdjdj763bucb37os6g4h?inf_contact_key=849270bc7871433f51e56cc604e07bae4dfbc39d7283b2cb89d5189540b69330,0,0,0
43,11,25,8,0,4,2,4.0894288603913065,0,0,0,1,0,0,0,0,0,0,0.1860465116279069,0,0,0,0.0,0,http://52.228.6.37/finance/tang/antibot.php,1,0,0
31,14,10,11,0,4,2,4.1313003425053605,0,0,0,1,0,0,0,0,0,0,0.3548387096774194,0,0,0,0.0,0,http://190.166.55.102/video.scr,1,0,0
176,22,26,12,1,5,2,4.991666427412456,0,0,0,0,0,0,0,0,0,0,0.0681818181818181,0,1,0,0.0,0,http://bb-bridge.sakura.ne.jp/wordpress/tax/aboutus.php?otpverification.aspxcovjwcyky9lu8nxtpzi08z6abwhlfq4ie0bacavbkg5sucwubfukf0lqw2bcsguhgvrtfmuztzsycosodmysntjjwvmplg62lyvr,1,0,0
109,23,63,24,1,2,0,4.809322230122147,0,0,0,0,0,0,0,0,0,0,0.2201834862385321,1,3,0,0.0,0,http://diretoriodeartistas.com/ven-c404/_/dir/417b6bbf735acd67e84ed73e39e320b9/execution.html?validation=e1s1,1,0,0
97,34,13,23,1,5,3,4.768345739505794,0,0,0,0,0,0,0,1,0,0,0.2371134020618556,1,2,0,0.0,0,http://facebook.com-kq1oh2ae.isiolo.go.ke/profile.html?countuser=af470402f274b4c477bdbb10430a87b1,1,0,0
117,11,99,28,0,7,0,4.260946091421991,0,0,1,0,0,0,0,0,0,0,0.2393162393162393,0,0,1,0.5452156699706772,0,http://1636365.com/assets/40vueuse.4080c24a.js/assets/@popperjs.36402333.js/assets/@happys.755bd3e6.js/assets/assets/,0,0,0
37,25,5,0,0,3,2,3.841096866085959,0,0,0,0,0,0,0,0,0,0,0.0,0,0,0,0.0,0,http://agent.optimadigital.co.id/home,1,0,0
30,22,0,0,0,2,1,4.081727678869736,1,0,0,0,0,0,0,0,0,0,0.0,0,0,0,0.0,0,https://www.bigleaguescrew.com,1,0,0
40,31,1,2,0,5,4,4.084829508503261,1,0,0,0,0,0,0,0,0,1,0.05,0,0,1,0.5943718649361903,0,https://latent.z16.web.core.windows.net/,0,0,0
37,16,13,7,0,2,1,4.098117812148849,1,0,0,0,0,0,0,0,0,0,0.1891891891891892,0,0,0,0.0,0,https://urlhaus.abuse.ch/url/3725847/,1,0,0
34,26,0,0,0,2,1,3.936891797757288,1,0,0,0,0,0,0,0,0,0,0.0,0,0,0,0.0,0,https://www.womenofwinecountry.com,1,0,0
102,30,7,6,1,1,0,4.850820259518891,1,0,0,0,0,0,0,0,0,0,0.0588235294117647,1,5,0,0.0,0,https://consultafacil-saldojaneiro.com/luiza/?userid=&uri=5jrecnfv/wzulvyi/rvsw57ab51gju2mtpjazbfohlq=,0,0,0
21,14,0,6,0,2,1,3.463280517810811,0,0,0,0,0,0,0,0,1,0,0.2857142857142857,0,0,1,0.579340265315101,0,http://www.211205.top,0,0,0
63,52,4,0,2,4,3,4.151318614933926,0,0,0,0,0,0,0,0,1,0,0.0,0,0,1,0.5936378241031596,0,http://www.kueronekayacotn-co-jp.kuerocekayacoto.ujixah.top/ai/,0,0,0
29,13,9,11,0,3,2,3.909368063943885,0,0,0,1,0,0,0,0,0,0,0.3793103448275862,0,0,0,0.0,0,http://130.12.180.64/bins/sh4,1,0,0
59,15,37,5,1,2,0,4.246281397768886,0,0,0,0,0,0,0,0,0,0,0.0847457627118644,0,1,0,0.0,0,http://banistmoapp.com/pa/users/userid-13464/pass_error.php,1,0,0
76,14,34,2,1,4,0,4.626106711256989,0,0,1,0,0,0,0,0,0,0,0.0263157894736842,1,2,0,0.0,0,http://fotballpuls.no/wp-includes/cancel/25gb/index.php?email=foi@rba.gov.au,1,0,0
63,13,1,18,4,1,0,4.602623432482015,0,0,0,0,0,0,0,0,1,0,0.2857142857142857,1,2,0,0.0,0,http://aiddiwang.top/?uuid=f30eaeeb-f725-2c22-d9d5-a1f7030c028a,1,0,0
31,24,0,0,0,2,1,3.857422116838488,0,0,0,0,0,0,0,0,0,0,0.0,0,0,1,0.793988175940186,0,http://www.woodstocktimbers.com,0,0,0
49,26,15,10,2,2,1,4.685938925659558,1,0,0,0,0,0,0,0,1,0,0.2040816326530612,0,0,1,0.7908510040857848,0,https://vinted-pl-gj32d.townrp.xyz/money/59613291,0,0,0
28,21,0,0,1,2,1,3.9232517969803378,0,0,0,0,0,0,0,0,0,0,0.0,0,0,1,0.9196909690556652,0,http://www.alnooncars-kw.com,0,0,0
22,15,0,0,0,2,1,3.788754913993503,0,0,0,0,0,0,0,0,0,0,0.0,0,0,1,0.7880774337263445,0,http://www.gbclabs.com,0,0,0
38,18,13,2,0,1,0,3.807009421281388,0,0,0,0,0,0,0,0,0,0,0.0526315789473684,0,0,0,0.0,1,http://19stattoostudio.in/etrust/chase,1,0,0
47,14,26,11,2,3,2,4.349712458420389,0,0,0,1,0,0,0,1,0,0,0.2340425531914893,0,0,0,0.0,0,http://185.193.38.139/banks/cibc/ebm-mobile-app,1,0,0
21,13,0,0,0,2,1,3.7849418274376414,1,0,0,0,0,0,0,0,0,0,0.0,0,0,0,0.0,0,https://www.noble.org,1,0,0
42,35,0,0,1,2,1,4.0260298517012805,0,0,0,0,0,0,0,0,0,0,0.0,0,0,1,0.9203643310497296,0,http://www.vestitiperneonato-online.beauty,0,0,0
55,46,1,10,2,2,1,4.5513826136747575,1,0,0,0,0,0,0,1,0,0,0.1818181818181818,0,0,0,0.0,0,https://account-restriction-1008652953.firebaseapp.com/,0,0,0
69,16,46,12,1,3,1,4.583040674659598,0,0,0,0,0,0,0,1,0,0,0.1739130434782608,0,1,0,0.0,0,http://a0714166.xsph.ru/customer_center/customer-idpp00c784/login.php,1,0,0
18,4,6,2,0,1,0,3.68354236243323,1,0,0,0,0,0,0,0,0,0,0.1111111111111111,0,0,1,0.843701305697103,0,https://s.id/1wz6m,0,0,0
31,23,0,0,0,2,1,3.7843684875968617,1,0,0,0,0,0,0,0,0,0,0.0,0,0,0,0.0,0,https://www.screamhorrormag.com,1,0,0
18,10,1,0,0,1,0,3.683542362433231,0,0,0,0,0,0,0,0,0,0,0.0,0,0,1,0.6938250643501944,0,http://jkxzyy.com/,0,0,0
31,15,1,1,1,1,0,4.260332600569877,0,0,0,0,0,0,0,0,0,0,0.032258064516129,1,2,0,0.0,0,http://findsmy-pro.com/?i=jy4ps,1,0,0
147,13,19,10,0,2,0,4.96611422631156,0,0,0,0,0,0,0,0,0,0,0.0680272108843537,2,5,0,0.0,1,http://biitstech.com/chase/home/vbv.php?sslchannel=true&sessionid==1i6vzbice5kjkmtvjspxxwbalugkkezmxgrxhaavfvfahiwralpys08evoypd8bbo3i6dtbtoq4vyax9,1,0,0
18,11,0,4,0,2,1,3.2810361125534238,0,0,0,0,0,0,0,0,1,0,0.2222222222222222,0,0,1,0.9010297695670376,0,http://www.7381.pw,0,0,0
69,25,37,7,0,2,1,4.658682427541825,0,0,0,0,0,0,0,0,0,0,0.1014492753623188,0,2,0,0.0,0,http://35fm50hpe.repuestogas.com/zxjpy2foqgftzxjpy2fulxrpdgxllm5lda==,1,0,0
87,76,4,12,1,3,2,4.916872737567023,0,0,0,0,0,0,0,0,0,0,0.1379310344827586,0,0,0,0.0,0,http://bafybeiga27omd7a4ynaljurdobmbfc4nz7tb4k3k5uxjww2xzgkru57npm.ipfs.cf-ipfs.com/new,1,0,0
92,17,68,19,2,2,0,4.6126519733378215,0,0,0,0,0,0,0,0,1,0,0.2065217391304347,0,0,0,0.0,0,http://bodycorrector.top/wp-content/fraarzrm3/f69043df546d3cecff631f180ff38fe9/up-dating.php,1,0,0
22,15,0,2,0,2,1,3.9705730958116834,0,0,0,0,0,0,0,0,0,0,0.0909090909090909,0,0,0,0.0,0,http://www.index30.com,0,0,0
116,48,61,1,5,3,1,4.325974182922755,0,0,0,0,0,0,0,0,0,0,0.0086206896551724,0,0,0,0.0,0,http://cloud-deliver-shipment-order.builderallwppro.com/wp-includes/simplepie/content/type/order-au/1/info/index.php,1,0,0
23,15,1,0,0,1,0,3.7622673906514943,0,0,0,0,0,0,0,0,0,0,0.0,0,0,1,0.5900280578000499,0,http://newcalranch.com/,0,0,0
21,12,1,0,0,1,0,3.4632805178108104,1,0,0,0,0,1,0,0,0,0,0.0,0,0,1,0.962632291026774,0,https://snapchat.com/,0,0,0
21,14,0,1,0,3,2,3.52257158913636,0,0,0,0,0,0,0,0,0,0,0.0476190476190476,0,0,0,0.0,0,http://www.ns2.axs.su,0,0,0
99,37,13,27,2,3,1,4.901562934517379,0,0,0,0,0,0,0,0,0,0,0.2727272727272727,1,2,0,0.0,0,http://content-fbook-91908160.roggiehouse.it/nextvrf.html?location=f71c0bc1dc8d575b2199a5843f5cbc94,1,0,0
30,21,1,3,0,2,1,3.898068512058838,1,0,0,0,0,0,0,0,0,0,0.1,0,0,0,0.0,0,https://agencesgwn001.web.app/,0,0,0
52,16,29,15,0,3,1,4.534493747312425,0,0,0,0,0,0,0,0,0,0,0.2884615384615384,0,0,0,0.0,0,http://a0311869.xsph.ru/qsrg5683sdfh/a3029/email.php,1,0,0
27,20,0,0,0,2,1,3.754163427768881,0,0,0,0,0,0,0,0,0,0,0.0,0,0,1,0.5126644210684657,0,http://www.interenodern.com,0,0,0
45,19,19,23,0,4,2,4.013423651596768,0,1,0,1,0,0,0,0,0,0,0.5111111111111111,0,0,0,0.0,0,http://111.59.254.165:8084/20180102/Photo.lnk,1,0,0
46,37,1,2,1,3,2,4.32173124920605,1,0,0,0,0,0,0,1,0,0,0.0434782608695652,0,0,1,0.5256404085247863,0,https://e-bisasuspendido.vidalortiz83.repl.co/,0,0,0
44,35,1,7,1,2,1,4.390805482076981,1,0,0,0,0,1,0,0,0,0,0.1590909090909091,0,0,1,0.5441050270314016,0,https://54e8ced5d334-shared.lowcodeunit.com/,0,0,0
205,18,25,25,0,2,1,5.078060569533492,0,0,0,0,0,0,0,0,1,0,0.1219512195121951,1,2,0,0.0,0,http://caixa.linkshome.gq/sinbc/home/02/signature/?key=eq73wiuv1zq4hqe0kwyft2mdzuvnfxm34xjexwif8sdcv3luztx5gbjxmgihanxxy5hyy7ata7dhmaonejndrng0muulje7ka6o4yqgx7tzucixfspzaixydnumydjfgjflv04bkmzknotw2xvpu8n,1,0,0
132,28,18,23,0,3,1,4.821323030368987,0,0,0,0,0,0,0,1,0,0,0.1742424242424242,2,7,0,0.0,1,http://cpcontacts.capofthemonth.icu/sos/chase/vbv.php?servid=service_login_&_authentication=dbda6123ad9cbdb72ff9f48c8391e2dd16331039,1,0,0
27,20,0,0,0,2,1,3.838039816898156,0,0,0,0,0,0,0,0,0,0,0.0,0,0,1,0.6644724323579334,0,http://www.wordonline.cloud,0,0,0
47,38,1,5,0,5,4,4.477372032888474,1,0,0,0,0,0,0,0,0,1,0.1063829787234042,0,0,1,0.7049156539310346,0,https://ltauappkcx031.z16.web.core.windows.net/,0,0,0
32,25,0,0,0,3,2,3.616729296672175,0,0,0,0,0,0,0,0,0,0,0.0,0,0,1,0.6299884697410121,0,http://www.hnoor.newphoneapp.com,0,0,0
62,34,20,0,5,2,1,4.246704635177716,1,0,0,0,0,0,0,2,0,0,0.0,0,0,1,0.5951656771356957,1,https://taher-mohamed-ahmed-saad.github.io/facebook-login-page,0,0,0
27,19,0,0,0,3,2,4.032303242743954,1,0,0,0,0,0,0,0,0,0,0.0,0,0,0,0.0,0,https://www.indexers.org.uk,1,0,0
58,27,23,0,0,5,1,4.192405841090887,1,0,0,0,0,0,0,0,0,0,0.0,0,0,0,0.0,0,https://cyklobaza.cykloplatforma.sk/inse.nhpn/ncce.isn.php,0,0,0
201,15,20,85,0,2,0,4.83088975427262,1,0,0,0,0,0,0,1,0,0,0.4228855721393035,3,7,1,0.7668076940937282,0,https://3vlocksmith.com/mpsitnew/login.html?cmd=login_submit&id=1b9ea24e7975d3f2d897f1041b86f74a1b9ea24e7975d3f2d897f1041b86f74a&session=1b9ea24e7975d3f2d897f1041b86f74a1b9ea24e7975d3f2d897f1041b86f74a,0,0,0
24,17,0,2,0,3,2,3.8035088547976783,0,0,0,0,0,0,0,0,0,0,0.0833333333333333,0,0,1,0.8687013582383077,0,http://www.down.97gf.com,0,0,0
20,13,0,0,0,2,1,3.621928094887362,0,0,0,0,0,0,0,0,0,0,0.0,0,0,1,0.5431336849239188,0,http://www.nwzjr.com,0,0,0
36,27,1,2,0,2,1,4.273684376262023,1,0,0,0,0,0,0,0,0,0,0.0555555555555555,0,0,0,0.0,0,https://skgbvyk66yf.firebaseapp.com/,0,0,0
26,19,0,0,0,2,1,3.902174814211727,0,0,0,0,0,0,0,0,0,0,0.0,0,0,1,0.7028519002994129,0,http://www.thetourland.com,0,0,0
111,29,75,3,3,2,1,4.423546937801637,0,0,0,0,0,1,0,1,0,0,0.027027027027027,0,0,0,0.0,0,http://blueskyedits.websohamhost.com/assets/dist/en/otifysp/aronxvictims/spotify-367-byxaron-tn/spotxify/signin,1,0,0
28,21,0,0,0,2,1,3.967720100474499,0,0,0,0,0,0,0,0,0,0,0.0,0,0,1,0.6803279995631519,0,http://www.concordiaeefde.nl,0,0,0
37,16,13,7,0,2,1,4.098117812148849,1,0,0,0,0,0,0,0,0,0,0.1891891891891892,0,0,0,0.0,0,https://urlhaus.abuse.ch/url/3747128/,1,0,0
22,15,0,0,0,2,1,3.641249800455478,0,0,0,0,0,0,0,0,0,0,0.0,0,0,1,0.8937556660105566,0,http://www.webbandi.hu,0,0,0
97,34,13,24,1,4,2,4.788504626695225,0,0,0,0,0,0,0,0,0,0,0.2474226804123711,1,2,0,0.0,0,http://faccebook.com-3aob34h6omzp.adaz.hu/profile.html?countuser=4f50221dee6625929d3eab2c2baf6321,1,0,0
82,16,37,9,0,4,1,4.695907573050634,0,0,1,0,0,0,0,0,0,0,0.1097560975609756,1,2,0,0.0,0,http://a0656247.xsph.ru/yn/mail/quota/upgrade/25gb/index.php?email=dummy@dummy.com,1,0,0
57,40,9,7,2,3,2,4.747375926780052,1,0,0,0,0,0,0,0,0,0,0.1228070175438596,0,1,1,0.906883397588601,0,https://sparkling-rain-1498.6bwdbshv.workers.dev/no%20url,0,0,0
47,17,23,0,1,4,0,4.076207076031594,0,0,0,0,0,0,0,0,0,0,0.0,0,0,1,0.7397914525894382,0,http://spezial-outlet.de/ctis.ndmi/bmc.sipc.php,0,0,0
132,16,39,42,0,2,0,4.957807973028103,0,0,0,0,0,0,0,0,0,0,0.3181818181818182,1,5,0,0.0,0,http://bbqgrilloven.com/p0bc8e93035f5d832/bfbcb7gdcgf53g49.php?mxa=aw5mb0bwb2ludgnvbwrlc2lnbi5jyq==&4ad59129a7a431549b3ec997dee934a8,1,0,0
183,15,20,68,1,1,0,4.342858268009294,0,0,0,0,0,0,0,1,0,0,0.3715846994535519,2,4,0,0.0,0,http://dpd-confirm.com/redelivery/dpd/date?id=40777c946d268d4b97bed1ccf2d4ecec40777c946d268d4b97bed1ccf2d4ecec&session=40777c946d268d4b97bed1ccf2d4ecec40777c946d268d4b97bed1ccf2d4ecec,1,0,0
119,30,33,21,1,3,1,4.794969709150118,0,0,0,0,0,0,0,1,0,0,0.1764705882352941,1,4,0,0.0,0,http://camp-garages.000webhostapp.com/bbt21/btcapatch/xdefrgthy/1.html?nl=_1feb17f0efac58d4b23c13a6dd05ffd4=netherlands,1,0,0
23,15,0,0,0,2,1,3.762267390651495,1,0,0,0,0,0,0,0,0,0,0.0,0,0,0,0.0,0,https://www.heartmus.dk,1,0,0
46,10,29,3,0,2,0,4.363038521594966,0,0,0,0,0,0,0,1,0,0,0.0652173913043478,0,0,0,0.0,0,http://cui178.com/banks/desjardins/details.php,1,0,0
26,18,0,0,0,2,1,3.8731406795131327,1,0,0,0,0,0,0,0,0,0,0.0,0,0,0,0.0,0,https://www.adamspiers.org,1,0,0
83,19,57,34,0,4,2,4.684439733096304,0,1,0,1,0,0,0,0,0,0,0.4096385542168674,0,0,0,0.0,0,http://201.16.194.227:2550/TmpFTP/DELCACHEPRODUTOSEG/1/0021/09092020085515/info.zip,1,0,0
67,10,50,22,0,2,0,4.584620817828199,0,0,0,0,0,0,0,0,1,0,0.3283582089552239,0,0,0,0.0,0,http://crimtan.gq/online.com/pdftt/267e28270f32d10ef112b98d0ff402f9,1,0,0
132,27,4,27,1,1,0,5.0411681061921225,0,0,0,0,0,0,0,0,1,0,0.2045454545454545,0,1,0,0.0,0,http://dibaserver-tanverfahren.xyz/app?277853346523/19y87fakivachcpbjj0f5hrsrbwvyuj7/0966hjlgdx3xofvlwxbcdgf8xjczhbprkijcwjes5ajch2b,1,0,0
17,9,1,4,0,1,0,3.2927701939369904,0,0,0,0,0,0,0,0,0,0,0.2352941176470588,0,0,1,0.7949212032311875,0,http://3656e.net/,0,0,0
69,30,32,1,2,3,1,4.290797239349736,0,0,0,0,0,0,0,1,0,0,0.0144927536231884,0,0,0,0.0,0,http://alerta-caixabank1.serveirc.com/caixa-vbvfinal/home/espera.html,1,0,0
115,36,72,35,1,7,5,4.778136164683313,0,0,0,0,0,0,0,1,0,1,0.3043478260869565,0,0,0,0.0,0,http://244.33.109.208.host.secureserver.net/bill-swisscomz/bluewinspz/25b547a12d26be61326f4764cb254234/smserror.php,0,0,0
53,44,1,1,3,2,1,4.335949935491173,1,0,0,0,0,0,0,0,0,0,0.0188679245283018,0,0,1,0.886794478018879,0,https://sullivan-share-point-0utlook.firebaseapp.com/,0,0,0
20,13,0,0,0,2,1,3.3841837197791884,0,0,0,0,0,0,0,0,0,0,0.0,0,0,0,0.0,0,http://www.amc.swiss,0,0,0
42,12,23,5,0,1,0,4.272804327334621,0,0,0,0,0,0,0,0,0,0,0.119047619047619,0,0,0,0.0,0,http://fugsahfw.com/new/amazkn/mazon/51213,1,0,0
31,24,0,0,0,2,1,3.950344198168689,0,0,0,0,0,0,0,1,0,0,0.0,0,0,0,0.0,0,http://www.globalstatupdate.com,0,0,0
280,14,17,61,1,16,2,5.134953573269986,0,0,0,1,0,0,0,3,0,0,0.2178571428571428,5,16,0,0.0,1,http://43.156.237.181/interactivelogin?continue=https://accounts.google.com/?&xrealip=35.187.132.10&followup=https://accounts.google.com/?&xrealip=35.187.132.10&passive=1209600&xrealip=35.187.132.10&ifkv=ayzovhcrcpj6fjw9rwpnkmpzijiaet0zma0ajrpsii2q5kjgalcv-uz5mgxj2yf8k2yc7r9koql2,1,0,0
22,15,0,0,1,2,1,3.788754913993502,0,0,0,0,0,0,0,0,1,0,0.0,0,0,1,0.958097355812822,0,http://www.ho-black.cf,0,0,0
85,38,40,5,0,4,3,4.702630201349876,0,0,0,0,0,0,0,0,0,0,0.0588235294117647,0,0,0,0.0,0,http://delivery.attempt.failure.feedmybot.net/public/wxilkhfua7azxsgmozriveh8o1w9hew6,1,0,0
28,19,1,1,2,2,1,3.8657646371790224,1,0,0,0,0,0,0,0,0,0,0.0357142857142857,0,0,0,0.0,0,https://slnv-p3ef-p.web.app/,0,0,0
18,11,0,0,0,2,1,3.4613201402110083,0,0,0,0,0,0,0,0,0,0,0.0,0,0,1,0.8206153264726406,0,http://www.ifin.ru,0,0,0
23,16,0,0,0,2,1,3.708132064658602,0,0,0,0,0,0,0,0,0,0,0.0,0,0,1,0.99835054447713,0,http://www.postcraft.nl,0,0,0
54,18,28,0,2,2,1,4.127585595109262,1,0,0,0,0,0,0,0,0,0,0.0,0,0,0,0.0,0,https://www.sasukchana.com/wp-content/languages/de-de/,0,0,0
32,25,0,0,0,2,1,3.952819531114783,0,0,0,0,0,0,0,0,0,0,0.0,0,0,1,0.7944730267798108,0,http://www.disinvestigations.com,0,0,0
44,10,27,1,0,2,0,3.975699516020383,0,0,0,0,0,0,0,2,1,0,0.0227272727272727,0,0,0,0.0,0,http://aoivpns.ml/secure/au/update/step2.php,1,0,0
50,26,16,4,1,1,0,4.243535941154654,1,0,0,0,0,0,0,0,0,0,0.08,0,0,1,0.8422413865504481,0,https://wirelessdriversoftware.com/elementor-1241/,0,0,0
24,17,0,0,0,2,1,3.772055208874201,0,0,0,0,0,0,0,0,0,0,0.0,0,0,1,0.9613497885261282,0,http://www.omnitech.asia,0,0,0
30,22,1,0,0,2,1,4.081727678869736,0,0,0,0,0,0,0,0,0,0,0.0,0,0,1,0.5945981098754201,0,http://qqlqcbqylu.duckdns.org/,0,0,0
65,36,22,8,1,2,1,4.559389598723826,0,0,0,0,0,0,0,0,0,0,0.123076923076923,0,0,0,0.0,0,http://facinorous-spindle.000webhostapp.com/centurylink/5b3800/en,1,0,0
57,24,26,9,1,5,3,4.482123023643846,0,0,0,0,0,0,0,0,0,0,0.1578947368421052,0,0,0,0.0,0,http://106.109.112.zoom-lab.com/interac/desj/lastdesj.php,1,0,0
41,14,5,1,0,2,0,4.521828528850024,1,0,1,0,0,0,0,0,0,0,0.024390243902439,1,2,1,0.7641598206003594,0,https://mangajyuku.com/jpr/?uid=3mail@b.c,0,0,0
106,13,58,15,1,5,2,4.72420527648821,0,0,0,1,0,0,0,2,0,0,0.1415094339622641,2,6,0,0.0,0,http://119.9.116.183/ppl/customer_center/customer-idpp00c721/myaccount/signin/?country.x=us&locale.x=en_us,1,0,0
22,15,0,0,0,2,1,3.697845823084412,0,0,0,0,0,0,0,0,1,0,0.0,0,0,1,0.8550601888051834,0,http://www.malcolmk.cf,0,0,0
19,12,0,0,0,3,2,3.5368867237421666,0,0,0,0,0,0,0,0,0,0,0.0,0,0,1,0.806782125660948,0,http://www.e.dxy.cn,0,0,0
24,16,0,6,0,2,1,3.855388542207534,1,0,0,0,0,0,0,0,0,0,0.25,0,0,1,0.7950055657257686,0,https://www.cc836593.com,0,0,0
55,25,23,1,0,3,1,4.319475568180877,0,0,0,0,0,0,0,0,0,0,0.0181818181818181,0,0,0,0.0,0,http://bb.vocemaisquedigital.com/fisica/iframeload1.php,1,0,0
35,16,12,7,0,2,1,4.229003731107053,0,0,0,0,0,0,0,1,0,0,0.2,0,0,0,0.0,0,http://a0407037.xsph.ru/home/signin,1,0,0
81,17,57,17,0,1,0,4.564659262862145,0,0,0,0,0,0,0,0,0,0,0.2098765432098765,0,1,0,0.0,0,http://croissanttree.com/modules/mod_stats/tmpl/support/a16b03d10bf471f1734a8b424,1,0,0
49,40,1,4,3,2,1,4.262896967430974,1,0,0,0,0,0,0,0,0,0,0.0816326530612244,0,0,1,0.8476830046498292,0,https://fb-business-appeal-733f8.firebaseapp.com/,0,0,0
27,19,0,0,0,2,1,3.8659986132745807,1,0,0,0,0,0,0,0,0,0,0.0,0,0,0,0.0,0,https://www.damaruworks.com,1,0,0
239,16,48,41,1,2,0,5.253750181154831,0,0,0,0,0,0,0,1,0,0,0.1715481171548117,0,9,0,0.0,0,"http://davidforrest.org/kkkkk/content/6a1d07d6a0bf5d46083d1096cf815392/?user_&amp;.verify?service_mail&amp;data:text/html;charset_utf-8;base64,pgh0bww_dqo8c3r5bgu_igjvzhkgeybtyxjnaw46ida7ig92zxjmbg93oiboawrkzw47ih0gpc9zdhlszt4nciagpglmcmft",1,0,0
113,20,15,22,1,4,1,5.0220325875649365,0,0,0,0,0,0,0,0,0,0,0.1946902654867256,6,14,0,0.0,0,http://23567890.duckdns.org/excel/page.php?email=&.rand=13vqcr8bp0gud&lc=1033&id=64855&mkt=en-us&cbcxt=mai&snsc=1,1,0,0
58,21,30,8,0,2,1,4.277108849063589,0,0,0,0,0,0,0,0,0,0,0.1379310344827586,0,0,1,0.6783440822940411,0,http://c0aa7fe732e9.ngrok.io/huntington2/huntington2/scms/,0,0,0
82,73,1,8,0,3,2,4.85916149924469,1,0,0,0,0,0,0,0,0,0,0.0975609756097561,0,0,1,0.9509386286089304,0,https://bafybeiain66v7jkqtjkoankcmpaumxqpdfuhcm4selqd2gk6rnc4riuamy.ipfs.w3s.link/,0,0,0
318,12,21,51,1,7,2,5.223558293695479,0,0,0,1,0,0,0,4,0,0,0.160377358490566,7,15,1,0.8309327624965003,1,http://43.130.2.171/v3/signin/identifier?dsh=s-738038664:1679322482572483&amp;continue=https://accounts.google.com/&amp;followup=https://accounts.google.com&amp;ifkv=awnoghc1cwvlsakutvrbnphygqhdrgnxhnpwa5rx_wkdzmwcatu091hymdnfmdjyuyixbu19ej6z6g&amp;passive=1209600&amp;flowname=glifwebsignin&amp;flowentry=servicelogin,0,0,0
74,22,44,2,2,1,0,4.260847664299389,1,0,0,0,0,0,0,0,0,0,0.027027027027027,0,2,0,0.0,0,https://av-receiver-experte.de/st%c3%b8ttesystemnew/organiseresimp/simply/,0,0,0
99,36,13,24,1,5,3,4.973926605440499,0,0,0,0,0,0,0,1,0,0,0.2424242424242424,1,2,0,0.0,0,http://facebook.com-h3v9t9zycu.isiolo.go.ke/profile.html?countuser=43b6c0d40287e815741bfb1dec24007b,1,0,0
30,23,0,0,0,4,3,3.806238928653389,0,0,0,0,0,0,0,0,0,0,0.0,0,0,1,0.5925458399677794,0,http://www.imaps.repeta.com.au,0,0,0
46,14,25,3,1,2,0,4.162057815120259,0,0,0,0,0,0,0,1,0,0,0.0652173913043478,0,0,0,0.0,0,http://151e-berry.com/member/ali/app/login.php,1,0,0
19,11,0,0,0,2,1,3.5110854081804264,1,0,0,0,0,0,0,0,0,0,0.0,0,0,1,0.768186049963566,0,https://www.wix.com,0,0,0
37,16,13,7,0,2,1,4.098117812148849,1,0,0,0,0,0,0,0,0,0,0.1891891891891892,0,0,0,0.0,0,https://urlhaus.abuse.ch/url/3748280/,1,0,0
28,21,0,0,0,2,1,3.994680368408909,0,0,0,0,0,0,0,0,0,0,0.0,0,0,0,0.0,0,http://www.thetrendskill.com,0,0,0
24,16,0,0,0,2,1,3.8553885422075354,1,0,0,0,0,0,0,0,0,0,0.0,0,0,1,0.5070672554382154,0,https://www.stanford.edu,0,0,0
116,9,100,7,1,4,0,4.428223057348694,0,0,0,0,0,0,0,1,0,0,0.0603448275862069,0,10,0,0.0,0,http://feeah.com/ent-com/index.php/log+in+ent+online+banking_files/log+in+ent+online+banking_files/main.7113223b.css,1,0,0
33,25,0,0,0,2,1,3.884858891889048,1,0,0,0,0,0,0,0,0,0,0.0,0,0,0,0.0,0,https://www.philosophyforlife.org,1,0,0
33,24,1,0,0,1,0,4.089552452560668,1,0,0,0,0,0,0,0,0,0,0.0,0,0,0,0.0,0,https://felixstowecardcentre.com/,0,0,0
36,29,0,1,0,4,3,4.2390979179887855,0,0,0,0,0,0,0,0,0,0,0.0277777777777777,0,0,0,0.0,0,http://www.analniy4ervyak.zzz.com.ua,0,0,0
42,22,13,0,0,2,1,4.26412508979652,0,0,0,0,0,0,0,1,0,0,0.0,0,1,0,0.0,1,http://ankurduttahq.github.io/amazon_clone,1,0,0
77,7,62,5,0,2,0,4.769924450225014,1,0,0,0,0,0,0,0,0,0,0.0649350649350649,0,0,0,0.0,0,https://ipfs.io/ipfs/qmzmzfsnf7vc8itqtvwklddmgj1kavjbregqc5y9jafofy/look.html,0,0,0
31,24,0,0,0,3,2,3.8001821971347023,0,0,0,0,0,0,0,0,0,0,0.0,0,0,1,0.9068386610294804,0,http://www.grupoperfetto.com.br,0,0,0
26,19,0,0,0,2,1,3.796217602590056,0,0,0,0,0,0,0,0,0,0,0.0,0,0,1,0.9163439271771856,0,http://www.bestnameshop.cn,0,0,0
42,34,0,0,0,2,1,4.0580531366523855,1,0,0,0,0,0,0,0,0,0,0.0,0,0,0,0.0,0,https://www.lythamstannesartcollection.org,1,0,0
22,15,0,0,1,2,1,3.788754913993503,0,0,0,0,0,0,0,0,0,0,0.0,0,0,0,0.0,0,http://www.from-ia.com,0,0,0
63,13,43,27,0,3,2,4.435081264832115,0,0,0,1,0,0,0,1,0,0,0.4285714285714285,0,0,0,0.0,0,http://101.99.90.211/banks/rbc/8a046d3c672fa7d5dc1cb1e880c48fcf,1,0,0
108,20,81,21,1,2,0,4.670177350514282,0,0,0,0,0,0,0,0,0,0,0.1944444444444444,0,0,0,0.0,0,http://creasmasolutions.com/webalizer/01502/kraarez2/kraarez2/32cb9368aad3aadaabbb9e9e45ca3d59/up-dating.php,1,0,0
83,74,1,10,0,3,2,4.781329419601922,1,0,0,0,0,0,0,0,0,0,0.1204819277108433,0,0,1,0.6551431269131192,0,https://bafybeiger6fdrzr63vas2az7c2t5xlb5hykdaepebtzph7yvnyak6xduje.ipfs.dweb.link/,0,0,0
30,23,0,2,0,3,2,4.098068512058839,0,0,0,0,0,0,0,0,0,0,0.0666666666666666,0,0,0,0.0,0,http://www.dzinestudio87.co.uk,0,0,0
114,42,10,0,1,11,4,4.367077920190948,1,0,0,0,0,0,0,2,0,1,0.0,3,7,1,0.6884460958891139,0,https://login.login.login.blog.verifyyahoomail.com/login.php?https://login.yahoo.com/?.src=ym&.intl=us&.lang=en-us,0,0,0
94,14,61,7,1,3,1,4.435294937375692,0,0,0,0,0,0,0,0,0,0,0.0744680851063829,0,1,0,0.0,0,http://crm.idaman.org/app/language/norwegian/c-agricole/d12c831b2b2efba/region.php?particulier,1,0,0
32,9,15,0,0,2,0,3.855337797403416,1,0,0,0,0,0,0,0,0,0,0.0,0,0,1,0.70394743376564,0,https://linkr.bio/att.netservers,0,0,0
172,31,134,23,4,3,1,4.852483759555164,0,0,0,0,0,0,0,0,0,0,0.1337209302325581,0,0,0,0.0,0,http://6ac9b037d82780960.tempsite.link/s8fzg7zrgrhtegmfprglhkfdvnjdazzereztzrce/0d2rejtmpreofgke69a45h6te6vvdfereefze/trackingnumber/robiowaiting-for-load-track-number.html,1,0,0
23,15,0,3,0,2,1,4.055958151615124,1,0,0,0,0,0,0,0,0,0,0.1304347826086956,0,0,0,0.0,0,https://www.680kfeq.com,1,0,0
82,25,38,8,1,4,2,4.525209328692812,0,0,0,0,0,0,0,0,0,0,0.0975609756097561,0,1,0,0.0,0,http://cleslonmng.temp.swtest.ru/c-agricole/c9eb9f816f7e6e6/region.php?particulier,1,0,0
28,19,2,15,0,3,2,3.753434386188785,0,1,0,1,0,0,0,0,0,0,0.5357142857142857,0,0,0,0.0,0,http://45.234.234.14:16507/i,1,0,0
117,35,44,17,1,3,1,4.911727111009419,0,0,0,0,0,0,0,2,0,0,0.1452991452991453,2,5,0,0.0,1,http://amazonrtsfdwds.hentaiwonderland.com/3198dfd0aef271d22f7bcddd6f12f5cb/signin.php?country=hk-hong%20kong&lang=en,1,0,0
26,19,0,0,2,2,1,3.979097891134805,0,0,0,0,0,0,0,0,0,0,0.0,0,0,1,0.5479190350901018,0,http://www.is-a-soxfan.org,0,0,0
26,18,0,0,0,2,1,3.8731406795131327,1,0,0,0,0,0,0,0,0,0,0.0,0,0,0,0.0,0,https://www.dainuskapis.lv,1,0,0
36,12,17,0,0,2,0,3.9193819456463705,0,0,0,0,0,0,0,0,1,0,0.0,0,0,0,0.0,0,http://acewither.gq/wp/indexxatt.htm,1,0,0
37,16,13,7,0,2,1,4.044063758094795,1,0,0,0,0,0,0,0,0,0,0.1891891891891892,0,0,0,0.0,0,https://urlhaus.abuse.ch/url/3709059/,1,0,0
53,20,9,6,0,2,0,4.402659493100416,0,0,0,0,0,0,0,0,0,0,0.1132075471698113,0,2,0,0.0,0,http://cadastrocarditau.com/home.php?i18s0x/p/3qtr17=,1,0,0
30,23,0,0,0,2,1,3.641084980573949,0,0,0,0,0,0,0,0,0,0,0.0,0,0,1,0.7603561013369555,0,http://www.thanhphotrithuc.com,0,0,0
22,15,0,0,0,2,1,3.334209459448049,0,0,0,0,0,0,0,0,1,0,0.0,0,0,1,0.7365655506339381,0,http://www.hotball.top,0,0,0
22,15,0,0,0,2,1,3.5726236638951634,0,0,0,0,0,0,0,0,1,0,0.0,0,0,1,0.5479997468628034,0,http://www.shafarak.cf,0,0,0
23,16,0,0,0,2,1,3.795088586397733,0,0,0,0,0,0,0,0,0,0,0.0,0,0,1,0.8383853850091932,0,http://www.primaage.com,0,0,0
23,15,0,0,0,2,1,3.882045108136863,1,0,0,0,0,0,0,0,0,0,0.0,0,0,0,0.0,0,https://www.cfodive.com,1,0,0
24,16,0,0,0,2,1,3.4701755214643453,1,0,0,0,0,0,0,0,0,0,0.0,0,0,0,0.0,0,https://www.wisegeek.net,1,0,0
36,27,1,2,1,2,1,4.4057645846554525,1,0,0,0,0,0,0,0,0,0,0.0555555555555555,0,0,1,0.9741177362745768,0,https://likju-fdc22.firebaseapp.com/,0,0,0
26,17,1,0,0,2,1,3.796217602590055,1,0,0,0,0,0,0,0,0,0,0.0,0,0,0,0.0,0,https://www.wikipedia.org/,0,0,0
58,15,35,0,0,2,0,4.039016238466063,1,0,0,0,0,0,0,0,0,0,0.0,0,0,1,0.7798820637563975,0,https://cloudcompany.se/css/adobeyad/adobe/adobe/index.php,0,0,0
21,6,8,1,0,1,0,3.594465636961451,0,0,0,0,0,1,0,0,0,0,0.0476190476190476,0,0,0,0.0,0,http://bit.ly/3xtbpzn,0,0,0
64,21,36,3,4,3,0,4.482912751096862,0,0,0,0,0,0,0,0,0,0,0.046875,0,0,0,0.0,0,http://bae-marketing-vsl.com/.mk/webmail-portal-rd337/index.html,1,0,0
21,14,0,0,0,2,1,3.4039894464852614,0,0,0,0,0,1,0,0,0,0,0.0,0,0,1,0.80742520341579,0,http://www.wychit.com,0,0,0
26,19,0,0,0,2,1,3.979097891134805,0,0,0,0,0,0,0,0,1,0,0.0,0,0,1,0.8371888739576907,0,http://www.ffuxhikmmjin.gq,0,0,0
99,15,76,8,1,2,1,4.802992984216231,1,0,0,0,0,0,0,1,0,0,0.0808080808080808,0,0,1,0.5625769719871838,0,https://docs.google.com/forms/d/e/1faipqlsesbvdbzo4nyhhdgovwhf1s-dcjqxxsb6p8946jiznaxsgdfw/viewform,0,0,0
54,17,29,7,1,2,1,4.705423900995746,1,0,0,0,0,0,0,0,0,0,0.1296296296296296,0,0,1,0.9932700463772078,0,https://demo2.cloudwp.dev/trial-02984y6x/banco/es/ing/,0,0,0
37,16,13,7,0,2,1,3.969607339117404,1,0,0,0,0,0,0,0,0,0,0.1891891891891892,0,0,0,0.0,0,https://urlhaus.abuse.ch/url/3662886/,1,0,0
62,35,20,5,1,2,1,4.609291826753742,0,0,0,0,0,0,0,0,0,0,0.0806451612903225,0,4,0,0.0,0,http://diphyletic-muscle.000webhostapp.com/wa_18__(pulberaja)_,1,0,0
34,20,7,16,0,4,2,4.043057694064253,0,1,0,1,0,0,0,0,0,0,0.4705882352941176,0,0,0,0.0,0,http://123.188.12.124:39675/bin.sh,1,0,0
31,24,0,0,0,2,1,3.824533406881911,0,0,0,0,0,0,0,0,0,0,0.0,0,0,1,0.6883024566947624,0,http://www.buttarandbuttars.com,0,0,0
22,13,1,0,0,1,0,3.845350936622435,1,0,0,0,0,0,0,0,0,0,0.0,0,0,1,0.5574052010174853,0,https://wikipedia.org/,0,0,0
25,17,0,0,0,2,1,3.813660689688185,1,0,0,0,0,0,0,0,0,0,0.0,0,0,0,0.0,0,https://www.altamonte.org,1,0,0
22,13,1,0,0,2,1,3.7544418457133446,1,0,0,0,0,0,0,0,0,0,0.0,0,0,0,0.0,0,https://www.udemy.com/,0,0,0
47,39,1,0,2,4,3,4.030147564619242,0,0,0,0,0,0,0,0,1,0,0.0,0,0,1,0.7712375077623936,0,http://www.amazcaom-co-jp.amaozeon.chajilu.top/,0,0,0
34,25,1,3,1,2,1,4.256149238118268,1,0,0,0,0,0,0,0,0,0,0.088235294117647,0,0,1,0.5355855866926453,0,https://su54-dsa9.firebaseapp.com/,0,0,0
97,26,1,9,2,1,0,4.802247659096284,1,0,0,0,0,0,0,0,0,0,0.0927835051546391,1,4,0,0.0,0,https://servidor-detalhado-24k.com/?gclid=eaiaiqobchmi8ze4lik5_qivixktbh37waiaeaayasaaegj73pd_bwe,0,0,0
122,14,101,32,2,4,2,4.755750228396232,0,0,0,1,0,0,0,0,0,0,0.2622950819672131,0,1,0,0.0,0,http://68.183.181.113/interac/new%20interac/plugnew/online/cibc/692e7bf5ceac55fcfc8f325a90926031/ebm-mobile-app/index.html,1,0,0
103,19,77,5,1,3,1,4.332376712880087,0,0,0,0,0,0,0,2,0,0,0.0485436893203883,0,1,0,0.0,0,http://clicaverdade.com.br/.clerent/access/account/customer_center/customer-idpp00c897/myaccount/signin,1,0,0
28,21,0,0,0,3,2,3.896291529045928,0,0,0,0,0,0,0,0,0,0,0.0,0,0,1,0.6083836246753103,0,http://www.fontsm.welco.live,0,0,0
19,12,0,0,0,2,1,3.5766176449086653,0,0,0,0,0,0,0,0,0,0,0.0,0,0,1,0.9827869381098184,0,http://www.lkor.com,0,0,0
53,12,34,21,1,1,0,4.236683427399852,0,0,0,0,0,0,0,0,0,0,0.3962264150943396,0,0,0,0.0,0,http://fr-impots.be/fr837987222212/fr837987212/espace,1,0,0
27,18,1,1,0,2,1,3.7821222241453056,1,0,0,0,0,0,0,0,0,0,0.037037037037037,0,0,1,0.530919544817253,0,https://unga3bunga.web.app/,0,0,0
87,22,57,26,1,3,1,4.87957259391373,1,0,0,0,0,0,0,0,0,0,0.2988505747126437,0,0,1,0.9130706103975484,0,https://eu2.contabostorage.com/17369aa91d5549c192b0f736d5822403:rr-frontpage/index.html,0,0,0
23,16,0,0,0,2,1,3.795088586397733,0,0,0,0,0,0,0,0,0,0,0.0,0,0,1,0.6013184077654823,0,http://www.ultrasoft.in,0,0,0
32,25,0,0,0,2,1,4.116729296672174,0,0,0,0,0,0,0,0,0,0,0.0,0,0,1,0.5125953046236036,0,http://www.baileysepictravel.com,0,0,0
120,19,1,14,1,4,1,4.940410447263334,0,0,0,0,0,0,0,0,0,0,0.1166666666666666,6,15,0,0.0,0,http://ad.atkamackerel.com/?uid=26&offerid=2254&source=lb89bf8&subid=ch-op_an&sv=s001&off_id=muenstergasse%40ub.unibe.ch,1,0,0
34,26,0,0,0,2,1,4.2339466645252255,1,0,0,0,0,0,0,0,0,0,0.0,0,0,0,0.0,0,https://www.jamesbondlifestyle.com,1,0,0
25,18,0,0,1,2,1,3.813660689688185,0,0,0,0,0,0,0,0,1,0,0.0,0,0,1,0.7418340108046046,0,http://www.dgr-shaprqk.ga,0,0,0
22,13,1,0,0,2,1,3.322179345516667,1,0,0,0,0,0,0,0,0,0,0.0,0,0,1,0.5468053794280867,0,https://www.notion.so/,0,0,0
27,14,6,11,0,3,2,3.986187965046305,0,0,0,1,0,0,0,0,0,0,0.4074074074074074,0,0,0,0.0,0,http://158.94.208.162/z/arm,1,0,0
45,24,14,0,2,2,1,4.244320529942616,0,0,0,0,0,0,0,1,0,0,0.0,0,0,0,0.0,1,http://debajyoti-shit.github.io/netflix-clone,1,0,0
21,14,0,3,0,2,1,3.6537567082870006,0,0,0,0,0,0,0,0,1,0,0.1428571428571428,0,0,1,0.9434477111860552,0,http://www.thg268.xyz,0,0,0
48,29,12,0,0,3,1,4.026754427398839,0,0,0,0,0,0,0,2,0,0,0.0,0,0,0,0.0,1,http://cpcalendars.medpackpharma.com/apple.login,1,0,0
62,11,44,0,0,2,0,4.139207197274281,0,0,0,0,0,0,0,0,0,0,0.0,0,0,0,0.0,0,http://dariksky.bg/KKveTTgaAAsecNNaaaa/KKveTTgaAAsecNNaaaa.arm,1,0,0
49,20,21,0,2,2,1,4.206147599040639,1,0,0,0,0,0,0,2,0,0,0.0,0,0,0,0.0,1,https://jebatahsin.github.io/facebook-login-page/,0,0,0
28,21,0,0,0,2,1,3.9407598325400897,0,0,0,0,0,0,0,0,0,0,0.0,0,0,1,0.6556214299882129,0,http://www.ivoireshoping.com,0,0,0
21,7,6,0,0,1,0,3.5585186130489057,1,0,0,0,0,0,0,0,0,0,0.0,0,0,1,0.626457491204282,0,https://sht.moe/zmrww,0,0,0
29,21,0,3,0,2,1,4.1852301329094015,1,0,0,0,0,0,0,0,0,0,0.1034482758620689,0,0,0,0.0,0,https://www.thegriffon108.com,1,0,0
193,23,51,68,2,3,1,4.883140935052052,0,0,0,0,0,0,0,3,0,0,0.3523316062176165,3,8,0,0.0,0,http://free-pay404.duckdns.org/b0120c3922a67ecc97331285fce8fbd1/credit%20card.php?cmd=_account-details&session=762eb19109b4a5cda2a8a685b88ad816&dispatch=cfb76b765317bc976910aa8bae660eda0f07c64d,1,0,0
25,16,1,0,0,1,0,3.8634651896016456,1,0,0,0,0,0,0,0,0,0,0.0,0,0,1,0.5347193544719536,0,https://credisprezta.com/,0,0,0
23,16,0,0,0,2,1,3.969001629875993,0,0,0,0,0,0,0,0,1,0,0.0,0,0,0,0.0,0,http://www.ojidsfclp.ga,0,0,0
73,57,9,18,2,5,3,4.705197210319126,0,0,0,0,0,0,0,0,0,0,0.2465753424657534,0,0,0,0.0,0,http://quarantine27012022-1309443245.cos.na-ashburn.myqcloud.com/apps.htm,0,0,0
46,13,26,10,2,3,2,4.395859717341204,0,0,0,1,0,0,0,1,0,0,0.217391304347826,0,0,0,0.0,0,http://185.212.47.27/banks/cibc/ebm-mobile-app,1,0,0
261,21,31,28,0,3,0,5.058867503506,0,0,0,0,0,0,0,1,0,0,0.10727969348659,0,3,0,0.0,1,http://beautifulattendee.com/css/sup/chase$m.com/logins.php?&sbie1c7iqyhgd9mmud0trlrkee0ecw8bcgqb2lm7c0izrmpxrbauc8ayfo7pgl7qx4jmt6rnxbchzappzazczdfrk8ovdi8fpduemgyy1mrn0elyfh6zvlshzi1mnyc1tphltaci7ijzgdiiyhgyvmwmmyjswt4galbvipqdmzqdlpe08xtwy63lsguq5tadxklvdtrt,1,0,0
109,23,63,21,1,2,0,4.7351851292297225,0,0,0,0,0,0,0,0,0,0,0.1926605504587156,1,3,0,0.0,0,http://diretoriodeartistas.com/ven-c404/_/dir/cfcb93a98c964cc40bc9d47aaf99ff12/execution.html?validation=e1s1,1,0,0
25,18,0,0,0,2,1,3.5892750707107126,0,0,0,0,0,0,0,0,0,0,0.0,0,0,1,0.8919855252608615,0,http://www.aarontveit.net,0,0,0
67,23,37,2,4,3,1,4.188380796833528,0,0,0,0,0,0,0,2,0,0,0.0298507462686567,0,0,0,0.0,1,http://06secure-chase.ddns.net/chase.com-support-myaccount-recovery,1,0,0
59,42,9,1,0,4,2,4.32096566821917,1,0,0,0,0,0,0,0,0,0,0.0169491525423728,0,0,1,0.5102906029311625,0,https://lightcyandefiantvariables.vercion2.repl.co/home.php,0,0,0
103,11,85,0,5,3,1,4.257791181304524,0,0,0,0,0,1,0,0,0,0,0.0,0,0,0,0.0,0,http://brat.com.br/wp-content/plugins/essential-addons-for-elementor-lite/includes/extensions/index.htm,1,0,0
26,19,0,0,0,2,1,3.902174814211727,0,0,0,0,0,0,0,0,0,0,0.0,0,0,1,0.8781120616480271,0,http://www.nyfirewatch.com,0,0,0
27,20,0,0,0,2,1,3.986187965046305,0,0,0,0,0,0,0,0,0,0,0.0,0,0,0,0.0,0,http://www.vanisoftware.com,0,0,0
24,17,0,0,0,2,1,3.7406015629507223,0,0,0,0,0,0,0,0,0,0,0.0,0,0,0,0.0,0,http://www.cloudcoins.co,0,0,0
104,12,85,14,2,3,2,4.899476016735825,0,0,0,1,0,0,0,1,0,0,0.1346153846153846,0,0,0,0.0,0,http://34.225.9.199/mua/validatemail/scis/j6unvhzsitlyrxstpnfun4tssjgejkn7dldp6fxsjfxo/3d/no-back-button,1,0,0
57,12,38,5,0,2,0,4.2014212692578825,0,0,0,0,0,0,0,1,1,0,0.087719298245614,0,0,0,0.0,0,http://bankpage7.cf/office2022/vsdcscdscsacsdcfdcsfd.html,1,0,0
33,26,0,0,0,4,3,3.907734270742486,0,0,0,0,0,0,0,0,0,0,0.0,0,0,1,0.8425192725086977,0,http://www.wildcard.repeta.com.au,0,0,0
21,13,0,0,0,2,1,3.784941827437642,1,0,0,0,0,0,0,0,0,0,0.0,0,0,0,0.0,0,https://www.simula.no,1,0,0
25,17,0,0,0,2,1,3.813660689688185,1,0,0,0,0,0,0,0,0,0,0.0,0,0,0,0.0,0,https://www.vetusware.com,1,0,0
66,16,43,3,0,1,0,4.223864150897528,0,0,0,0,0,0,0,3,1,0,0.0454545454545454,0,1,0,0.0,0,http://appolesid.online/customer_center/secure616/myaccount/signin,1,0,0
69,29,33,9,5,3,1,4.582434240167331,0,0,0,0,0,0,0,0,0,0,0.1304347826086956,0,0,0,0.0,0,http://bthomevalidation.w3spaces.com/saved-from-tryit-2024-02-01.html,1,0,0
46,28,11,12,1,2,1,4.25693885808983,0,0,0,0,0,0,0,1,0,0,0.2608695652173913,0,0,0,0.0,1,http://appleid-316271.apple2.report/id74900the,1,0,0
55,46,1,0,3,3,2,4.303934605048634,1,0,0,0,0,0,0,0,0,0,0.0,0,0,1,0.5661162195758804,0,https://auth-document-shared.datingg-voice.workers.dev/,0,0,0
23,16,0,0,1,1,0,3.501397825434103,0,0,0,0,0,0,0,0,0,0,0.0,0,0,1,0.6257878516668998,0,http://ethereum-che.com,0,0,0
30,22,0,0,0,2,1,3.948394345536403,1,0,0,0,0,0,0,0,0,0,0.0,0,0,0,0.0,0,https://www.smartgridtoday.com,1,0,0
37,16,13,7,0,2,1,4.044063758094795,1,0,0,0,0,0,0,0,0,0,0.1891891891891892,0,0,0,0.0,0,https://urlhaus.abuse.ch/url/3735591/,1,0,0
23,16,0,1,0,2,1,3.708132064658602,0,0,0,0,0,0,0,0,0,0,0.0434782608695652,0,0,0,0.0,0,http://www.winsoft3.com,0,0,0
47,38,1,8,2,3,2,4.607156404592941,1,0,0,0,0,0,0,0,0,0,0.1702127659574468,0,0,0,0.0,0,https://orange-cloud-c86d.364354xl.workers.dev/,0,0,0
25,18,0,0,0,2,1,3.7834651896016473,0,0,0,0,0,0,0,0,0,0,0.0,0,0,1,0.8304342817098427,0,http://www.agrotmissa.com,0,0,0
135,27,22,25,0,3,1,4.898614136640493,0,0,0,0,0,0,0,1,0,0,0.1851851851851851,2,7,0,0.0,1,http://cpanel.propertysalesusa.icu/sos/chase/billing.php?servid=service_login_&_authentication=210e4f2d645f93fbba432e27f53d858f7bc44e63,1,0,0
45,16,22,10,0,2,1,4.808411151837153,0,0,0,0,0,0,0,0,0,0,0.2222222222222222,0,0,0,0.0,0,http://cw50034.tmweb.ru/i431o1xf2lqs/sdfghjky,1,0,0
79,32,40,5,0,3,2,4.584949026921886,0,0,0,0,0,0,0,0,0,0,0.0632911392405063,0,0,0,0.0,0,http://delivery.attempt.intexlinkbd.net/public/tbalmye6bcfwq4yugijlfymq6gt7lw0b,1,0,0
33,25,0,0,0,2,1,4.051821770808045,1,0,0,0,0,0,0,0,0,0,0.0,0,0,0,0.0,0,https://www.crookedlakereview.com,1,0,0
28,21,0,0,0,3,2,3.9407598325400897,0,0,0,0,0,0,0,0,0,0,0.0,0,0,1,0.9069575481823448,0,http://www.dnf.diggfunny.com,0,0,0
31,22,1,0,1,2,1,3.953565664946427,1,0,0,0,0,0,0,1,0,0,0.0,0,0,1,0.973620641397038,0,https://webs-logins.webflow.io/,0,0,0
20,13,0,4,0,2,1,3.6841837197791887,0,0,0,0,0,0,0,0,0,0,0.2,0,0,1,0.947296132441209,0,http://www.k8381.com,0,0,0
44,23,14,5,0,3,2,4.15524802806334,0,0,0,0,0,0,0,0,0,0,0.1136363636363636,0,0,0,0.0,0,http://et.interac.ca1.business/sh/9j304i/bnc,1,0,0
93,11,41,15,0,1,0,4.784593994687871,0,0,0,0,0,0,0,1,0,0,0.1612903225806451,2,6,0,0.0,0,http://garhold.net/7b6ad2297d3beb569ddf3ee1ce22ffa8/signin/?country=united+states&local=en_us,1,0,0
16,8,1,0,0,1,0,3.4056390622295662,0,0,0,0,0,0,0,0,0,0,0.0,0,0,1,0.7201461650923265,0,http://outys.fr/,0,0,0
35,7,20,3,0,2,0,4.25057194545458,1,0,0,0,0,0,0,0,0,0,0.0857142857142857,0,0,1,0.9919913651230404,0,https://13j.org/keesler/index2.html,0,0,0
44,37,0,0,0,2,1,3.9734298462451583,0,0,0,0,0,0,0,0,0,0,0.0,0,0,0,0.0,0,http://www.generatorsupercenterofatlanta.com,0,0,0
26,19,0,0,0,2,1,3.700439718141092,0,0,0,0,0,0,0,0,0,0,0.0,0,0,1,0.7886566576829719,0,http://www.pimpwebpage.com,0,0,0
35,24,3,0,0,2,1,4.16429908806447,1,0,0,0,0,0,0,0,0,0,0.0,0,0,1,0.930738731114114,0,https://www.ebikediagnostics.com/jp,0,0,0
24,16,1,0,0,1,0,3.636842188131012,0,0,0,0,0,0,0,0,0,0,0.0,0,0,1,0.5697808461794539,0,http://fonctioncarte.fr/,0,0,0
37,13,17,10,0,4,2,4.084868487941469,0,0,0,1,0,0,0,0,0,0,0.2702702702702703,0,0,0,0.0,0,http://192.3.101.161/zeus/cookies.txt,1,0,0
34,19,8,0,1,1,0,4.197325708706504,0,0,0,0,0,0,0,0,1,0,0.0,0,0,0,0.0,0,http://claim-stimulus.info/vhhdhgw,1,0,0
32,17,8,2,0,2,1,3.9261085007312415,0,0,0,0,0,0,0,1,0,0,0.0625,0,0,0,0.0,1,http://gilin03.github.io/netflix,1,0,0
20,12,0,0,0,2,1,3.484183719779189,1,0,0,0,0,0,0,0,0,0,0.0,0,0,0,0.0,0,https://www.sarva.ch,1,0,0
42,16,19,0,1,2,1,4.320423374953669,0,0,0,0,0,0,0,1,0,0,0.0,0,0,0,0.0,0,http://alagoando.com.br/wp-includes/secure,1,0,0
78,15,13,13,0,4,2,4.602933636590217,0,0,0,0,0,0,0,0,0,0,0.1666666666666666,1,2,0,0.0,0,http://cu.isiolo.go.ke/profile.html?countuser=bded4bd0d7b4438bdcd559bdeedd05d1,1,0,0
23,9,6,0,0,1,0,3.729446194905257,1,0,0,0,0,0,0,1,0,0,0.0,0,0,0,0.0,0,https://apple.com/about,0,0,0
35,12,16,4,0,1,0,4.114718016821339,0,0,0,0,0,0,0,0,0,0,0.1142857142857142,0,0,0,0.0,0,http://besoumes.com/shaw2022service,1,0,0
22,14,0,0,0,2,1,3.538310595615006,1,0,0,0,0,0,0,0,0,0,0.0,0,0,0,0.0,0,https://www.torosi.com,1,0,0
27,20,0,7,0,3,2,3.95822916866988,0,0,0,0,0,0,0,0,0,0,0.2592592592592592,0,0,0,0.0,0,http://www.f0592079.xsph.ru,0,0,0
22,14,0,0,0,2,1,3.606936732175321,1,0,0,0,0,0,0,0,0,0,0.0,0,0,0,0.0,0,https://www.society.at,1,0,0
36,29,0,0,0,3,2,3.930225265800904,0,0,0,0,0,0,0,0,0,0,0.0,0,0,1,0.6403974633994725,0,http://www.business.satellitebbs.com,0,0,0
27,18,1,2,0,2,1,4.032303242743953,1,0,0,0,0,0,0,0,0,0,0.074074074074074,0,0,1,0.9502925515089244,0,https://rm8aq3.webwave.dev/,0,0,0
48,25,15,0,1,3,1,4.256328385912463,1,0,0,0,0,0,0,0,0,0,0.0,0,0,1,0.9136067986866429,0,https://www.gmenduroracingteam.it/ss/soc-log.php,0,0,0
25,18,0,0,0,2,1,3.893660689688185,0,0,0,0,0,0,0,0,0,0,0.0,0,0,0,0.0,0,http://www.gamehacking.eu,0,0,0
120,19,94,24,5,1,0,5.076566250826977,0,0,0,0,0,0,0,0,1,0,0.2,0,0,0,0.0,0,http://e-serviceparts.info/landingpages/b12e61c3-701e-44cc-9480-d886eebdb2f4/8k0gkmakdrhnudopx9jchfptmqqqzbzyg5awqcaya6k,1,0,0
37,16,13,7,0,2,1,3.990009704040741,1,0,0,0,0,0,0,0,0,0,0.1891891891891892,0,0,0,0.0,0,https://urlhaus.abuse.ch/url/3719973/,1,0,0
79,12,60,5,0,1,0,4.723172881840164,0,0,0,0,0,0,0,0,0,0,0.0632911392405063,0,3,0,0.0,0,http://conaireg.com/new/auth/sf_rand_string_lowercase6/yxj0ahvylmhvqgd0yweuy29t,1,0,0
70,23,40,4,0,1,0,4.627018509858231,0,0,0,0,0,1,0,0,0,0,0.0571428571428571,0,0,0,0.0,0,http://deliverylifesupport.com/public/zcvrb7qb7slksjk6lovkpqzlzxahk4ir,1,0,0
59,14,38,11,2,4,2,4.627743049068488,0,0,0,1,0,0,0,2,0,0,0.1864406779661017,0,0,0,0.0,0,http://142.93.129.176/banks/cibc/ebm-mobile-app/verify.html,1,0,0
40,13,20,14,0,4,2,4.203055907333275,0,0,0,1,0,0,0,0,0,0,0.35,0,0,0,0.0,0,http://70.40.210.173/tw14xc08/index.html,1,0,0
25,18,0,0,0,3,2,3.6234651896016463,0,0,0,0,0,1,0,0,0,0,0.0,0,0,0,0.0,0,http://www.techsat.com.ar,0,0,0
71,32,12,15,0,2,1,4.987362260166922,0,0,0,0,0,0,0,0,1,0,0.2112676056338028,2,4,1,0.7706290164725726,0,http://mrmmewtnxm.onlineprosurveys.club/vnafvra97w/?q=3717065149&id=100,0,0,0
37,16,13,7,0,2,1,4.152171866202903,1,0,0,0,0,0,0,0,0,0,0.1891891891891892,0,0,0,0.0,0,https://urlhaus.abuse.ch/url/3712904/,1,0,0
34,16,11,7,0,2,1,4.300554385304355,0,0,0,0,0,0,0,0,0,0,0.2058823529411764,0,0,0,0.0,0,http://a0632103.xsph.ru/lyonne/dnx,1,0,0
29,20,1,0,0,2,1,3.948859340762046,1,0,0,0,0,0,0,0,1,0,0.0,0,0,1,0.9525184012189568,0,https://nvmfk.downlittle.top/,0,0,0
83,12,20,20,0,2,0,4.897108220498752,0,0,0,0,0,0,0,1,0,0,0.2409638554216867,0,1,0,0.0,0,http://barocheck.kr/barocheck/login.cmx;jsessionid=be40d089d5db2354cd331a8dbf764712,1,0,0
42,33,1,2,0,2,1,4.168886994558424,1,0,0,0,0,0,0,0,0,0,0.0476190476190476,0,0,1,0.6888155663866296,0,https://domappcheckomeg17.firebaseapp.com/,0,0,0
26,17,1,2,1,2,1,3.950063756436209,1,0,0,0,0,0,0,0,0,0,0.0769230769230769,0,0,1,0.5800454288874439,0,https://sn3-kdg3b.web.app/,0,0,0
34,27,0,3,0,3,2,4.094097032108653,0,0,0,0,0,0,0,0,0,0,0.088235294117647,0,0,1,0.5599084557997661,0,http://www.silverbell.000space.com,0,0,0
26,19,0,0,0,3,2,3.719294525666979,0,0,0,0,0,0,0,0,0,0,0.0,0,0,1,0.9619213010830132,0,http://www.ytrb.nowurl.fun,0,0,0
36,27,1,2,0,2,1,4.065079515030719,1,0,0,0,0,0,0,0,0,0,0.0555555555555555,0,0,0,0.0,0,https://obabanter14.firebaseapp.com/,0,0,0
75,15,53,21,0,4,2,5.181761023656137,0,0,0,1,0,0,0,0,0,0,0.28,0,0,0,0.0,0,http://135.225.120.199/Vye32GsS2g38eKHmaKrLdDjgrnf2YBT4/FGx8SNCa4txePA.mips,1,0,0
22,15,0,2,0,2,1,3.6635327548042538,0,0,0,0,0,0,0,0,1,0,0.0909090909090909,0,0,1,0.6128642696949456,0,http://www.dergr45.top,0,0,0
46,28,11,12,1,2,1,4.180639401474028,0,0,0,0,0,0,0,1,0,0,0.2608695652173913,0,0,0,0.0,1,http://appleid-679903.apple2.report/id74900the,1,0,0
75,28,40,6,0,2,1,4.723009397568582,0,0,0,0,0,1,0,0,0,0,0.08,0,0,1,0.8112501440916411,0,http://mail.deliverylifesupport.com/public/qhozn5e93zrec4vsksyrnanc8i2zeiij,0,0,0
35,28,0,0,0,2,1,3.707156230921613,0,0,0,0,0,0,0,0,0,0,0.0,0,0,1,0.8203870747516517,0,http://www.thesapphireresidence.net,0,0,0
85,38,40,1,0,4,3,4.52062226032612,0,0,0,0,0,0,0,0,0,0,0.0117647058823529,0,0,0,0.0,0,http://delivery.attempt.failure.feedmybot.net/public/syzldu0nytdbxcwunlolwwyboxxgsxnr,1,0,0
26,19,0,0,0,2,1,3.8441065448145375,0,0,0,0,0,0,0,0,0,0,0.0,0,0,0,0.0,0,http://www.securitycode.eu,0,0,0
66,14,45,1,0,4,0,4.208025036388182,0,0,0,0,0,0,0,0,0,0,0.0151515151515151,0,0,0,0.0,0,http://fid0mobile.com/directing/www.atbonline.com/atb/details.html,1,0,0
40,31,1,5,2,2,1,4.277567157116929,1,0,0,0,0,0,0,0,0,0,0.125,0,0,1,0.97017855156523,0,https://cancel66097-binance-com.web.app/,0,0,0
28,21,0,0,0,2,1,4.110577243331642,0,0,0,0,0,0,0,0,0,0,0.0,0,0,1,0.911591795129742,0,http://www.daprofesional.com,0,0,0
22,14,0,0,0,3,2,3.538310595615006,1,0,0,0,0,0,0,0,0,0,0.0,0,0,0,0.0,0,https://www.jtc.gov.sg,1,0,0
31,24,0,0,0,2,1,4.17146526179041,0,0,0,0,0,0,0,0,1,0,0.0,0,0,0,0.0,0,http://www.documentsharing.info,0,0,0
51,44,0,3,3,4,3,4.265589930954743,0,0,0,0,0,0,0,0,0,0,0.0588235294117647,0,0,1,0.6975122341097877,0,http://www.nineth03.oss-ap-southeast-5.aliyuncs.com,0,0,0
163,20,105,30,0,1,0,5.191823786388597,1,0,0,0,0,0,0,0,0,0,0.1840490797546012,2,4,1,0.874779318419886,0,https://azulkiteboarding.com/ovv0j0rpv7dvr6qp7suihsov6f8rtl9xdlusqwz3scxydgy179kxec1oneu1amwsgnsm8mkststawqbwdkc2nk2t1bopeyqetym6nza/?456ty289hyu=45vgi90k2ed&x=vhv,0,0,0
107,11,89,24,0,7,0,4.461870235479459,0,0,1,0,0,0,0,0,0,0,0.2242990654205607,0,0,1,0.5906840919802294,0,http://1636365.com/assets/@ctrl.b082b0c1.js/assets/@intlify.595663c5.js/assets/@emotion.069aa8d1.js/assets/,0,0,0
23,15,1,5,0,2,1,3.849223912390625,0,0,0,0,0,0,0,0,0,0,0.217391304347826,0,0,0,0.0,0,http://www.ss04329.com/,0,0,0
90,19,1,7,0,1,0,4.5523130306371264,1,0,0,0,0,0,0,0,0,0,0.0777777777777777,1,5,1,0.5136350979375036,0,https://dominionovinho1.com/?gclid=eaiaiqobchmijn62hvd3_aiva43ich3noghteaayasaaegjba_d_bwe,0,0,0
34,26,0,0,0,2,1,4.035273502696889,1,0,0,0,0,0,0,0,0,0,0.0,0,0,0,0.0,0,https://www.phoeniciavoicefest.org,1,0,0
27,20,0,0,0,2,1,3.689891668750008,0,0,0,0,0,0,0,0,0,0,0.0,0,0,0,0.0,0,http://www.polevoyton.store,0,0,0
22,13,2,0,0,1,0,3.629219686524096,0,0,0,0,0,0,0,0,1,0,0.0,0,0,0,0.0,0,http://ezdriveci.top/i,1,0,0
26,18,0,0,0,2,1,4.056020968057881,1,0,0,0,0,0,0,0,0,0,0.0,0,0,0,0.0,0,https://www.kevinjames.com,1,0,0
56,13,36,0,0,2,1,3.888748950696459,0,0,0,0,0,0,0,0,0,0,0.0,0,0,1,0.8154232369760892,0,http://lukers.com.sg/chronopostalertee/chronopostalertee,0,0,0
23,15,0,0,0,2,1,3.414441303694973,1,0,0,0,0,0,0,0,0,0,0.0,0,0,0,0.0,0,https://www.cephaiti.ht,1,0,0
19,11,1,0,0,1,0,3.43162356584743,0,0,0,0,0,0,0,0,0,0,0.0,0,0,1,0.8871932254279192,0,http://authify.vip/,0,0,0
31,24,0,0,0,3,2,3.889049535914169,0,0,0,0,0,0,0,0,1,0,0.0,0,0,1,0.95989469932479,0,http://www.car.drivethrough.top,0,0,0
24,11,6,2,0,1,0,3.9701755214643457,0,0,0,0,0,0,0,0,1,0,0.0833333333333333,0,0,0,0.0,0,http://3ltwjelf.ga/dtox1,1,0,0
132,28,19,13,0,3,1,4.592515966653933,0,0,0,0,0,0,0,1,0,0,0.0984848484848484,3,7,0,0.0,0,http://connectlink7.webcindario.com/bofa/boa/first.php?cmd=login_submit&id=mtq2odc2nji5mtq2odc2nji5&session=mtq2odc2nji5mtq2odc2nji5,1,0,0
25,18,0,0,0,2,1,3.753269689515107,0,0,0,0,0,0,0,0,0,0,0.0,0,0,0,0.0,0,http://www.txpcrescue.com,0,0,0
26,18,0,0,0,2,1,3.921029621737614,1,0,0,0,0,0,0,0,0,0,0.0,0,0,0,0.0,0,https://www.navaltoday.com,1,0,0
71,23,40,3,0,1,0,4.527796197024801,1,0,0,0,0,0,0,0,0,0,0.0422535211267605,0,0,1,0.8274231537372178,0,https://onlinequranteaching.com/public/oipggzgm5obdpodxowgv43vpdxipvaid,0,0,0
191,31,75,6,3,3,1,4.551530237852137,0,0,0,0,0,0,0,0,0,0,0.031413612565445,3,14,0,0.0,0,http://cursory-timer.000webhostapp.com/century-last/century-last/century/jghkfdjgoh4t59/info/elpsycho/action.html?template=initiate&valid=true&session=$host$host$host$host$host$host$host$host,1,0,0
24,17,0,1,0,2,1,3.740601562950723,0,0,0,0,0,0,0,0,0,0,0.0416666666666666,0,0,1,0.8014148081628781,0,http://www.lekturymp3.pl,0,0,0
64,55,1,0,2,2,1,4.246018072054203,1,0,0,0,0,0,0,0,0,0,0.0,0,0,1,0.6054799286475439,0,https://fechavencimientobisacuentavencida--pasosaseguir.repl.co/,0,0,0
38,30,0,0,1,4,3,4.027808356164631,1,0,0,0,0,0,0,0,1,0,0.0,0,0,1,0.9616934755122204,0,https://www.ekie-nat.ekaste.ghbixl.top,0,0,0
34,26,0,0,0,2,1,3.9620315910594455,1,0,0,0,0,0,0,0,0,0,0.0,0,0,0,0.0,0,https://www.chameleoncuttables.com,1,0,0
29,22,0,0,0,3,2,3.857306856898128,0,0,0,0,0,0,0,0,0,0,0.0,0,0,1,0.5480813955173205,0,http://www.hbfnjd.cannca.shop,0,0,0
23,15,0,0,0,2,1,3.9690016298759936,1,0,0,0,0,0,0,0,0,0,0.0,0,0,0,0.0,0,https://www.kearney.com,1,0,0
51,42,1,0,0,3,2,4.125487048058141,1,0,0,0,0,0,0,0,0,0,0.0,0,0,1,0.9153611957257042,0,https://bancodebogotavalidaciones.andfredo.repl.co/,0,0,0
37,16,13,7,0,2,1,3.969607339117404,1,0,0,0,0,0,0,0,0,0,0.1891891891891892,0,0,0,0.0,0,https://urlhaus.abuse.ch/url/3665615/,1,0,0
30,22,0,0,0,3,2,4.0062389286533895,1,0,0,0,0,0,0,0,0,0,0.0,0,0,0,0.0,0,https://www.smilingmind.com.au,1,0,0
20,12,0,0,0,2,1,3.7841837197791888,1,0,0,0,0,0,0,0,0,0,0.0,0,0,0,0.0,0,https://www.ilbe.com,1,0,0
153,21,22,12,3,2,0,4.7152241162548965,0,0,0,0,0,0,0,1,0,0,0.0784313725490196,2,5,0,0.0,1,http://accurate-engineers.in/chase/secure/home.php?public/enroll/identifyuser-aspx-lob=rbglogon=mzq5mta3ndi2mzq5mta3ndi2&session=mzq5mta3ndi2mzq5mta3ndi2,1,0,0
63,33,23,19,1,2,0,4.635954630420267,0,0,0,0,0,0,0,2,1,0,0.3015873015873015,0,2,0,0.0,1,http://checkpoint-2000003548754996804.ml/login_to_facebook.html,1,0,0
35,26,1,6,1,2,1,4.3572958738405685,1,0,0,0,0,0,0,0,0,0,0.1714285714285714,0,0,1,0.6221758730311719,0,https://redirection3-20361.web.app/,0,0,0
64,13,44,31,0,3,2,4.526907328518201,0,0,0,1,0,0,0,0,0,0,0.484375,0,0,0,0.0,0,http://139.59.15.134/online/atb/e06e1f7746ad031470f2c875c6b89fa8,1,0,0
64,13,44,1,1,2,0,4.315774219659049,0,0,0,0,0,0,0,1,0,0,0.015625,0,0,0,0.0,0,http://biorajlabs.in/wp-content/upgrade/signonv2screen/login.php,1,0,0
34,26,0,0,0,2,1,4.020855120471211,1,0,0,0,0,0,0,0,0,0,0.0,0,0,0,0.0,0,https://www.learnersandlicense.com,1,0,0
21,11,2,0,0,1,0,3.594465636961451,1,0,0,0,0,0,0,0,1,0,0.0,0,0,1,0.7659508886395991,0,https://rflethng.tk/p,0,0,0
41,18,16,1,0,2,0,4.308294687333842,0,0,0,0,0,0,0,0,0,0,0.024390243902439,0,0,0,0.0,0,http://bullroofingatl.com/macu/index2.php,1,0,0
25,14,4,11,0,3,2,3.4790795706241746,0,0,0,1,0,0,0,0,0,0,0.44,0,0,0,0.0,0,http://109.111.55.221/mps,1,0,0
39,13,1,7,0,1,0,4.006573937300011,0,0,0,0,0,0,0,0,0,0,0.1794871794871795,0,1,1,0.7332701866426257,0,http://dfjhjhjb2.com/?fds21fds54fds54sd,0,0,0
63,15,41,6,1,2,0,4.436778735076728,0,0,0,0,0,0,0,0,0,0,0.0952380952380952,0,0,0,0.0,0,http://bartoszidzik.pl/wp-includes/simplepie/fm1/15d18/sms2.php,1,0,0
29,22,0,0,0,3,2,3.788341339656749,0,0,0,0,0,0,0,0,0,0,0.0,0,0,1,0.6829788471184475,0,http://www.pelayoacctg.org.ph,0,0,0
60,17,36,0,0,3,1,4.083125229521509,0,0,0,0,0,0,0,0,0,0,0.0,0,0,0,0.0,0,http://eng.euroexpert.ru/media/fi/rewards/rewards/revph.html,1,0,0
26,19,0,0,1,2,1,3.8252517372886503,0,0,0,0,0,0,0,0,1,0,0.0,0,0,1,0.9643154226373488,0,http://www.sana-adilran.ml,0,0,0
38,17,14,0,0,2,1,4.093340592892869,0,0,0,0,0,0,0,0,0,0,0.0,0,0,0,0.0,0,http://akirasushi.com.vn/en/medias/ing,1,0,0
84,75,1,9,0,3,2,4.768274084386958,1,0,0,0,0,0,0,0,0,0,0.1071428571428571,0,0,1,0.6336553918236977,0,https://bafybeihlnhj3lstuhm27bzw7ml5bvawvib2esr2sirmvbp5qrzoqu4zrby.ipfs.fleek.cool/,0,0,0
84,16,61,21,3,2,1,4.733100055310968,0,0,0,0,0,0,0,1,1,0,0.25,0,0,0,0.0,0,http://demo.djhost.info/review-account-set-up/aplle/7b7a3e4624dfda676a6e6178f0878a00,1,0,0
36,29,0,0,2,2,1,3.940351042928689,0,0,0,0,0,0,0,0,0,0,0.0,0,0,1,0.5383573642209412,0,http://www.theron-resource-group.com,0,0,0
35,27,0,0,0,2,1,4.01158543183743,1,0,0,0,0,0,0,0,0,0,0.0,0,0,0,0.0,0,https://www.myentertainmentworld.ca,1,0,0
73,50,16,12,6,5,3,4.428488567302416,0,0,0,0,0,0,0,2,0,0,0.1643835616438356,0,0,0,0.0,1,http://ec2-13-127-162-62.ap-south-1.compute.amazonaws.com/image/login.htm,1,0,0
34,25,1,2,1,2,1,4.278351811711312,1,0,0,0,0,0,0,0,0,0,0.0588235294117647,0,0,1,0.8637425597564057,0,https://hd7k-mk7g.firebaseapp.com/,0,0,0
76,31,13,10,1,3,1,4.836972915848607,0,0,0,0,0,0,0,0,0,0,0.131578947368421,1,3,0,0.0,0,http://databasefb-jbiu4xwaa.domfilm.de/profile.html?countuser=3d74f2d54086f=,1,0,0
35,27,0,0,0,2,1,3.9928705166358975,1,0,0,0,0,1,0,0,0,0,0.0,0,0,0,0.0,0,https://www.themalaysianinsight.com,1,0,0
145,106,32,47,3,5,3,5.060062826444727,0,0,0,0,0,0,0,1,0,0,0.3241379310344827,0,0,0,0.0,0,http://cox.com-6159368de39251d7a-login.id-107sbtd9cbhsbtd5d80a13c0db1f546757jnq9j5754675748500296.kylelierman.com/iloystgnjfrgthteawvo/indexx.php,1,0,0
97,16,74,32,0,2,1,4.739247151556385,0,0,0,0,0,0,0,0,0,0,0.3298969072164948,0,6,0,0.0,0,http://ck87119.tmweb.ru/cr%c3%a9dit%20agricole%20s%c3%a9curipass/6c2c6dc3f8351b42702bf29b7db30b3b,1,0,0
27,20,0,7,0,3,2,3.95822916866988,0,0,0,0,0,0,0,0,0,0,0.2592592592592592,0,0,0,0.0,0,http://www.f0534243.xsph.ru,0,0,0
210,28,20,30,0,2,1,5.122234089235458,0,0,0,0,0,0,0,1,1,0,0.1428571428571428,1,2,0,0.0,0,http://confirmar.aplicativocaixa.ga/sinbc/home/05/code/?key=fs5bwokd5db6d4qsuqoq42blbkzfsygvgt9vdfewjx28iu2ztvhmcls85maai0uilc8m2bysw4s4cydllmuprlxfj2i16pxop3ykmozjzhpfccc5qtavtgkomxch871agryffzfvyi5ynux3rily1b,1,0,0
42,22,13,6,0,2,1,4.397687958235491,0,0,0,0,0,0,0,1,0,0,0.1428571428571428,0,0,0,0.0,1,http://anjali017292.github.io/amazonclonee,1,0,0
50,43,0,1,3,4,3,4.183981820580905,0,0,0,0,0,0,0,0,0,0,0.02,0,0,1,0.9629782786269144,0,http://www.weither.oss-ap-southeast-5.aliyuncs.com,0,0,0
30,22,0,0,0,2,1,3.923231428797621,1,0,0,0,0,0,0,0,0,0,0.0,0,0,0,0.0,0,https://www.emporiagazette.com,1,0,0
27,20,0,0,0,3,2,3.708048150071232,0,0,0,0,0,0,0,0,0,0,0.0,0,0,0,0.0,0,http://www.oakdragon.atw.hu,0,0,0
38,29,1,4,1,2,1,4.45148902643068,1,0,0,0,0,0,0,0,0,0,0.1052631578947368,0,0,0,0.0,0,https://bgyr65-mkdt77.firebaseapp.com/,0,0,0
67,27,26,11,0,3,1,4.459777116684911,0,0,0,0,0,0,0,0,0,0,0.1641791044776119,0,2,0,0.0,0,http://alemm2edf.000webhostapp.com/25gb/25gb/25gb/index2.php?email=,1,0,0
39,14,18,0,0,1,0,3.718237719406768,0,0,0,0,0,0,0,0,0,0,0.0,0,0,0,0.0,0,http://covidchamp.com/adcbe/adobe/adobe,1,0,0
34,25,1,6,1,2,1,4.373796296941798,1,0,0,0,0,0,0,0,0,0,0.1764705882352941,0,0,1,0.8969170069720491,0,https://aol-105699.weeblysite.com/,0,0,0
143,9,53,0,0,2,0,4.4157753332465575,0,0,0,0,0,0,0,1,0,0,0.0,3,12,0,0.0,0,http://adekit.md/modules/gamification/controllers/postem/cmb/auth.php?cmb_login=true&_pagelabel=as_demande_code_conf_page&premieredemande=false,1,0,0
40,25,7,0,0,3,1,4.137326145256008,1,0,0,0,0,0,0,0,0,0,0.0,0,0,1,0.9429214930867552,0,https://wwwinfoview.xinhuopay.com/jp.php,0,0,0
63,17,39,7,1,3,1,4.604208598674236,0,0,0,0,0,0,0,0,0,0,0.1111111111111111,0,1,0,0.0,0,http://demo3.cloudwp.dev/trial-4w8046v7/new/recibir_paquete.php,1,0,0
21,13,0,0,0,2,1,3.784941827437642,1,0,0,0,0,0,0,0,0,0,0.0,0,0,0,0.0,0,https://www.efncp.org,1,0,0
93,41,45,22,0,5,4,4.6035322684376565,0,0,0,0,0,1,0,1,0,1,0.2365591397849462,0,0,0,0.0,0,http://boa.alert.account.ataentertainment.com.au/lulzsec/app/8693fbdf9bbd1977eee4575817446816,1,0,0
18,10,0,0,0,2,1,3.4613201402110083,1,0,0,0,0,0,0,0,0,0,0.0,0,0,0,0.0,0,https://www.uba.ar,0,0,0
31,22,1,1,0,2,1,4.018081793978685,1,0,0,0,0,0,0,0,0,0,0.032258064516129,0,0,1,0.6751626726299957,0,https://francemsgcabc7.web.app/,0,0,0
39,18,14,1,0,2,1,3.983994847011903,0,0,0,0,0,0,0,1,0,0,0.0256410256410256,0,0,0,0.0,1,http://ammaxon.heteml.net/amazonv/ed9fb,1,0,0
30,10,13,0,1,2,1,3.831401845392171,0,0,0,0,0,0,0,0,0,0,0.0,0,0,0,0.0,0,http://cpdc.co.za/wp-admin/tim,1,0,0
29,22,0,0,0,3,2,4.047299098426644,0,0,0,0,0,0,0,0,0,0,0.0,0,0,0,0.0,0,http://www.equip.yaroslavl.ru,0,0,0
31,22,1,1,0,2,1,4.0022680844408445,1,0,0,0,0,0,0,0,0,0,0.032258064516129,0,0,1,0.7357521293698365,0,https://citbackup.a2hosted.com/,0,0,0
109,13,22,27,1,2,0,4.8818257025308505,0,0,0,0,0,0,0,1,1,0,0.2477064220183486,1,2,0,0.0,0,http://brsbrosker.ml/appsuite/yt/login.php?cfi=ac21abb6da5983cd2658ed5c91da30149ed39efb497ed894product-userid,1,0,0
55,37,11,6,2,3,2,4.569919886559374,0,0,0,0,0,0,0,0,0,0,0.109090909090909,0,0,0,0.0,0,http://a12-902fb4.ingress-daribow.easywp.com/octhom/ocs,1,0,0
47,38,1,3,3,2,1,4.296728947874152,1,0,0,0,0,0,0,1,0,0,0.0638297872340425,0,0,0,0.0,1,https://facebook-business-appeal-72db8.web.app/,0,0,0
37,22,8,20,0,2,0,3.9519040409537936,0,0,0,0,0,0,0,0,1,0,0.5405405405405406,0,0,0,0.0,0,http://5688785462648234707.tk/mk1.php,1,0,0
24,15,1,0,0,2,1,3.636842188131012,1,0,0,0,0,0,0,0,0,0,0.0,0,0,1,0.689091139517106,0,https://poscaro.web.app/,0,0,0
133,37,89,15,1,3,1,4.334663531729157,0,0,0,0,0,0,0,1,0,0,0.112781954887218,0,0,0,0.0,0,http://anthroposophical-en.000webhostapp.com/suntrust2019onlinezelle1/suntrust2019onlinezelle1/zelle/online/login/data/zelle/1/1.html,1,0,0
41,19,15,0,0,1,0,4.006720834246032,0,0,0,0,0,0,0,0,0,0,0.0,0,0,0,0.0,0,http://dreamalivemedia.com/teresa/vandyke,1,0,0
26,19,0,0,0,2,1,3.661226256269789,0,0,0,0,0,0,0,0,0,0,0.0,0,0,1,0.9611743683861136,0,http://www.mouserunner.net,0,0,0
32,23,1,1,1,2,1,4.077819531114783,1,0,0,0,0,0,0,0,0,0,0.03125,0,0,1,0.6678720036702978,0,https://sk1-ris.firebaseapp.com/,0,0,0
36,28,1,0,0,2,1,3.842857292808497,0,0,0,0,0,0,0,0,0,0,0.0,0,0,1,0.7017050808698498,0,http://visaaprepaiddprocess.web.app/,0,0,0
48,41,0,23,0,2,1,4.14202239803699,0,0,0,0,0,0,0,0,1,0,0.4791666666666667,0,0,1,0.7543222547086387,0,http://www.r3087e9a32b407e3e93757eed98279a77c.ws,0,0,0
37,16,13,7,0,2,1,3.969607339117404,1,0,0,0,0,0,0,0,0,0,0.1891891891891892,0,0,0,0.0,0,https://urlhaus.abuse.ch/url/3735770/,1,0,0
33,26,0,0,0,2,1,4.0060710131011685,0,0,0,0,0,0,0,0,0,0,0.0,0,0,1,0.9718808540316451,0,http://www.discoverfrenchtown.com,0,0,0
46,10,29,1,1,2,0,4.189125478116705,0,0,0,0,0,0,0,1,1,0,0.0217391304347826,0,0,0,0.0,0,http://afumdw4.cf/huntington/email-account.php,1,0,0
99,22,1,19,0,3,2,4.872168687045075,0,0,0,0,0,0,0,3,0,0,0.1919191919191919,3,7,0,0.0,0,http://apple.com.iwaprint.net/?id=login&key=3018f5b79c75f6c068568bc996dbcdfd&path=/signin/?referrer,1,0,0
21,13,0,0,0,2,1,3.463280517810811,1,0,0,0,0,0,0,0,0,0,0.0,0,0,0,0.0,0,https://www.tvhram.rs,1,0,0
19,11,1,4,0,1,0,3.6421498816369033,0,0,0,0,0,0,0,0,0,0,0.2105263157894736,0,0,0,0.0,0,http://5bet988.com/,0,0,0
40,24,8,2,1,2,1,4.315311532225103,1,0,0,0,0,0,0,0,0,0,0.05,0,0,0,0.0,0,https://zenobrands33.wixsite.com/my-site,0,0,0
28,8,13,7,0,1,0,3.824862957617357,0,0,0,0,0,0,0,0,1,0,0.25,0,0,0,0.0,0,http://bryer.tk/1111000/luno,1,0,0
69,21,40,15,5,1,0,4.557890855913081,1,0,0,0,0,0,0,0,0,0,0.217391304347826,0,1,1,0.7575972926978068,0,https://sunnylandingpages.com/usroutput/themeset1_2022-07-24-22-49-15,0,0,0
58,24,27,6,0,4,2,4.3361764691536,0,0,0,0,0,0,0,0,1,0,0.1034482758620689,0,0,0,0.0,0,http://ets.interac.caonpay.club/sh/ca90520/bdesj/desj2.php,1,0,0
21,7,6,0,0,1,0,3.52257158913636,1,0,0,0,0,0,0,0,0,0,0.0,0,0,0,0.0,0,https://zoom.us/about,0,0,0
100,37,13,33,1,3,1,4.858661130824513,0,0,0,0,0,0,0,0,0,0,0.33,1,2,0,0.0,0,http://announce-4745942676.istorija20veka.rs/profile.html?countuser=e44fe4c850c438220e2b3be07c79656b,1,0,0
41,25,9,0,0,2,1,4.034023650801245,0,0,0,0,0,0,0,0,0,0,0.0,0,0,1,0.8345829515525824,0,http://www.hetvolwassenorkest.nl/hyugyyh/,0,0,0
20,13,0,2,0,2,1,3.6841837197791887,0,0,0,0,0,0,0,0,0,0,0.1,0,0,1,0.563296004212289,0,http://www.byc07.com,0,0,0
29,22,0,0,0,2,1,3.978333581185264,0,0,0,0,0,0,0,0,0,0,0.0,0,0,0,0.0,0,http://www.geoffoglemusic.com,0,0,0
45,37,1,12,3,2,1,4.491418651692922,0,0,0,0,0,0,0,1,1,0,0.2666666666666666,0,0,0,0.0,0,http://login-yahoo-103702-108308.square.site/,0,0,0
34,14,13,11,0,3,2,4.278351811711312,0,0,0,1,0,0,0,1,0,0,0.3235294117647059,0,0,0,0.0,0,http://43.153.193.223/servicelogin,1,0,0
122,22,93,1,4,3,0,4.058984185727697,0,0,0,0,0,0,0,1,0,0,0.0081967213114754,0,0,0,0.0,0,http://coastalrenovations.net/lnterac-transfer.confirmation/interac-online-2/interac-online/directing/atb/atb/details.html,1,0,0
261,22,32,74,1,15,1,4.965070098751992,0,0,0,0,0,1,0,1,0,0,0.2835249042145594,3,24,1,0.6331301790771697,0,http://www.creativecombat.com/wp-admin/network/acct/login.php?rand=13inboxlightaspxn.1774256418&fid.4.1252899642&fid=1&fav.1&rand.13inboxlight.aspxn.1774256418&fid.1252899642&fid.1&fav.1&email=&.rand=13inboxlight.aspx?n=1774256418&fid=4#n=1252899642&fid=1&fav=1,0,0,0
92,18,67,0,1,1,0,4.246319409550652,0,0,0,0,0,0,0,0,0,0,0.0,0,0,0,0.0,0,http://alexvillasbali.com/wp-includes/simplepie/content/type/abbrandsllc/home/home/oneddrive,1,0,0
52,20,25,11,0,2,0,4.1358580559047216,0,0,0,0,0,0,0,0,1,0,0.2115384615384615,0,0,0,0.0,0,http://219data08219821.info/finance/tang/antibot.php,1,0,0
38,21,10,0,2,2,0,4.043337052632602,0,0,0,0,0,0,0,1,0,0,0.0,0,0,0,0.0,0,http://device-added-hali.com/login.php,1,0,0
54,22,20,0,0,2,0,4.217966789946971,0,0,0,0,0,0,0,0,0,0,0.0,0,1,0,0.0,0,http://abogadojohnmontoya.com/glbsrc/gs/error.php?work,1,0,0
30,22,0,0,0,2,1,3.9647351787255047,1,0,0,0,0,0,0,0,0,0,0.0,0,0,0,0.0,0,https://www.latelierpaysan.org,1,0,0
72,19,46,34,0,4,2,4.4593519534043935,0,1,0,1,0,0,0,0,0,0,0.4722222222222222,0,0,0,0.0,0,http://201.16.194.227:2550/TmpFTP/EXTCONS/1/0011/22012020083836/info.zip,1,0,0
30,23,0,0,0,3,2,3.806238928653389,0,0,0,0,0,0,0,0,0,0,0.0,0,0,0,0.0,0,http://www.students.vlevski.eu,0,0,0
122,11,48,36,0,5,2,4.729317225267546,0,0,0,1,0,0,0,0,0,0,0.2950819672131147,1,3,0,0.0,0,"http://34.67.51.20/pj/device/inicio/02/aplicationtoken2_webapp.php?brazil=23,09,26,pm,72,3,03,000000,13,11,2020,friday.dll",1,0,0
27,18,1,15,0,1,0,3.628725577846184,1,0,0,0,0,0,0,0,1,0,0.5555555555555556,0,0,1,0.7779371231731846,0,https://105528598557255.ga/,0,0,0
77,24,26,3,0,3,1,4.505114586256661,0,0,0,0,0,0,0,0,0,0,0.0389610389610389,1,6,0,0.0,0,http://eslimedsachesirnts.co.uk/cyk34q/desj/new/step4.php?name=$id&name=$pass,1,0,0
37,16,13,7,0,2,1,4.152171866202903,1,0,0,0,0,0,0,0,0,0,0.1891891891891892,0,0,0,0.0,0,https://urlhaus.abuse.ch/url/3702156/,1,0,0
37,16,13,7,0,2,1,4.098117812148849,1,0,0,0,0,0,0,0,0,0,0.1891891891891892,0,0,0,0.0,0,https://urlhaus.abuse.ch/url/3746256/,1,0,0
26,18,0,0,0,3,2,3.8441065448145375,1,0,0,0,0,0,0,0,0,0,0.0,0,0,0,0.0,0,https://www.abuelas.org.ar,1,0,0
30,22,0,0,0,2,1,3.7614063297218423,1,0,0,0,0,0,0,0,0,0,0.0,0,0,0,0.0,0,https://www.historystudies.net,1,0,0
22,15,0,0,1,2,1,3.6412498004554794,0,0,0,0,0,0,0,0,0,0,0.0,0,0,1,0.9668007768026976,0,http://www.from-wv.com,0,0,0
112,32,72,17,2,2,1,5.047098704395888,1,0,0,0,0,1,0,0,0,0,0.1517857142857142,0,0,1,0.8727863813159134,0,https://www.servizio-fatturazione-it.com/2icrcaus39acjwkfmlo48rhf9gjgib3nlnz0ltoi4he4kpcwjw56d5nsgqbvf81kjm0n7a/,0,0,0
84,17,60,6,1,2,0,4.38544406199315,0,0,0,0,0,0,0,1,0,0,0.0714285714285714,0,1,0,0.0,0,http://espaceclientv1.fr/notice/orange/customer_center/customer-idpp00c443/login.php,1,0,0
54,46,1,10,5,3,2,4.551300123280302,0,0,0,0,0,0,0,0,0,0,0.1851851851851851,0,0,1,0.8985925453756736,0,http://support-cliente-webs.66-29-145-227.cprapid.com/,0,0,0
29,22,0,0,0,2,1,3.7285021157426246,0,0,0,0,0,0,0,0,0,0,0.0,0,0,0,0.0,0,http://www.paintmywedding.net,0,0,0
52,24,21,6,0,2,0,4.366130526116973,0,0,0,0,0,0,0,0,0,0,0.1153846153846153,0,0,0,0.0,0,http://authorizazioneaccedi.com/sela/4261d/sim00.htm,1,0,0
63,54,1,0,0,5,4,4.118030971958509,1,0,0,0,0,0,0,1,0,1,0.0,0,0,1,0.8112686311252912,0,https://www.mynetbank.application.online.snmarketingonline.com/,0,0,0
62,12,43,3,0,4,0,4.224222423835563,0,0,0,0,0,0,0,1,1,0,0.0483870967741935,0,0,0,0.0,0,http://fido755.info/directing/www.atbonline.com/atb/login.html,1,0,0
36,29,0,0,0,2,1,3.9064821276822,0,0,0,0,0,0,0,0,0,0,0.0,0,0,1,0.5587897646494044,0,http://www.locksmithhollywoodweb.com,0,0,0
43,34,1,0,2,2,1,4.111629289283939,1,0,0,0,0,0,0,0,0,0,0.0,0,0,1,0.8573156171156999,0,https://fluop-sruety-phaially.yolasite.com/,0,0,0
24,13,4,3,0,2,1,3.823934896284056,0,0,0,0,0,0,0,0,0,0,0.125,0,0,0,0.0,0,http://report.504.su/arm,1,0,0
52,16,29,7,1,3,1,4.380647593466271,0,0,0,0,0,0,0,1,0,0,0.1346153846153846,0,0,0,0.0,0,http://a0603470.xsph.ru/huntington/email-account.php,1,0,0
56,47,1,19,4,3,2,4.410232940673185,1,0,0,0,0,0,0,0,0,0,0.3392857142857143,0,0,1,0.8146145677563192,0,https://953d7c9d-a931-49ce-ad11-801bab907ec1.id.repl.co/,0,0,0
37,20,10,16,0,4,2,4.175273297885966,0,1,0,1,0,0,0,0,0,0,0.4324324324324324,0,0,0,0.0,0,http://115.217.41.123:41798/video.lnk,1,0,0
35,26,1,6,1,2,1,4.300153016697712,1,0,0,0,0,0,0,0,0,0,0.1714285714285714,0,0,1,0.9669154953376652,0,https://mail-101591.weeblysite.com/,0,0,0
21,13,0,0,0,3,2,3.3913864699857186,1,0,0,0,0,0,0,0,0,0,0.0,0,0,0,0.0,0,https://www.tpr.co.jp,1,0,0
22,14,0,0,0,2,1,3.697845823084412,1,0,0,0,0,0,0,0,0,0,0.0,0,0,0,0.0,0,https://www.jobaaj.com,1,0,0
41,14,20,1,0,3,1,4.113172736114331,0,0,0,0,0,0,0,0,0,0,0.024390243902439,0,1,0,0.0,0,http://wok.gooning.su/no_killer/goon.arm6,1,0,0
23,15,1,0,0,1,0,3.8492239123906256,0,0,0,0,0,0,0,0,0,0,0.0,0,0,1,0.5227559773841819,0,http://ktfeedmills.com/,0,0,0
37,29,0,0,1,3,2,4.046762824854522,1,0,0,0,0,0,0,0,0,0,0.0,0,0,0,0.0,0,https://www.chertsey-locksmiths.co.uk,1,0,0
30,9,14,0,0,1,0,3.831401845392171,0,0,0,0,0,0,0,1,0,0,0.0,0,1,0,0.0,0,http://appdkb.me/de_de/banking,1,0,0
28,19,1,0,0,2,1,3.869331261111518,1,0,0,0,0,0,0,0,0,0,0.0,0,0,1,0.8225562745207813,0,https://www.tripadvisor.com/,0,0,0
41,29,5,10,0,3,2,4.4546361507484775,0,0,0,0,0,0,0,0,0,0,0.2439024390243902,0,0,0,0.0,0,http://u1965047.plsk.regruhosting.ru/223/,0,0,0
22,14,0,0,0,2,1,3.5160276412662306,1,0,0,0,0,0,0,0,0,0,0.0,0,0,0,0.0,0,https://www.tiktok.com,0,0,0
23,15,0,0,0,2,1,3.762267390651495,1,0,0,0,0,0,0,0,0,0,0.0,0,0,0,0.0,0,https://www.youtube.com,0,0,0
44,20,17,0,0,1,0,4.157517697838563,0,0,0,0,0,0,0,0,0,0,0.0,0,0,0,0.0,0,http://charasmaticwords.com/deliveryllcadmin,1,0,0
37,16,13,7,0,2,1,4.098117812148849,1,0,0,0,0,0,0,0,0,0,0.1891891891891892,0,0,0,0.0,0,https://urlhaus.abuse.ch/url/3748536/,1,0,0
63,33,23,30,0,2,0,3.920804092126724,0,0,0,0,0,0,0,2,1,0,0.4761904761904761,0,2,0,0.0,1,http://100000000000000000000566484711.tk/login_to_facebook.html,1,0,0
31,22,1,0,0,2,1,3.9377519554085865,1,0,0,0,0,0,0,0,0,0,0.0,0,0,1,0.9466444157363224,0,https://lespamiamilord.web.app/,0,0,0
82,74,1,10,0,3,2,4.679931425927375,0,0,0,0,0,0,0,0,0,0,0.1219512195121951,0,0,1,0.6456164142201821,0,http://bafybeid6zncyd4pejdaqyylm2tpew34yelrjbb6ie7opwcfqywybm2j73q.ipfs.dweb.link/,0,0,0
93,17,69,2,1,3,0,4.125700044582025,0,0,0,0,0,0,0,0,0,0,0.021505376344086,0,0,0,0.0,0,http://ayurvedajeevan.in/adds/covid-19/invoice/toda/index.php/css/js/css/css/css/css/menu.php,1,0,0
298,16,275,7,1,1,0,4.799698854533535,0,0,0,0,0,0,0,0,0,0,0.023489932885906,0,0,0,0.0,0,http://dynamotouren.com/wp-content/maintenance/assets/images/fysqbmmwaeomucvavqvwdrsaxbtaecdsttwbxtjonwovheaglkxstjmwkfgjwdolkievzxmdxxvebgsrvvtoeynutvmyreghjvaqoezlzesileusqzuvcrdoffduaruhipxdmnkddiswtzlmulkwovcmemfihxhuwbiidbphymwveaadibyuputbvhndkkiodwykgmbn/a3ryb2lkbeb0agvzdw1taxrjzw50zxiub3jn,1,0,0
71,39,25,1,1,6,5,4.39104259217203,0,0,0,0,0,0,0,1,0,1,0.0140845070422535,0,0,0,0.0,0,http://az-az.facebook.com.https.s1.gvirabi.com/marketplace/directory/mx,1,0,0
21,13,0,0,0,2,1,3.880179922675737,1,0,0,0,0,0,0,0,1,0,0.0,0,0,0,0.0,0,https://www.bdkj.info,1,0,0
42,35,0,5,1,3,2,4.272804327334621,0,0,0,0,0,0,0,0,0,0,0.119047619047619,0,0,1,0.645968819195545,0,http://www.project5e-1554b.firebaseapp.com,0,0,0
46,4,6,0,2,1,0,4.335970858598519,1,0,0,0,0,0,0,2,0,0,0.0,0,2,1,0.9514882277904144,1,https://v.ht/zvsme?home-facebook-confirmation=,0,0,0
51,42,1,2,0,2,1,4.30999507814083,1,0,0,0,0,0,0,1,0,0,0.0392156862745098,0,0,1,0.9424458634956372,0,https://emailverificationupdate78.godaddysites.com/,0,0,0
65,36,22,5,1,2,1,4.528620367954596,0,0,0,0,0,0,0,0,0,0,0.0769230769230769,0,0,0,0.0,0,http://facinorous-spindle.000webhostapp.com/centurylink/29cdef/en,1,0,0
37,16,13,7,0,2,1,3.990009704040741,1,0,0,0,0,0,0,0,0,0,0.1891891891891892,0,0,0,0.0,0,https://urlhaus.abuse.ch/url/3734472/,1,0,0
72,29,36,0,0,3,1,4.312664245707708,0,0,0,0,0,0,0,1,0,0,0.0,0,0,0,0.0,0,http://formtbonlinebank.serveirc.com/mandttonline/support/securityq.html,1,0,0
51,24,20,2,0,3,1,4.493229940257426,0,0,0,0,0,0,0,0,0,0,0.0392156862745098,0,1,0,0.0,0,http://bebekuning32.duckdns.org/recovery_safety.php,1,0,0
45,38,0,14,1,4,3,4.497300040726043,0,0,0,0,0,0,0,0,0,0,0.3111111111111111,0,0,1,0.5357729106939985,0,http://www.u89134p84288.web0129.zxcs-klant.nl,0,0,0
23,16,0,0,1,2,1,3.969001629875993,0,0,0,0,0,0,0,0,1,0,0.0,0,0,1,0.7852884147586104,0,http://www.yue-lao.info,0,0,0
29,22,0,0,0,3,2,3.8404025467025056,0,0,0,0,0,0,0,0,0,0,0.0,0,0,1,0.8326712288044311,0,http://www.chaledooleo.com.br,0,0,0
28,21,0,0,0,2,1,3.896291529045928,0,0,0,0,0,0,0,0,0,0,0.0,0,0,0,0.0,0,http://www.interutikeser.com,0,0,0
32,24,0,0,0,2,1,3.741729296672175,1,0,0,0,0,0,0,0,0,0,0.0,0,0,0,0.0,0,https://www.teainthetreetops.com,1,0,0
19,12,0,0,0,2,1,3.471354487013929,0,0,0,0,0,0,0,0,0,0,0.0,0,0,1,0.8396901017396381,0,http://www.asser.ru,0,0,0
23,16,0,0,0,2,1,3.675310868912365,0,0,0,0,0,0,0,0,0,0,0.0,0,0,1,0.5602482889139951,0,http://www.zxporter.com,0,0,0
34,26,0,0,0,2,1,4.1462863706621045,1,0,0,0,0,0,0,0,0,0,0.0,0,0,0,0.0,0,https://www.journalofwoundcare.com,1,0,0
68,16,45,21,0,1,0,4.557855952009975,0,0,0,0,0,0,0,0,0,0,0.3088235294117647,0,3,0,0.0,0,http://ciceroportal.com/info+++/app/014c6cae4992e67536a9ff1d8a036a04,1,0,0
42,33,1,0,2,2,1,3.90114622080041,1,0,0,0,0,0,0,0,0,0,0.0,0,0,1,0.812085304847217,0,https://selective-smiling-check.glitch.me/,0,0,0
23,16,0,0,0,2,1,3.501397825434103,0,0,0,0,0,1,0,0,0,0,0.0,0,0,1,0.986124703650512,0,http://www.athenaat.com,0,0,0
21,14,0,0,0,2,1,3.594465636961452,0,0,0,0,0,0,0,0,0,0,0.0,0,0,1,0.6336529893467839,0,http://www.adcash.com,0,0,0
233,23,71,83,2,3,0,4.839611721706604,0,0,0,0,0,1,0,0,0,0,0.3562231759656652,0,1,0,0.0,0,http://cheeseheadsportsnut.com/.well-known/pki-validation/shoffpro/sharepoint/verificationattempt.php?sf58gfd1s689sxd2sdf8angf264s9df23sd2f1n495k3l2c151645172991f1477dbd26917ef3822423f62e984a91f1477dbd26917ef3822423f62e984a91f1477dbd,1,0,0
56,14,35,4,0,3,1,4.203206816311404,0,0,0,0,0,0,0,0,0,0,0.0714285714285714,0,0,0,0.0,0,http://et.interac.tax/sh/i489c5/torontodb/firm/confi.php,1,0,0
272,50,50,43,2,3,1,5.195368924103105,0,0,0,0,0,0,0,2,0,0,0.1580882352941176,2,18,0,0.0,1,http://fabooklatco-loginnu83wuwfwrxutifu-com.filesusr.com/html/37008c_9bbc0b8ba0cd31834bfb9cab0ef32a19.html?mjg0ote2nw==facebook/d=sn&*dmc2njq4njgwqgdtywlslmnvbq==*ahr0chm6ly9ocmvmlmxplz9odhrwczovl3d3dy5mywnlym9vay5jb20=**tnu4m1dvv2zxclh1velgvq==*rmfjzwjvb2sgrxnwycoxb2w=*,1,0,0
25,18,0,0,0,2,1,3.9434651896016457,0,0,0,0,0,0,0,0,1,0,0.0,0,0,0,0.0,0,http://www.gxvybytxd.info,0,0,0
108,11,89,21,2,1,0,4.80204378496045,1,0,0,0,0,0,0,0,0,0,0.1944444444444444,0,0,0,0.0,0,https://vistory.com/wordpress/wp-content/plugins/f30d43ea1d474f2cbb0d9e5611b16702/y/mm/mmd/sbbch/7wa-taboun/,0,0,0
22,14,0,0,0,2,1,3.481714572986073,1,0,0,0,0,0,0,0,0,0,0.0,0,0,0,0.0,0,https://www.meteli.net,1,0,0
156,7,133,16,0,3,0,4.825924165171846,1,0,1,0,0,0,0,0,0,0,0.1025641025641025,0,1,1,0.5016028279375182,0,https://ipfs.io/ipfs/bafybeig47ec33vkm2s6ghpkd23tjn7ifgjjolj2obqx6xye74mkd76aul4/loijkanotherfinyokeretanbangakoshimmeliwebjkkjjhhumaikkijjjkkl.html#x@x.com,0,0,0
19,12,0,2,0,2,1,3.4316235658474303,0,0,0,0,0,0,0,0,0,0,0.1052631578947368,0,0,1,0.5926968950776875,0,http://www.18dd.net,0,0,0
22,14,1,6,0,1,0,3.51602764126623,0,0,0,0,0,0,0,0,0,0,0.2727272727272727,0,0,0,0.0,0,http://195xxxx195.com/,1,0,0
182,15,48,48,1,2,0,4.894398502621569,0,0,0,0,0,0,0,3,0,0,0.2637362637362637,3,7,0,0.0,1,http://edisonwencpa.ca/bankofamerica/bankofamerica/bnd/overviewshn.php?cmd=_account-details&session=9ddc1bf000297735cdeeebb5056691e4&dispatch=7e34697d4e1e7cf59bf8921673a3e65094494d95,1,0,0
34,25,1,6,1,2,1,4.231009444816111,1,0,0,0,0,0,0,0,0,0,0.1764705882352941,0,0,0,0.0,0,https://att-104164.weeblysite.com/,0,0,0
30,23,0,0,0,3,2,3.822579761842492,0,0,0,0,0,0,0,0,1,0,0.0,0,0,1,0.5126609219849679,0,http://www.api.boosting.online,0,0,0
46,14,25,11,0,3,2,4.311074184082723,0,0,0,1,0,0,0,1,0,0,0.2391304347826087,0,0,0,0.0,0,http://45.147.230.112/js/plugins/banks/simplii,1,0,0
23,16,0,2,0,2,1,3.762267390651495,0,0,0,0,0,0,0,0,0,0,0.0869565217391304,0,0,1,0.905406639563539,0,http://www.18center.com,0,0,0
16,9,0,0,0,2,1,3.202819531114783,0,0,0,0,0,0,0,0,0,0,0.0,0,0,0,0.0,0,http://www.ma.gp,0,0,0
67,32,28,7,0,3,1,4.5161120049060655,0,0,0,0,0,0,0,1,0,0,0.1044776119402985,0,0,0,0.0,1,http://bankofamericax56.webcindario.com/2ebb66c9/signonv2screen.php,1,0,0
143,32,20,0,0,4,2,4.448821643784142,0,0,0,0,0,0,0,2,0,0,0.0,4,14,0,0.0,0,http://bankofamerica.com.finickhair.com/signin/security.php?_nfpb=true&_nfls=false&_pagelabel=page_ecareprofile&p_returnurl=page_customercenter,1,0,0
27,18,1,2,0,2,1,4.032303242743953,1,0,0,0,0,0,0,0,0,0,0.074074074074074,0,0,1,0.6283472841897468,0,https://z9a7yo.webwave.dev/,0,0,0
30,16,6,0,0,2,1,3.923231428797621,1,0,0,0,0,0,0,0,0,0,0.0,0,0,1,0.7677596359606518,0,https://www.telegram.org/about,0,0,0
77,16,54,20,0,1,0,4.606416781838223,0,0,0,0,0,0,0,1,0,0,0.2597402597402597,0,0,0,0.0,0,http://baitulmaalku.org/bofa/onlinaccountned/70f291fa49f0e9094fb8a50be2a6d704,1,0,0
28,20,0,0,0,2,1,3.896291529045928,1,0,0,0,0,0,0,0,0,0,0.0,0,0,0,0.0,0,https://www.replacealens.com,1,0,0
33,24,1,0,0,2,1,4.043801694853792,1,0,0,0,0,0,0,0,0,0,0.0,0,0,1,0.93413321883465,0,https://eowabill.firebaseapp.com/,0,0,0
32,18,7,0,0,1,0,3.632048827786958,0,0,0,0,0,0,0,0,0,0,0.0,0,0,0,0.0,0,http://authpriticonto.com/pritis,1,0,0
85,19,58,18,5,3,1,4.687603113832029,1,0,0,0,0,0,0,0,0,0,0.2117647058823529,0,0,1,0.6574694664709416,0,https://storageapi.fleek.co/cb8ed16e-0778-4b9f-beed-9f9cb1017991-bucket/hx/index.html,0,0,0
113,15,76,7,1,2,1,4.914070366855031,1,0,0,0,0,0,0,1,0,0,0.0619469026548672,1,3,1,0.5275363167742863,0,https://docs.google.com/forms/d/e/1faipqlsdxweqxrezc6asj4kozgmqb7t0h-2qx5xzzptfkiagftojgow/viewform?usp=send_form,0,0,0
37,16,13,7,0,2,1,4.0440637580947945,1,0,0,0,0,0,0,0,0,0,0.1891891891891892,0,0,0,0.0,0,https://urlhaus.abuse.ch/url/3707699/,1,0,0
29,21,0,0,0,2,1,3.857306856898128,1,0,0,0,0,0,0,0,0,0,0.0,0,0,0,0.0,0,https://www.fingerpicking.net,1,0,0
70,11,52,7,1,1,0,4.783014003266002,0,0,0,0,0,0,0,0,0,0,0.1,0,0,0,0.0,0,http://cf-ipfs.com/ipfs/qmu9ws9aa2hxdutyg5r7fqsjp6yqdbr5zlhgtgnsjjwrjp,1,0,0
40,31,1,0,2,2,1,4.203055907333275,1,0,0,0,0,0,0,0,0,0,0.0,0,0,1,0.8788393705476883,0,https://evri-uk-package.firebaseapp.com/,0,0,0
29,22,0,0,0,3,2,4.116264615668023,0,0,0,0,0,0,0,0,0,0,0.0,0,0,1,0.8279163661216248,0,http://www.genyomalhas.com.br,0,0,0
70,11,52,5,1,1,0,4.754442574694575,0,0,0,0,0,0,0,0,0,0,0.0714285714285714,0,0,0,0.0,0,http://cf-ipfs.com/ipfs/qmcdkubbi9c8euzdcegszuysinqpb8ztufrjxlowydk14u,1,0,0
35,26,1,3,1,2,1,4.207435516759525,1,0,0,0,0,0,0,0,0,0,0.0857142857142857,0,0,1,0.8509011488233923,0,https://asw2-mks24.firebaseapp.com/,0,0,0
167,15,108,16,3,2,1,5.045883845647727,1,0,0,0,0,0,0,1,0,0,0.0958083832335329,3,7,1,0.7500696993455862,0,https://docs.google.com/presentation/d/e/2pacx-1vqqcbi03ke8ybh6i0nyvaecikxaa6gdgzvgwdaygprivb_-gkvuvkvqb6hqfld9vovgdewxfkt6n1z-/pub?start=false&loop=false&delayms=3000,0,0,0
36,29,0,0,1,2,1,4.273684376262023,0,0,0,0,0,0,0,0,0,0,0.0,0,0,1,0.6257299581593372,0,http://www.bruidsfotografie-breda.nl,0,0,0
35,13,15,11,0,4,2,4.150292659616667,0,0,0,1,0,0,0,0,0,0,0.3142857142857143,0,0,0,0.0,0,http://130.12.180.85/file/data.arm7,1,0,0
42,19,16,23,0,4,2,4.127569435189148,0,1,0,1,0,0,0,0,0,0,0.5476190476190477,0,0,0,0.0,0,http://111.59.254.165:8084/20230517/AV.scr,1,0,0
93,8,78,14,2,2,0,4.950291946668698,0,0,0,0,0,0,0,0,0,0,0.1505376344086021,0,9,0,0.0,0,http://2e70.com/wp-includes/alibaba/vqcr8bp0gud&lc=1033&id=64855&mkt=en-us&cbcxt=mai&snsc.php,1,0,0
47,26,14,0,1,2,1,4.118760267520956,0,0,0,0,0,0,0,1,0,0,0.0,0,0,0,0.0,1,http://calencritchfield.github.io/netflix-clone,1,0,0
25,18,0,0,0,3,2,3.913269689515107,0,0,0,0,0,0,0,0,0,0,0.0,0,0,1,0.8149040484852168,0,http://www.jdtiling.co.uk,0,0,0
78,38,33,12,3,2,1,4.738372853472526,0,0,0,0,0,0,0,0,0,0,0.1538461538461538,0,0,0,0.0,0,http://admin-h0stp0int-ch-1919fd6a.brasoar.pt/z0ppuji3tzd3bnhyoulpmdmwqulvdz09,1,0,0
84,19,58,0,1,2,0,4.252985840159049,0,0,0,0,0,0,0,0,0,0,0.0,0,0,0,0.0,1,http://dikyamacdernegi.org/wp-admin/includes/access/wells/wellsfargo/wells/wells.htm,1,0,0
37,16,13,7,0,2,1,4.098117812148849,1,0,0,0,0,0,0,0,0,0,0.1891891891891892,0,0,0,0.0,0,https://urlhaus.abuse.ch/url/3742686/,1,0,0
61,19,35,1,1,2,0,4.530998354198062,0,0,0,0,0,0,0,1,0,0,0.0163934426229508,0,1,0,0.0,0,http://atmosfera-clinic.ru/globe1/working/files/updatey!.html,1,0,0
25,17,0,0,0,2,1,3.923856189774724,1,0,0,0,0,0,0,0,0,0,0.0,0,0,0,0.0,0,https://www.ebbandflow.ca,1,0,0
186,10,169,47,5,2,0,4.702186717610777,0,0,0,0,0,0,0,1,0,0,0.2526881720430107,0,0,0,0.0,0,http://cclose.com/js/portal/societe-generale-particulier-enligne-moncompte/fr/sg/moncompte/connect/particulier/fr-092389012309123/fr23904809234/98709feffc26c40c9b89c664524fb387/login.php,1,0,0
78,30,29,15,2,3,1,4.844330065094197,0,0,0,0,0,0,0,0,0,0,0.1923076923076923,1,2,0,0.0,0,http://cn13782-wordpress-eamlc.tw1.ru/dhhl/tracking/fv5ejh/msg.php?id=25852132,1,0,0
40,18,15,3,0,2,0,4.022573883611434,0,0,0,0,0,0,0,0,0,0,0.075,0,0,0,0.0,0,http://simbhaolisugars.in/bins/sora.i686,1,0,0
68,23,38,10,1,3,1,4.680863716371744,0,0,0,0,0,0,0,0,0,0,0.1470588235294117,0,0,0,0.0,0,http://demo3.playgrounds.cloud/trial-z3451207/andes/12/infospage.php,1,0,0
33,25,0,0,1,2,1,4.27137063437885,1,0,0,0,0,0,0,0,0,0,0.0,0,0,0,0.0,0,https://www.forum-marinearchiv.de,1,0,0
53,25,21,0,3,2,1,4.282574059579656,0,0,0,0,0,0,0,1,0,0,0.0,0,0,0,0.0,1,http://dhruvalanandkar.github.io/netflix-india-clone-,1,0,0
83,10,65,1,2,2,0,4.398639615390392,1,0,0,0,0,0,0,0,0,0,0.0120481927710843,0,0,0,0.0,0,https://github.com/rayn1e/Temp-Spoofer-LifeTime/raw/refs/heads/main/TempSpoofer.exe,1,0,0
50,31,12,0,0,6,4,4.041076880026371,0,0,0,0,0,0,0,0,1,1,0.0,0,0,0,0.0,0,http://www.saisaocard.co.jp.hwkztb.top/ai/sign.php,0,0,0
40,31,1,8,2,2,1,4.189822782008755,1,0,0,0,0,0,0,0,0,0,0.2,0,0,1,0.749952800566916,0,https://homebtbill06-02-2023.webflow.io/,0,0,0
78,20,51,0,0,4,0,4.209178784756581,0,0,0,0,0,0,0,0,1,0,0.0,0,0,0,0.0,1,http://chasevalidation.info/telus/directing/www.atbonline.com/atb/details.html,1,0,0
71,29,9,1,2,5,1,4.4103111211051385,1,0,1,0,0,0,0,0,0,0,0.0140845070422535,0,1,0,0.0,0,https://helix-marbled-house.glitch.me/n0d.html#redacted@abuse.ionos.com,0,0,0
35,26,1,2,1,2,1,4.093149802473811,1,0,0,0,0,0,0,0,0,0,0.0571428571428571,0,0,1,0.8126409869705973,0,https://dev-biza34.pantheonsite.io/,0,0,0
42,33,1,0,0,2,1,4.243158791671845,1,0,0,0,0,0,0,0,1,0,0.0,0,0,1,0.6205915787143758,0,https://btopenworldwebmailing.square.site/,0,0,0
53,14,32,0,0,1,0,4.28397092601639,0,0,0,0,0,0,0,0,1,0,0.0,0,0,0,0.0,0,http://courtsuite.xyz/patrickproposal/reviewdocuments,1,0,0
23,16,0,0,0,2,1,3.675310868912364,0,0,0,0,0,0,0,0,0,0,0.0,0,0,0,0.0,0,http://www.palankhir.hu,0,0,0
241,26,208,38,0,5,2,4.90266169584798,0,0,0,0,0,0,0,0,0,0,0.1576763485477178,0,0,0,0.0,0,http://3593.509.crystalnatura.com/.lmartinez.ahr0chm6ly9vymply3rzdg9yywdllmnhlw1vbnryzwfslteub3jhy2xly2xvdwquy29tl24vyxhjmtlrcmzwohhpl2ivcgvuzgluzy1tzxnhz2vzlwj1y2tldc0ymdixmtiymi0wotuyl28vc2vydmvymi5odg1si2xtyxj0aw5lekbtyxjpbmnvdw50es5vcmcn,1,0,0
69,22,40,9,0,2,1,4.7184751379631695,0,0,0,0,0,0,0,0,0,0,0.1304347826086956,0,0,0,0.0,0,http://delivery.buyvenoms.com/public/316ghbxoouocs7nwi3w7povu3f6u7azy,1,0,0
33,24,1,6,1,2,1,4.27137063437885,1,0,0,0,0,0,0,0,0,0,0.1818181818181818,0,0,1,0.8946936356685637,0,https://bt-106577.weeblysite.com/,0,0,0
51,16,28,4,0,2,0,4.282349793156182,0,0,0,0,0,0,0,0,0,0,0.0784313725490196,0,0,0,0.0,0,http://bmoharris.agency/sh/ca190e3i/rrr/details.php,1,0,0
34,26,0,0,0,2,1,4.02085512047121,1,0,0,0,0,0,0,0,0,0,0.0,0,0,0,0.0,0,https://www.catholicnewsherald.com,1,0,0
20,12,0,0,0,2,1,3.646439344671015,1,0,0,0,0,1,0,0,0,0,0.0,0,0,0,0.0,0,https://www.lyft.com,0,0,0
66,14,45,0,0,3,0,4.057493696483193,0,0,0,0,0,0,0,1,0,0,0.0,0,0,0,0.0,0,http://djfreshtech.in/alibaba/ali/login.php/alibaba/assets/vst.txt,1,0,0
23,16,0,0,1,2,1,3.849223912390625,0,0,0,0,0,0,0,0,0,0,0.0,0,0,1,0.7122025312802998,0,http://www.softs-lab.ru,0,0,0
38,31,0,0,0,4,3,3.990705473685234,0,0,0,0,0,0,0,1,0,0,0.0,0,0,1,0.972320667282261,1,http://www.ctldl.applemusic.itemdb.com,0,0,0
42,30,1,1,0,2,1,4.293770625459293,0,0,0,0,0,0,0,1,0,0,0.0238095238095238,1,2,0,0.0,0,http://confirmarcreditoltau.atsnx.com/?i=1,0,0,0
51,42,1,0,0,3,2,3.998227734417493,1,0,0,0,0,0,0,0,0,0,0.0,0,0,0,0.0,0,https://unconsciousfaroffaddress.xascasdas.repl.co/,0,0,0
50,36,6,0,0,3,2,4.12307418942857,1,0,0,0,0,0,0,1,0,0,0.0,0,0,1,0.8213404980824607,0,https://potablehastydrivers.diegoroo.repl.co/login,0,0,0
37,16,13,7,0,2,1,4.098117812148849,1,0,0,0,0,0,0,0,0,0,0.1891891891891892,0,0,0,0.0,0,https://urlhaus.abuse.ch/url/3748319/,1,0,0
184,12,165,31,0,4,1,4.860550281042805,0,0,0,0,0,0,0,0,0,0,0.1684782608695652,0,0,0,0.0,0,http://edck.areu.ir/.v5gt1obekw.ahr0chm6ly9zcglyaxr1ywwtcmvmbgvjdgl2zs1yywdkb2xslmdsaxrjac5tzs8xmjm0jti1jti1jti1jti1jti1jti1jti1jti1jti1jti1lmh0bww/zw09bw9uawnhqgvwb2noynlkzxnpz24uy29t,1,0,0
44,14,23,12,0,4,2,4.243300368538956,0,0,0,1,0,0,0,0,0,0,0.2727272727272727,0,0,0,0.0,0,http://160.250.132.50/hiddenbin/boatnet.arm6,1,0,0
52,15,30,12,0,4,2,4.087969113680239,0,0,0,1,0,0,0,1,0,0,0.2307692307692307,0,0,0,0.0,0,http://211.254.215.227/bank/finance/tang/antibot.php,1,0,0
89,36,46,9,0,7,5,4.526767736278448,0,0,0,0,0,1,0,1,0,1,0.1011235955056179,0,1,0,0.0,1,http://8.81.199.35.bc.googleusercontent.com/itau/mobile/webapps_aplicationvalidation2.php,1,0,0
33,26,0,0,0,3,2,4.0060710131011685,0,0,0,0,0,0,0,0,0,0,0.0,0,0,1,0.8507874026425537,0,http://www.xvhsesxklp.byinter.net,0,0,0
20,11,1,0,0,1,0,3.546439344671015,1,0,0,0,0,0,0,0,0,0,0.0,0,0,1,0.7266427809815785,0,https://spotify.com/,0,0,0
89,15,67,6,5,3,1,4.539744152756115,0,0,0,0,0,0,0,0,0,0,0.0674157303370786,0,0,0,0.0,0,http://artejido.com.mx/wp-includes/fonts/asb-personal-rd359/asb-personal-rd359/index.html,1,0,0
105,30,68,4,1,4,2,4.47761355571256,0,0,0,0,0,0,0,0,0,0,0.0380952380952381,0,1,0,0.0,0,http://evolque2020.lon.wafaicloud.com/tic/tok/legal/itaupersonalite/acesso-desktop/gripnet/bklcom_dll.php,1,0,0
43,24,12,1,0,2,1,4.2374411389168944,0,0,0,0,0,0,0,0,0,0,0.0232558139534883,0,0,0,0.0,0,http://fhimregoiwr.typeform.com/to/ag9jtnsv,1,0,0
48,41,0,19,0,2,1,4.064260032810928,0,0,0,0,0,0,0,0,1,0,0.3958333333333333,0,0,1,0.6355868407625882,0,http://www.bfbac224202051142cdbab1dff1a9b1426.ws,0,0,0
29,22,0,0,0,2,1,4.047299098426644,0,0,0,0,0,0,0,0,0,0,0.0,0,0,1,0.7977589091469597,0,http://tmsbqrgbqs.duckdns.org,0,0,0
22,15,0,0,0,3,2,3.7201287774331866,0,0,0,0,0,0,0,0,0,0,0.0,0,0,1,0.9104656877546512,0,http://www.sb.qrfy.net,0,0,0
29,12,10,9,0,4,2,4.21126073643228,0,0,0,1,0,0,0,0,0,0,0.3103448275862069,0,0,0,0.0,0,http://23.241.17.95/video.scr,1,0,0
30,23,0,0,0,2,1,3.923231428797621,0,0,0,0,0,0,0,0,0,0,0.0,0,0,1,0.5131253209496375,0,http://www.theaustinochuks.com,0,0,0
39,30,1,0,0,6,5,4.162980744225906,1,0,0,0,0,0,0,0,0,1,0.0,0,0,0,0.0,0,https://www.direct.smbc.co.jp.ylkz.net/,0,0,0
37,16,13,7,0,2,1,4.098117812148849,1,0,0,0,0,0,0,0,0,0,0.1891891891891892,0,0,0,0.0,0,https://urlhaus.abuse.ch/url/3709253/,1,0,0
37,16,13,7,0,2,1,4.044063758094795,1,0,0,0,0,0,0,0,0,0,0.1891891891891892,0,0,0,0.0,0,https://urlhaus.abuse.ch/url/3748703/,1,0,0
79,32,40,6,0,3,2,4.583155236414591,0,0,0,0,0,0,0,0,0,0,0.0759493670886076,0,0,0,0.0,0,http://delivery.attempt.intexlinkbd.net/public/8h1zehub6g71gbpdmpsismbgcv4smcxi,1,0,0
28,14,6,0,0,1,0,3.913799564605681,1,0,0,0,0,0,0,0,0,0,0.0,0,0,0,0.0,0,https://salesforce.com/about,0,0,0
20,12,0,0,0,2,1,3.546439344671015,1,0,0,0,0,0,0,0,0,0,0.0,0,0,0,0.0,0,https://www.asoft.nl,1,0,0
40,33,0,0,0,2,1,3.8373261452560072,0,0,0,0,0,1,0,0,0,0,0.0,0,0,1,0.5665211474730028,0,http://www.hiphopeconomicdevelopment.com,0,0,0
88,29,51,9,0,4,2,4.784168232244548,1,0,0,0,0,0,0,0,0,0,0.1022727272727272,0,0,1,0.7580818746889284,0,https://football.abenterprises.com.au/www/mgoqh00jxqnewrd1035qk4kv02ix/dashboad/otp.html,0,0,0
21,14,0,2,0,1,0,3.748994803525096,0,0,0,0,0,0,0,0,0,0,0.0952380952380952,0,0,0,0.0,0,http://metamask78.com,0,0,0
21,12,1,0,0,1,0,3.689703732199547,1,0,0,0,0,0,0,0,0,0,0.0,0,0,1,0.7874145463017875,0,https://gimsblog.com/,0,0,0
27,20,0,5,0,3,2,4.0323032427439545,0,0,0,0,0,0,0,0,0,0,0.1851851851851851,0,0,1,0.9705693997945212,0,http://www.cd05491.tmweb.ru,0,0,0
54,8,39,0,0,3,0,4.315098502869869,0,0,0,0,0,0,0,1,1,0,0.0,0,0,0,0.0,0,http://dannp.cf/banks/rbsdigital.com/securityretry.php,1,0,0
51,43,0,5,0,3,2,4.397532204546911,1,0,0,0,0,0,0,0,0,0,0.0980392156862745,0,0,1,0.5458713520989529,0,https://roundedgrippingarguments.tibic10989.repl.co,0,0,0
34,27,0,0,0,2,1,4.24173085589259,0,0,0,0,0,0,0,0,0,0,0.0,0,0,1,0.6796645873604001,0,http://www.personalizedjigsaws.com,0,0,0
22,15,0,0,0,2,1,3.879664004902593,0,0,0,0,0,0,0,0,1,0,0.0,0,0,0,0.0,0,http://www.cmailco.xyz,0,0,0
39,31,1,0,1,2,1,4.336182987871124,0,0,0,0,0,0,0,0,0,0,0.0,0,0,1,0.7020815117632607,0,http://kucfoin-ljogin.godaddysites.com/,0,0,0
30,22,0,0,0,2,1,3.739572261986723,1,0,0,0,0,0,0,0,0,0,0.0,0,0,0,0.0,0,https://www.katrinandsandra.de,1,0,0
185,21,97,40,4,4,1,5.150052391583677,0,0,0,0,0,0,0,1,0,0,0.2162162162162162,1,3,0,0.0,0,http://blog.aaronleyland.com/wp-content/plugins/usaa.com-inetpaes-security-takemmhdg.ent/hj_9f2f0689291f47f6018143814c71d796/?dispatch=thk1pbona99w9y2rind4fe061vdjs7chjj8xzrfzo63uvvko4w,1,0,0
48,14,27,6,1,2,1,4.345175521464345,0,0,0,0,0,0,0,1,0,0,0.125,0,0,0,0.0,0,http://cp50464.tw1.ru/orange-bank/authentication,1,0,0
94,31,13,19,2,3,1,4.992437895383434,0,0,0,0,0,0,0,0,0,0,0.202127659574468,1,2,0,0.0,0,http://comments-pzagqmpx.nnpa-jobs.com/profile.html?countuser=f2078e500dba4b7c984ad1b4df93c755,1,0,0
20,8,5,0,0,1,0,3.6464393446710153,0,0,0,0,0,0,0,0,1,0,0.0,0,0,1,0.9684906762329006,0,http://bitly.ws/znyb,0,0,0
33,26,0,0,0,4,3,3.922589573641669,0,0,0,0,0,0,0,0,0,0,0.0,0,0,1,0.9407763696193484,0,http://www.absoluteloh.zzz.com.ua,0,0,0
52,16,28,0,0,1,0,4.277859555621148,1,0,0,0,0,0,0,0,0,0,0.0,0,0,1,0.9275286687060852,0,https://rebeccasokol.com/vystarcudisputetransfernow/,0,0,0
29,22,0,0,0,2,1,4.047299098426644,0,0,0,0,0,0,0,0,0,0,0.0,0,0,1,0.7777953235802535,0,http://www.myyoungfashion.com,0,0,0
60,13,14,1,0,4,0,4.3825887305018325,1,0,1,0,0,1,0,0,0,0,0.0166666666666666,0,1,1,0.6540563815588114,0,https://neuvomgmt.com/v1/index.html#redacted@abuse.ionos.com,0,0,0
27,20,0,0,0,3,2,3.8100810205217313,0,0,0,0,0,0,0,0,0,0,0.0,0,0,1,0.5050347920185237,0,http://www.dijiu.welco.live,0,0,0
54,24,23,4,2,1,0,4.567128882026105,0,0,0,0,0,0,0,1,1,0,0.074074074074074,0,0,0,0.0,0,http://de-legitimation-8120.xyz/kontrolle/deutschebank,1,0,0
24,17,0,0,0,3,2,3.855388542207534,0,0,0,0,0,0,0,0,0,0,0.0,0,0,1,0.7106028687698961,0,http://www.dl.faedmr.com,0,0,0
69,30,17,7,3,3,1,4.42212418236124,0,0,0,0,0,0,0,0,0,0,0.1014492753623188,1,2,0,0.0,0,http://glib-imminent-violin.glitch.me/nfcusign-in.html?entity=4892463,1,0,0
33,25,0,0,0,2,1,4.104407755459851,1,0,0,0,0,0,0,0,0,0,0.0,0,0,0,0.0,0,https://www.freshtunasupplier.com,1,0,0
75,14,54,30,0,4,2,4.591909944222436,0,0,0,1,0,0,0,0,0,0,0.4,0,0,0,0.0,0,http://206.189.87.184/online/atb/fe55ab9f3dac5203d4a4c22c721924b8/last.html,1,0,0
86,18,61,0,0,2,1,4.017040518414456,0,0,0,0,0,0,0,1,0,0,0.0,0,0,0,0.0,0,http://cop.symposia.cloud/sites/default/files/gelato/excelsecuredfile/excelsecuredfile,1,0,0
26,19,0,0,0,3,2,3.53641423712223,0,0,0,0,0,0,0,0,0,0,0.0,0,0,0,0.0,0,http://www.photo.fbcode.co,0,0,0
22,15,0,0,0,2,1,3.5726236638951634,0,0,0,0,0,0,0,0,0,0,0.0,0,0,0,0.0,0,http://www.ourtrap.com,0,0,0
34,25,1,6,1,2,1,4.314972767530033,1,0,0,0,0,0,0,0,0,0,0.1764705882352941,0,0,1,0.5323467919061807,0,https://aol-103150.weeblysite.com/,0,0,0
54,12,35,4,0,2,1,4.199810308625746,0,0,0,0,0,0,0,0,0,0,0.074074074074074,0,2,0,0.0,0,http://aseuc.org.co/documents/actas%20de%20juntas/home,1,0,0
26,19,0,0,0,2,1,3.950063756436209,0,0,0,0,0,0,0,0,0,0,0.0,0,0,0,0.0,0,http://www.tallyandfin.com,0,0,0
36,27,1,1,2,2,1,4.252715278979704,1,0,0,0,0,0,0,0,0,0,0.0277777777777777,0,0,1,0.835964673684551,0,https://s6ojz-bmd-o.firebaseapp.com/,0,0,0
74,26,11,15,1,3,1,4.739613420081542,0,0,0,0,0,0,0,0,0,0,0.2027027027027027,1,3,0,0.0,0,http://58375387283927.duckdns.org/scure.html?section_id=1-howtocontactmeta,1,0,0
49,6,35,20,0,1,0,4.369412905163088,1,0,0,0,0,0,0,0,0,0,0.4081632653061224,0,0,1,0.6954834932622167,0,https://cbn.li/f/9245db2516febd1d3c13c0a90f65c615,0,0,0
29,22,0,0,0,3,2,3.857306856898128,0,0,0,0,0,0,0,0,0,0,0.0,0,0,1,0.6676784085522454,0,http://www.pslog.estonine.com,0,0,0
29,15,6,0,0,2,1,3.883337460421007,1,0,0,0,0,0,0,0,0,0,0.0,0,0,1,0.6961167747336896,0,https://www.spotify.com/about,0,0,0
44,12,25,9,0,4,2,4.1701348924281945,0,0,0,1,0,0,0,0,0,0,0.2045454545454545,0,0,0,0.0,0,http://52.138.25.69/finance/tang/antibot.php,1,0,0
99,20,72,21,1,2,0,4.718996935313876,0,0,0,0,0,0,0,1,0,0,0.2121212121212121,0,0,0,0.0,1,http://arenabapujinagar.com/chasebank/chase/5cbfcf221c26358e599492bd774fe255/verification-email.php,1,0,0
34,20,7,16,0,4,2,3.8810054880546367,0,1,0,1,0,0,0,0,0,0,0.4705882352941176,0,0,0,0.0,0,http://119.116.39.238:57911/bin.sh,1,0,0
20,12,0,0,0,2,1,3.446439344671015,1,0,0,0,0,0,0,0,0,0,0.0,0,0,0,0.0,0,https://www.insit.ru,1,0,0
19,10,1,0,0,1,0,3.681880802803402,1,0,0,0,0,0,0,0,0,0,0.0,0,0,0,0.0,0,https://indeed.com/,0,0,0
29,22,0,0,0,2,1,4.021268494903765,0,0,0,0,0,1,0,0,0,0,0.0,0,0,0,0.0,0,http://www.ecolerubanvert.com,0,0,0
92,35,50,6,2,3,1,4.415208527290207,0,0,0,0,0,0,0,1,0,0,0.0652173913043478,0,0,0,0.0,0,http://nhw3staging.serenitybirthstudio.com/wp-content/themes/divi/js/it/users/login.id-94439,0,0,0
22,15,0,0,0,2,1,3.7544418457133446,0,0,0,0,0,0,0,0,0,0,0.0,0,0,0,0.0,0,http://www.admintk.com,0,0,0
34,25,1,0,0,2,1,4.035273502696889,1,0,0,0,0,0,0,0,0,0,0.0,0,0,0,0.0,0,https://emailler.godaddysites.com/,0,0,0
21,13,0,0,0,2,1,3.5585186130489057,1,0,0,0,0,0,0,0,0,0,0.0,0,0,0,0.0,0,https://www.geotop.ca,1,0,0
61,14,40,21,1,3,2,4.661459928296974,0,0,0,1,0,0,0,0,0,0,0.3442622950819672,0,1,0,0.0,0,http://122.155.223.20/cpam/ameli/assure/n-573295893/4ztdkyja=,1,0,0
80,10,63,3,1,7,0,4.316682589575967,0,0,0,0,0,0,0,1,0,0,0.0375,0,0,0,0.0,0,http://aiency.com/count.163.com.cn/aiibaba/passport.alibaba.com/index-login.html,1,0,0
128,86,6,9,0,4,2,4.7633512940312,0,0,0,0,0,0,0,0,0,0,0.0703125,0,1,1,0.8208599420691083,0,http://centrica.comrqzrofxnhwwgrqzrofrofxnhwagx2nfse2nfagx2nfsesewxnhwagxwgrqzg.mustaccio.com/0.php#ywnjb3vudhnay2vudhjpy2euy29t,0,0,0
27,20,0,0,0,2,1,4.106377316818028,0,0,0,0,0,0,0,0,0,0,0.0,0,0,1,0.7096437327189924,0,http://www.digitalzones.com,0,0,0
43,35,1,6,3,2,1,4.507432777857285,0,0,0,0,0,0,0,1,0,0,0.1395348837209302,0,0,0,0.0,0,http://bt-login-page-103284.weeblysite.com/,0,0,0
110,28,12,5,2,2,1,4.69429797463664,1,0,0,0,0,0,0,0,0,0,0.0454545454545454,1,4,1,0.8113101869835072,0,https://acesso-renner-sinc.lpages.co/acessosinc/?gclid=eaiaiqobchmiwte08ykv_qivk8vich3puaz0eaayasaaegkxzvd_bwe,0,0,0
26,12,6,0,0,1,0,3.6133373140453062,1,0,0,0,0,0,0,0,0,0,0.0,0,0,0,0.0,0,https://whatsapp.com/about,0,0,0
43,26,10,0,3,2,0,4.239763591710147,0,0,0,0,0,0,0,2,0,0,0.0,0,0,0,0.0,0,http://confirm-your-new-payee.com/login.php,1,0,0
28,19,1,5,1,2,1,4.012188403968661,1,0,0,0,0,0,0,0,0,0,0.1785714285714285,0,0,1,0.7008584970938808,0,https://sgr55-5c31e.web.app/,0,0,0
37,16,13,7,0,2,1,3.990009704040741,1,0,0,0,0,0,0,0,0,0,0.1891891891891892,0,0,0,0.0,0,https://urlhaus.abuse.ch/url/3732766/,1,0,0
39,13,19,10,1,3,2,4.37489516746925,0,0,0,1,0,0,0,0,0,0,0.2564102564102564,0,0,0,0.0,0,http://52.138.23.102/finance/bmo-mobile,1,0,0
260,21,30,34,0,3,0,5.089939435185684,0,0,0,0,0,0,0,1,0,0,0.1307692307692307,0,3,0,0.0,1,http://beautifulattendee.com/css/sup/chase$m.com/login.php?3crfc0ho7fokhf8appnk5aklndgbzlz7cd1p2r6pjzdcdxynkg7gpm58mpugz7vqmg61z9tbkq3cipt0jkcelviofgdahoruhhaharb5hop8cyduu6xxvgh0jm7fpk3g0atdf8ihdls0kvbfmxtjijmlqjq0qsdhpo46b4dwveaafgojkrtikjmal0vcmtme9uqb7amr=,1,0,0
38,11,20,8,1,3,2,4.273728829005326,0,0,0,1,0,0,0,0,0,0,0.2105263157894736,0,0,0,0.0,0,http://37.10.71.16/finance/mobile-cibc,1,0,0
37,16,13,7,0,2,1,3.990009704040741,1,0,0,0,0,0,0,0,0,0,0.1891891891891892,0,0,0,0.0,0,https://urlhaus.abuse.ch/url/3730447/,1,0,0
197,22,36,21,1,3,0,5.04206724647325,0,0,0,0,0,0,0,0,0,0,0.1065989847715736,7,15,0,0.0,0,http://ghanahealthservice.org/pur/excel/xl/link/excel/po/page.php?mylove=bwfyay53yw5nqhdpbndhewdsb2jhbc5jb20=&amp;.rand=13vqcr8bp0gud&amp;lc=1033&amp;id=64855&amp;mkt=en-us&amp;cbcxt=mai&amp;snsc=1,1,0,0
137,27,103,16,0,3,1,4.849280948490873,0,0,0,0,0,0,0,0,0,0,0.1167883211678832,0,0,0,0.0,0,http://businesspageads.dssddns.com/h2y4902nw48ba46isgjjmuxpxazitlhcycer1b1ulpgooylg9lkouru0sxscigd6fhpwva9xvtz3epqwssssscacascascasc.html,1,0,0
22,15,0,0,0,3,2,3.5726236638951634,0,0,0,0,0,0,0,0,0,0,0.0,0,0,0,0.0,0,http://www.a.qaprm.com,0,0,0
183,13,28,17,0,2,0,4.878929436757937,1,0,0,0,0,0,0,2,0,0,0.0928961748633879,1,2,0,0.0,0,https://rasulcllc.com/wellh/wellsh/web/authen.php?web/auth/wells/login/overviewaccounts/overview/index=lcyxd3u7s5sbzwauel40p7vh9rn3bpbaqlp61e7cu0ifjwgh1lde7nqut4hnc2craezmxoodctzj8xqd,0,0,0
27,20,0,0,0,2,1,3.8841550945958048,0,0,0,0,0,0,0,0,0,0,0.0,0,0,1,0.6145293941107677,0,http://www.transunaxous.com,0,0,0
31,23,1,0,0,1,0,4.066784213473103,0,0,0,0,0,0,0,0,0,0,0.0,0,0,1,0.7743788462169173,0,http://lavozdeloscentauros.com/,0,0,0
18,11,0,1,0,2,1,3.1916116417513782,0,0,0,0,0,0,0,0,0,0,0.0555555555555555,0,0,1,0.707041003021506,0,http://www.w2wz.cn,0,0,0
28,20,0,0,0,3,2,4.012188403968661,1,0,0,0,0,0,0,0,0,0,0.0,0,0,0,0.0,0,https://www.chandigarh.co.uk,1,0,0
18,11,0,0,0,2,1,3.4613201402110083,0,0,0,0,0,0,0,0,0,0,0.0,0,0,0,0.0,0,http://www.emms.ro,0,0,0
36,20,9,3,0,2,1,3.972163460365541,0,0,0,0,0,0,0,0,0,0,0.0833333333333333,0,0,1,0.940471060864936,0,http://www.tillysconcept.me/iop/900/,0,0,0
22,13,1,0,0,2,1,3.663532754804254,1,0,0,0,0,0,0,0,0,0,0.0,0,0,0,0.0,0,https://www.slack.com/,0,0,0
81,16,58,0,3,4,0,4.279234380408272,0,0,0,0,0,0,0,2,1,0,0.0,0,0,0,0.0,0,http://fi-refund.online/directing/www.cibc.mobi/ebm-mobile-anp/accountconfirm.php,1,0,0
44,22,1,0,0,2,1,4.16126308502903,1,0,0,0,0,0,0,1,0,0,0.0,1,2,1,0.888445324641062,1,https://cmoney.csexchanges.com/?gclid=google,0,0,0
76,17,52,2,1,3,0,4.204419837938777,0,0,0,0,0,0,0,0,0,0,0.0263157894736842,0,0,0,0.0,0,http://ayurvedajeevan.in/adds/covid-19/invoice/toda/index.php/js/css/vst.txt,1,0,0
74,18,49,2,0,1,0,4.663458392738303,0,0,0,0,0,1,0,0,0,0,0.027027027027027,0,2,0,0.0,0,http://baronemperorgt.com/new/auth/ieormf/dgftbxkucm9iymluc0bjaxiylmnvbq==,1,0,0
76,15,54,15,2,1,0,4.484595033596943,0,0,0,0,0,0,0,0,0,0,0.1973684210526315,0,0,0,0.0,0,http://canhoansinh.net/wp-admin/writeable/drwxrwxr-x/dossiern054805454058520,1,0,0
37,16,13,7,0,2,1,3.969607339117404,1,0,0,0,0,0,0,0,0,0,0.1891891891891892,0,0,0,0.0,0,https://urlhaus.abuse.ch/url/3666020/,1,0,0
36,27,1,2,0,2,1,4.065079515030719,1,0,0,0,0,0,0,0,0,0,0.0555555555555555,0,0,0,0.0,0,https://obabanter26.firebaseapp.com/,0,0,0
83,11,65,16,0,3,0,3.88590456141078,0,0,0,0,0,0,0,0,0,0,0.1927710843373494,0,0,0,0.0,0,http://1636365.com/assets/40intlify.595663c5.js/assets/assets/assets/assets/assets/,0,0,0
91,19,64,19,5,3,1,4.819630805662636,1,0,0,0,0,0,0,0,0,0,0.2087912087912088,0,0,1,0.5547288908087862,0,https://storageapi.fleek.co/d4eccf35-0358-4290-b81a-f6a982d5bdf9-bucket/payment/europe.html,0,0,0
72,12,53,23,0,4,2,4.583052176601605,0,0,0,1,0,0,0,1,0,0,0.3194444444444444,0,1,0,0.0,0,http://198.46.81.55/~josefr5/ne2est3h/ne2est3h/4a1a40bdf88181b/login.php,1,0,0
50,36,7,0,2,5,3,3.841593511005629,0,0,0,0,0,0,0,0,1,0,0.0,0,0,1,0.5870544809005391,0,http://www.saiaecn-co-jp.aeseese.onjoto.top/jp.php,0,0,0
37,16,13,7,0,2,1,4.044063758094795,1,0,0,0,0,0,0,0,0,0,0.1891891891891892,0,0,0,0.0,0,https://urlhaus.abuse.ch/url/3739276/,1,0,0
24,17,0,0,0,1,0,3.720175521464345,0,0,0,0,0,0,0,0,0,0,0.0,0,0,0,0.0,0,http://pancaakeswaps.com,0,0,0
26,19,0,0,1,2,1,3.979097891134805,0,0,0,0,0,0,0,0,1,0,0.0,0,0,0,0.0,0,http://www.bad-racoon.club,0,0,0
36,11,18,4,0,1,0,4.315622570826659,0,0,0,0,0,0,0,0,0,0,0.1111111111111111,0,0,0,0.0,0,http://aternix.com/ae/bibaztgkmv4223,1,0,0
19,11,0,0,0,2,1,3.6818808028034016,1,0,0,0,0,0,0,0,0,0,0.0,0,0,1,0.6127659852591201,0,https://www.edx.org,0,0,0
39,32,0,0,1,2,1,4.150410872541982,0,0,0,0,0,0,0,0,0,0,0.0,0,0,1,0.8001931952190435,0,http://www.prevenirelcoronavirus-co.com,0,0,0
65,20,37,0,0,3,0,4.393929790998234,1,0,0,0,0,0,0,0,0,0,0.0,0,1,0,0.0,0,https://legalcentermedia.com/wpp/vystarcu/vystarcu.org_/index.php,0,0,0
98,26,7,6,1,1,0,4.820766350514961,1,0,0,0,0,0,0,0,0,0,0.0612244897959183,1,6,1,0.772275714850801,0,https://acesseonline-fevereiro.net/luiza/?userid=&uri=atzkkwfy5s23fyuju9p+tmvfudyjnultmi2mrlcv9tg=,0,0,0
28,21,0,0,0,2,1,3.9407598325400897,0,0,0,0,0,0,0,0,0,0,0.0,0,0,1,0.55711963111382,0,http://www.pranazfinance.com,0,0,0
153,21,125,13,0,4,1,4.777854095174266,0,0,0,0,0,0,0,0,0,0,0.0849673202614379,0,1,0,0.0,0,http://euzh.akbargarmehie.ir/.ubk4sddqye.ahr0chm6ly9zdhjpcgutahvtb3jvdxmtbnv0cmlhlmdsaxrjac5tzs8xmjmlmjulmjulmjulmjuuahrtbd9lbt1udxjpyublbgvtzw50dxmuaw8=,1,0,0
21,13,0,0,0,2,1,3.3680424225727155,1,0,0,0,0,0,0,0,0,0,0.0,0,0,0,0.0,0,https://www.motito.co,1,0,0
23,15,0,0,0,3,2,3.849223912390625,1,0,0,0,0,0,0,0,0,0,0.0,0,0,0,0.0,0,https://www.dgcv.com.ar,1,0,0
71,11,53,5,1,2,0,4.452514817194572,0,0,0,0,0,0,0,1,1,0,0.0704225352112676,0,6,0,0.0,0,http://gaded-p5.ml/select_btc_account/home/luno/sign_in%20_%20luno.html,1,0,0
26,18,0,0,0,2,1,3.642371448743902,1,0,0,0,0,0,0,0,0,0,0.0,0,0,0,0.0,0,https://www.speedcusse.com,0,0,0
85,13,65,24,2,4,2,4.583808254642702,0,0,0,1,0,0,0,1,0,0,0.2823529411764706,0,0,0,0.0,0,http://139.59.217.81/cibc/11affe98e9dc833cfef5f6bcb3e2a48b/ebm-mobile-app/verify.html,1,0,0
208,27,16,82,0,3,1,4.7760290888187615,0,0,0,0,0,0,0,2,0,0,0.3942307692307692,3,7,0,0.0,1,http://03chaseauthverify.hopto.org/zhaze/login.php?cmd=login_submit&id=72cf0f59fab6a096c84041ac560fe24472cf0f59fab6a096c84041ac560fe244&session=72cf0f59fab6a096c84041ac560fe24472cf0f59fab6a096c84041ac560fe244,1,0,0
102,13,82,5,2,1,0,4.385927986096408,0,0,0,0,0,0,0,3,0,0,0.0490196078431372,0,1,0,0.0,1,http://clearhair.com/wp-includes/pp/paypal/paypal/customer_center/customer-idpp00c268/myaccount/signin,1,0,0
120,12,13,10,1,2,0,4.886808751383919,0,0,0,0,0,0,0,0,1,0,0.0833333333333333,0,1,0,0.0,0,http://ajudaitau.cf/security.php?dwjdzu4yu2hugknkz9lpr9uhk0twhbfi-jxhxdmnkcfdfhjf0ozplyfrnnjqbxndkenghzu/8exdio7zs9tx0ns,1,0,0
53,44,1,5,2,2,1,4.55311550161055,1,0,0,0,0,0,0,0,0,0,0.0943396226415094,0,0,0,0.0,0,https://hopefuldiligentvirtualmachine--67214.repl.co/,0,0,0
67,25,35,15,1,2,0,4.781923518557655,0,0,0,0,0,0,0,4,1,0,0.2238805970149253,0,1,0,0.0,1,http://facebookunblocksecured.cf/848350608641984=verify-account.php,1,0,0
30,23,0,0,0,3,2,4.0062389286533895,0,0,0,0,0,0,0,0,0,0,0.0,0,0,0,0.0,0,http://www.blue.blocktrail.com,0,0,0
62,10,45,5,1,1,0,4.677401802988001,0,0,0,0,0,0,0,0,0,0,0.0806451612903225,0,0,0,0.0,0,http://eas-lb.com/cole/new/css/jznr51/ywxveubtawnvzgfwc2kuy29t,1,0,0
23,16,0,0,0,3,2,3.762267390651495,0,0,0,0,0,0,0,0,0,0,0.0,0,0,1,0.585119660007618,0,http://www.ne.hrbqn.com,0,0,0
28,20,0,0,0,2,1,3.655045546825804,1,0,0,0,0,0,0,0,0,0,0.0,0,0,0,0.0,0,https://www.servethehome.com,1,0,0
20,13,0,0,0,2,1,3.546439344671016,0,0,0,0,0,0,0,0,0,0,0.0,0,0,1,0.7311325489462293,0,http://www.deserv.ie,0,0,0
61,38,15,2,2,3,1,4.268017305346156,1,0,0,0,0,0,0,0,0,0,0.0327868852459016,0,0,1,0.8603101539087848,0,https://dev-itaupy24horas-info.pantheonsite.io/ita/index.html,0,0,0
37,16,13,7,0,2,1,4.044063758094795,1,0,0,0,0,0,0,0,0,0,0.1891891891891892,0,0,0,0.0,0,https://urlhaus.abuse.ch/url/3720807/,1,0,0
20,13,0,2,0,2,1,3.5219280948873624,0,0,0,0,0,0,0,0,0,0,0.1,0,0,1,0.8823863567838632,0,http://www.wpk35.com,0,0,0
96,33,13,27,1,3,1,4.988113740476479,0,0,0,0,0,0,0,0,1,0,0.28125,1,2,0,0.0,0,http://commentsfb-0ippy1by07s.thejake.cc/profile.html?countuser=c8bdfa23677299932956a286e2d03b14,1,0,0
48,22,19,1,0,2,0,4.16540071973329,0,0,0,0,0,0,0,1,1,0,0.0208333333333333,0,1,0,0.0,0,http://eriktakkkkutilhham3.gq/login_support.html,1,0,0
45,38,0,0,0,4,3,3.738656363227873,0,0,0,0,0,0,0,0,0,0,0.0,0,0,1,0.8805172755949515,0,http://www.helloworld.redirektert.workers.dev,0,0,0
37,16,13,7,0,2,1,4.098117812148849,1,0,0,0,0,0,0,0,0,0,0.1891891891891892,0,0,0,0.0,0,https://urlhaus.abuse.ch/url/3748450/,1,0,0
55,37,10,0,2,4,3,4.04047596876367,1,0,0,0,0,0,0,1,1,0,0.0,0,0,1,0.8973201280998733,0,https://www.amazcon-co-jp.amacszan.niixwp.top/ap/signin,0,0,0
21,10,1,0,1,1,0,3.403989446485261,1,0,0,0,0,0,0,0,1,0,0.0,0,1,1,0.9428102604516192,0,https://eth-pos.cc/#/,0,0,0
31,23,0,0,0,2,1,4.026619294188054,1,0,0,0,0,0,0,0,0,0,0.0,0,0,0,0.0,0,https://www.wildadirondacks.org,1,0,0
22,14,0,0,0,2,1,3.7544418457133446,1,0,0,0,0,0,0,0,0,0,0.0,0,0,0,0.0,0,https://www.filibi.com,1,0,0
101,38,13,30,1,3,1,4.750328247539458,0,0,0,0,0,0,0,0,0,0,0.297029702970297,1,2,0,0.0,0,http://fbnotification-01442367587.becoffee.co/profile.html?countuser=84b93f49bb3ffd09675c136fdf0b19f3,1,0,0
48,25,16,1,0,2,0,4.096922459779061,0,0,0,0,0,0,0,0,1,0,0.0208333333333333,0,0,0,0.0,0,http://aauattoworksilleporo.site/mygov/otp2.html,1,0,0
95,16,11,3,1,5,0,4.615321236186193,0,0,0,0,0,0,0,1,1,0,0.031578947368421,1,3,0,0.0,0,http://fireonnow-v09.ga/login2.php?https://login.live.com/public/identifyuser.aspx?lob=rbglogon,1,0,0
922,30,1,194,21,6,2,5.272817036505207,0,0,0,0,0,0,0,0,0,0,0.210412147505423,2,22,0,0.0,0,http://bvt8bi.drfernandoemilio.com.br/?fo51b97a3f905/?s3rq~hi28a35lx-6jobp6s~ab6i6g4grhqaazovbhl3a73n4-ctavr3tom4mnqmdp3ojdtd578gqamieb-1z3v3ppppyl15cud2726ghlkbas2jpbvot5xr8lckpmvjrqyqgpes1o1-yfeh5fdjrc72g7zrx5ft~92bjypic-4kkg5ul2a1q5h4flfoqhd-lmbzo33c-v2~96yho5sqfc1r1nvv7yezsf5ruqk5z41cnob17ka76z4bkrju1hpslony~hkqhxr5n1ed3vgsxq-ddorn5c24suveejm6itqkoc~acs--o4tm4shgs4nee9dt3ncoorzsq2p33i39rn2~oytj1kfx-x7kyykbt2pgsu9mjbutj5-5yz~upoxhcry3v9tvuu6evg6n0oxzhr55ng6otqvh~33id63esxp30~-hrwrrjubs6565g3-k2iucun085yf7tpbc6nhfuylze9-51xvd8070bt-i6munyirhyuo7lwbhk0y1-y7emsq6qbpfhyeghukzbtzizqkcb6niwnnph7s-8sj3sqpkt~r1ot1rb6r8j~mhcfl2aduxsquh-8eq9hma38zqqnvl-q28x19ju7q3vsvrbtto9iy498ipdxou7vvt3isjygril977ps5hyzdpby-5ksluqnm2kyle7b7bmj9ilzrgy4mq72f2na~fxd26fgqlh33mvoesf4bb2tyi~z9qxkyiizcovlg4366rgsnfcqnql3rhag42tovdnncq9ty8i~ubmuxigv=value&url=napla.com.br/.mail/xdfhccgcfhgjvhjgjufcjjgj/c21hbgxiaxpiawxsaw5nqgnodwjilmnvbq==,1,0,0
31,22,1,3,2,2,1,4.195816471537619,1,0,0,0,0,0,0,0,0,0,0.0967741935483871,0,0,1,0.5654880990052629,0,https://sb31-uqwy3-nzx.web.app/,0,0,0
24,17,0,0,0,2,1,3.720175521464345,0,0,0,0,0,0,0,0,0,0,0.0,0,0,1,0.8538320097908805,0,http://www.myshopers.com,0,0,0
53,19,27,3,1,3,0,4.053049587195117,0,0,0,0,0,1,0,1,0,0,0.0566037735849056,0,0,0,0.0,1,http://getapple-support.co/au3v44/code.php/codigo.php,1,0,0
356,17,46,112,3,6,0,5.293319441460986,0,0,0,0,0,0,0,1,0,0,0.3146067415730337,2,13,0,0.0,0,http://garden-chapel.org/c/5350495a6eddc9ae3b7569c9a2b14425/verify.php?country_x=-&acct_x=id-ppl=pa32480.82.70.198=scrpg=905c7d8082d9f4ff92831a934b92fefac8c3745942a585875e66d973f283bf2as=$1$uguuirol$x.zr6qn1etju4eibcoiam08faph9gfrlqzqtamhonksrkob6wyxgjtesdlm2wuey4pvuzci5i10djxbvc73nas16pqtnheyvbe4p0xq8ybmukaiflf9dccmxjowvzgkj7oshdi35rtlrwzng2u45715718199,1,0,0
54,36,10,0,2,4,3,4.141564993297474,1,0,0,0,0,0,0,1,1,0,0.0,0,0,1,0.6523753596188182,0,https://www.amaczon-co-jp.amazccn.wirhtq.top/ap/signin,0,0,0
43,12,24,9,0,4,2,4.208485034316045,0,0,0,1,0,0,0,1,0,0,0.2093023255813953,0,0,0,0.0,0,http://47.74.89.120/banks/tangerine/pin.php,1,0,0
37,16,13,7,0,2,1,4.044063758094795,1,0,0,0,0,0,0,0,0,0,0.1891891891891892,0,0,0,0.0,0,https://urlhaus.abuse.ch/url/3738825/,1,0,0
48,24,16,0,0,3,1,3.860087760732173,1,0,0,0,0,0,0,0,0,0,0.0,0,0,1,0.7026252858477877,0,https://mainnetconns.netlify.app/connection.html,0,0,0
21,14,0,6,0,2,1,3.5585186130489057,0,0,0,0,0,0,0,0,0,0,0.2857142857142857,0,0,1,0.924309345745176,0,http://www.365633.com,0,0,0
39,31,1,12,2,2,1,4.304257026388135,0,0,0,0,0,0,0,0,1,0,0.3076923076923077,0,0,1,0.6273025242906304,0,http://yahoo-109384-104404.square.site/,0,0,0
99,36,13,32,1,3,1,4.930849206385042,0,0,0,0,0,0,0,0,0,0,0.3232323232323232,1,2,0,0.0,0,http://comments-4232780241.psychogenesis.gr/profile.html?countuser=84409559b1f2b02a350a7fb89f06ec06,1,0,0
21,14,0,0,0,2,1,3.689703732199547,0,0,0,0,0,0,0,0,0,0,0.0,0,0,0,0.0,0,http://www.reispc.com,0,0,0
31,24,0,0,0,1,0,3.897587036123537,0,0,0,0,0,0,0,0,0,0,0.0,0,0,1,0.8121584077813981,0,http://sculptedapeyachtclub.com,0,0,0
72,25,40,4,0,3,2,4.644251787109476,0,0,0,0,0,0,0,0,0,0,0.0555555555555555,0,0,1,0.6428007899164914,0,http://organisasi.bulungan.go.id/public/ufffnkzysav0wzmmtzl55rtf4stvkniq,0,0,0
123,22,44,23,1,2,1,5.06008315652887,0,0,0,0,0,0,0,1,0,0,0.1869918699186991,1,4,0,0.0,0,http://chasing.pvplglobal.com/cmd-login=1d55f2cd7b3eccc3fca3064aa1b83a55/?reff=otm0mdg4nge5ndu4y2vhzmq0zdhjoteymwixnza4owu=,1,0,0
33,19,7,15,0,4,2,4.06667707370723,0,1,0,1,0,0,0,0,0,0,0.4545454545454545,0,0,0,0.0,0,http://42.235.90.149:47877/bin.sh,1,0,0
19,11,0,0,0,2,1,3.6818808028034016,1,0,0,0,0,0,0,0,0,0,0.0,0,0,0,0.0,0,https://www.bfi.org,1,0,0
25,18,0,0,0,3,2,3.8332696895151073,0,0,0,0,0,0,0,0,0,0,0.0,0,0,0,0.0,0,http://www.evarisms.bl.ee,0,0,0
47,12,28,2,1,2,0,4.322330405701177,0,0,0,0,0,0,0,2,1,0,0.0425531914893617,0,0,0,0.0,1,http://gemsty-71.tk/angel/microsoftaccount.html,1,0,0
19,12,0,0,0,2,1,3.5766176449086653,0,0,0,0,0,0,0,0,0,0,0.0,0,0,1,0.8359324361288079,0,http://www.ravis.ca,0,0,0
16,8,0,0,0,1,0,3.625,1,0,0,0,0,0,0,0,0,0,0.0,0,0,1,0.5220551759223633,0,https://yelp.com,0,0,0
24,17,0,0,0,2,1,3.6572682296173897,0,0,0,0,0,0,0,0,0,0,0.0,0,0,0,0.0,0,http://www.behtanashr.ir,0,0,0
72,27,38,7,0,1,0,4.433097572683135,0,0,0,0,0,0,0,1,0,0,0.0972222222222222,0,0,0,0.0,1,http://civilcontractorsinmumbai.in/signonv2screen/bankofamerica/9822d56c,1,0,0
96,28,61,8,0,2,1,4.762744240232731,0,0,0,0,0,0,0,0,0,0,0.0833333333333333,0,9,0,0.0,0,http://dtioykqj1u8de.cloudfront.net/gp/product/b083ncyz3x/ref=dbs_a_def_rwt_hsch_vapi_taft_p1_i0,1,0,0
29,22,0,0,1,2,1,3.9523029776623857,0,0,0,0,0,0,0,0,1,0,0.0,0,0,1,0.9882020710367478,0,http://www.shaparlik-irani.gq,0,0,0
44,20,17,1,0,2,0,4.137140494378569,0,0,0,0,0,0,0,1,0,0,0.0227272727272727,0,1,0,0.0,0,http://beautifulintent.buzz/login_step2.html,1,0,0
23,9,6,0,0,1,0,3.729446194905257,1,0,0,0,0,0,0,0,0,0,0.0,0,0,1,0.6390513575835823,0,https://quora.com/about,0,0,0
60,24,29,0,1,3,1,4.173336121136105,0,0,0,0,0,0,0,1,0,0,0.0,0,0,0,0.0,0,http://atlas.ateliersdalger.org/wp-admin/login/boa/info.html,1,0,0
239,14,17,33,1,10,2,5.0983331938924135,0,0,0,1,0,0,0,3,0,0,0.1380753138075313,5,13,0,0.0,1,http://43.153.193.223/interactivelogin?continue=https://accounts.google.com/?&followup=https://accounts.google.com/?&passive=1209600&xrealip=107.178.237.25&ifkv=awnoghepaplwnarjnntcdlj0avxid5umghvmu1owiaupkqw-bjsdmnep1_liamhplhymqwcgsdfcmq,1,0,0
108,29,23,9,1,3,1,4.6814939245022975,0,0,0,0,0,0,0,0,0,0,0.0833333333333333,1,2,0,0.0,0,http://dispositivodeacesso.dynv6.net/desktop/cartoes/01.php?oi=brpjnreedeqonsjqr65vgj/vv9vlsh0awyzenn2vst-q5,1,0,0
31,24,0,0,0,2,1,4.042433003725894,0,0,0,0,0,0,0,0,0,0,0.0,0,0,1,0.5407353435282243,0,http://www.patrickandmaxine.com,0,0,0
32,23,1,0,0,3,2,4.093139062229566,1,0,0,0,0,0,0,0,0,0,0.0,0,0,1,0.6987076522131797,0,https://www.tracker.dhsgovn.com/,0,0,0
216,11,23,63,0,14,0,4.891986679204184,0,0,0,0,0,0,0,0,0,0,0.2916666666666667,3,18,0,0.0,0,http://5brains.com/booom/countdown/en.php?rand=13inboxlightaspxn.1774256418&fid.4.1252899642&fid=1&fav.1&rand.13inboxlight.aspxn.1774256418&fid.1252899642&fid.1&fav.1&email=&.rand=13inboxlight.aspx?n=1774256418&fid=4,1,0,0
323,16,37,56,0,3,1,5.099591361752543,0,0,0,0,0,0,0,0,0,0,0.1733746130030959,1,4,0,0.0,0,http://a0424845.xsph.ru/caid815601/atoo80465/bagara/indx.php?gufvcteldicitly9xm0mvl0rurcbysfrntcaxljagvhjhbnnpdglvbmfsly9ftiigimh0dha6ly93d3cudzmub3jnl1rsl3hodg1sms9eveqvegh0bwwxlxryyw5zaxrpb25hbc5kdgqipg0kpgh0bwwgeg1sbnm9imh0dha6ly93d3&ug=cudzmub3jnlze5otkvegh0bwwipg0kicagidxozwfkpg0kicagicagica8dgl0bgu*iefwcgxlic0gq29uz,1,0,0
124,21,96,18,4,4,1,4.839294489897042,0,0,0,0,0,0,0,0,0,0,0.1451612903225806,0,1,0,0.0,0,http://blog.aaronleyland.com/wp-content/plugins/usaa.com-inetpaes-security-takemmhdg.ent/hj_57281c60baba7ad7e033c9bdde3a4312,1,0,0
85,24,54,5,0,1,0,4.527564501100039,0,0,0,0,0,0,0,0,0,0,0.0588235294117647,0,2,0,0.0,0,http://cloud9paymentgateway.com/files/ingenico/usb/ingenicousbdrivers_win7_win10/win7,1,0,0
22,13,1,0,0,1,0,3.60693673217532,1,0,0,0,0,1,0,0,0,0,0.0,0,0,1,0.547646661268691,0,https://pinterest.com/,0,0,0
46,21,18,2,0,1,0,4.14347622876649,0,0,0,0,0,0,0,0,0,0,0.0434782608695652,0,0,0,0.0,0,http://askoneproductions.com/ggggg/priv8/priv8,1,0,0
34,25,1,6,1,2,1,4.34865650363964,1,0,0,0,0,0,0,0,0,0,0.1764705882352941,0,0,1,0.5929657714419345,0,https://att-103746.weeblysite.com/,0,0,0
30,22,0,0,0,3,2,3.9898980954642873,1,0,0,0,0,0,0,0,0,0,0.0,0,0,0,0.0,0,https://www.thebluecoat.org.uk,1,0,0
18,11,0,0,0,2,1,3.350209029099897,0,0,0,0,0,0,0,0,0,0,0.0,0,0,1,0.7245454633271431,0,http://www.venn.me,0,0,0
27,20,0,0,0,2,1,3.717850465126433,0,0,0,0,0,0,0,0,0,0,0.0,0,0,1,0.9876674993305984,0,http://www.altaikawater.com,0,0,0
28,21,0,0,0,2,1,3.923251796980337,0,0,0,0,0,0,0,0,1,0,0.0,0,0,1,0.8300584935238942,0,http://www.cryptoblocks.site,0,0,0
65,29,29,4,4,2,1,4.499387529033209,0,0,0,0,0,0,0,1,0,0,0.0615384615384615,0,0,0,0.0,1,http://dwivedishashank2003.github.io/bharatintern---netflix-clone,1,0,0
45,38,0,3,2,5,4,4.35586608569048,0,0,0,0,0,0,0,1,0,1,0.0666666666666666,0,0,0,0.0,1,http://www.devab2.s3.eu-north-1.amazonaws.com,0,0,0
74,17,50,2,1,3,0,4.297328880173425,0,0,0,0,0,0,0,1,0,0,0.027027027027027,0,0,0,0.0,0,http://ayurvedajeevan.in/adds/covid-19/invoice/toda/index.php/js/login.txt,1,0,0
21,13,0,0,0,2,1,3.5585186130489057,1,0,0,0,0,0,0,0,0,0,0.0,0,0,1,0.9391328867486772,0,https://www.yahoo.com,0,0,0
40,12,21,9,0,4,2,3.925070520364181,0,0,0,1,0,0,0,0,0,0,0.225,0,0,0,0.0,0,http://20.151.221.6/finance/tang/pin.php,1,0,0
26,11,8,0,1,1,0,3.921029621737614,0,0,0,0,0,0,0,0,0,0,0.0,0,0,0,0.0,0,http://de-tapp.com/vorgang,1,0,0
145,14,32,5,0,5,1,4.51545176662534,0,0,0,0,0,0,0,2,0,0,0.0344827586206896,1,5,0,0.0,0,http://cp80.nsixo.com/~mogznews/datacenter/index2.php?https://account.1und1.de/home/particulares_esassistancedesktop/loadloginassistance?type=pwd,1,0,0
54,36,10,0,2,4,3,4.1949091510981455,1,0,0,0,0,0,0,1,1,0,0.0,0,0,1,0.7621754168441464,0,https://www.amaczon-co-jp.amazccn.lrvpli.top/ap/signin,0,0,0
90,11,72,31,2,4,2,4.701025008251063,0,0,0,1,0,0,0,1,0,0,0.3444444444444444,0,0,0,0.0,0,http://51.68.83.36/online/cibc/8f0e98dc0a96f173912683c632d1369a/ebm-mobile-app/verify.html,1,0,0
134,20,107,19,2,1,0,5.005065431782634,0,0,0,0,0,0,0,0,0,0,0.1417910447761194,0,1,0,0.0,0,http://ff-menmber-garena.vn/ep3a68miadnfc1bcgsgj1i1kdda1ugort4rvnbd3yfmfkbzb7uhc9dcj4b7boljsivnrsagcmawlgjc0d49gsddymd62syuw1ppl_index,1,0,0
60,22,31,0,0,1,0,4.128934048020606,0,0,0,0,0,0,0,0,0,0,0.0,0,0,0,0.0,0,http://clouditechnologies.com/images/assistenza/fatturazione,1,0,0
22,15,0,0,0,2,1,3.7544418457133446,0,0,0,0,0,0,0,0,0,0,0.0,0,0,1,0.9750122107742448,0,http://www.livestro.nl,0,0,0
33,26,0,0,0,3,2,4.225619876671973,0,0,0,0,0,0,0,0,0,0,0.0,0,0,0,0.0,0,http://www.klenvi.purpledaily.com,0,0,0
62,11,44,5,0,1,0,4.524434973062774,0,0,0,0,0,0,0,0,0,0,0.0806451612903225,0,1,0,0.0,0,http://dedcare.com/dee/new/css/1snyhb/bxdoaxruzxlaym1mcc5jb20=,1,0,0
37,16,13,7,0,2,1,4.023661393171458,1,0,0,0,0,0,0,0,0,0,0.1891891891891892,0,0,0,0.0,0,https://urlhaus.abuse.ch/url/3732693/,1,0,0
20,9,4,0,0,1,0,3.746439344671015,0,0,0,0,0,0,0,0,0,0,0.0,0,0,0,0.0,0,http://centre.is/bdo,1,0,0
42,33,1,6,0,2,1,4.386015934528989,1,0,0,0,0,0,0,0,0,0,0.1428571428571428,0,0,0,0.0,0,https://superrefund183798.firebaseapp.com/,0,0,0
45,19,19,23,0,4,2,4.089199419023814,0,1,0,1,0,0,0,0,0,0,0.5111111111111111,0,0,0,0.0,0,http://111.59.254.165:8084/20250721/Photo.scr,1,0,0
32,25,0,0,0,2,1,4.163909765557392,0,0,0,0,0,0,0,0,0,0,0.0,0,0,1,0.9890611018851796,0,http://www.wonderfulinsights.com,0,0,0
53,15,31,16,0,4,2,4.366807898196828,0,0,0,1,0,0,0,1,0,0,0.3018867924528302,0,0,0,0.0,0,http://104.248.136.160/banks/atb7698/atb/complete.php,1,0,0
31,13,11,11,0,3,2,4.042433003725894,0,0,0,1,0,0,0,0,0,0,0.3548387096774194,0,0,0,0.0,0,http://130.12.180.33/bins/parm5,1,0,0
53,36,9,10,3,5,4,4.395781606749467,1,0,0,0,0,0,0,0,0,1,0.1886792452830188,0,0,0,0.0,0,https://id.app.com.54-160-68-131.cprapid.com/es/info/,0,0,0
27,18,2,14,0,3,2,3.828237501842956,0,1,0,1,0,0,0,0,0,0,0.5185185185185185,0,0,0,0.0,0,http://60.18.56.147:36190/i,1,0,0
28,21,0,0,0,2,1,4.182005814760214,0,0,0,0,0,0,0,0,0,0,0.0,0,0,0,0.0,0,http://www.ahluniversity.com,0,0,0
264,17,72,84,1,13,0,5.009082237301916,0,0,0,0,0,0,0,1,1,0,0.3181818181818182,3,18,0,0.0,0,http://astimelosdime.xyz/dan/hotoffice/cmd-login=e5252c7fc60f2701c2555c99694aca59/wrong_pass.php?email=&rand=13inboxlightaspxn.1774256418&fid.4.1252899642&fid=1&fav.1&rand.13inboxlight.aspxn.1774256418&fid.1252899642&fid.1&fav.113inboxlight.aspx?n=1774256418&fid=4,1,0,0
27,19,0,0,0,2,1,3.884155094595805,1,0,0,0,0,0,0,0,0,0,0.0,0,0,0,0.0,0,https://www.localmotion.org,1,0,0
31,23,0,0,0,2,1,4.066784213473103,1,0,0,0,0,0,0,0,0,0,0.0,0,0,0,0.0,0,https://www.mimivanderhaven.com,1,0,0
27,20,0,0,0,3,2,3.828237501842956,0,0,0,0,0,0,0,0,1,0,0.0,0,0,1,0.7575613510807582,0,http://www.gkml.pplink.club,0,0,0
621,27,95,146,4,1,0,5.295659266236633,0,0,0,0,0,0,0,3,0,0,0.2351046698872785,1,35,0,0.0,1,"http://blttriex-holdlngs-logln.com/discover/market/sign/account/b92f40c1b7780bd0b83169333e1cd95c4791ef6562040229c69b8d1917e8a2c7/?q=&168_151_103_147-google_chrome-mozilla/5_0_(windows_nt_10_0;_win64;_x64)_applewebkit/537_36_(khtml,_like_gecko)_chrome/95_0_4638_69_safari/537_36xssrgouhw4pffvf4n5agtxlgteqerkiqt7y/g6irzar04x2le/uiryxgnvowge_5e8djdsvjzioda4vcw4ee4_gjkemgk2bjcva103q4drhfjjixk5zabnwyj4qcie00z1enanhy7eudkin5zhbcdy5y6pxnjxrqrdeoworbn3bdh5yhrq3om54y5bwkykt9ss5srj_f06dpiawcavntiggao7l5ie1mtmbe6sek7vd2or0rftp1eztty9_1jery8fl8wdgve2fln/immceyd_xubu1thddzsyajfwusfkpmntyv2ypw_iek7a1tdg_n_wm7tj08f97q3dsl7cibdw==",1,0,0
33,20,5,1,0,2,1,3.884858891889048,1,0,0,0,0,0,0,0,0,0,0.0303030303030303,0,0,1,0.6330981380479392,0,https://tcpw7mwm.dreamwp.com/auth,0,0,0
21,14,0,4,0,2,1,3.8801799226757367,0,0,0,0,0,0,0,0,0,0,0.1904761904761904,0,0,1,0.7873361885131496,0,http://www.fa8072.com,0,0,0
31,17,7,13,0,4,2,3.7843684875968617,0,1,0,1,0,0,0,0,0,0,0.4193548387096774,0,0,0,0.0,0,http://218.85.229.198:81/av.scr,1,0,0
26,14,4,0,0,1,0,3.9312089489103217,1,0,0,0,0,0,0,0,0,0,0.0,0,0,1,0.6759969389462864,0,https://handanswim.com/fl/,0,0,0
109,15,87,63,0,4,2,3.7868713622103463,0,0,0,1,0,0,0,0,0,0,0.5779816513761468,0,0,0,0.0,0,http://185.133.173.243/001010101010010110101011101010101101010111010101/nwfaiehg4ewijfgriehgirehaughrarg.m68k,1,0,0
90,10,73,5,0,2,0,4.878158102805024,0,0,0,0,0,0,0,0,0,0,0.0555555555555555,0,0,0,0.0,0,http://annopk.com/qcvicflmo9ralzbupqpizng7dgrex8/mgbvzkbtawn5vrel4yuojxdthxszog/index.html,1,0,0
27,20,0,0,1,2,1,3.856196298219381,0,0,0,0,0,0,0,0,0,0,0.0,0,0,0,0.0,0,http://www.panorama-otel.ru,0,0,0
25,18,0,0,0,2,1,3.6234651896016463,0,0,0,0,0,0,0,0,1,0,0.0,0,0,1,0.7927784901660673,0,http://www.ideardonot.top,0,0,0
22,15,0,0,0,2,1,3.879664004902593,0,0,0,0,0,0,0,0,1,0,0.0,0,0,0,0.0,0,http://www.colemanr.ga,0,0,0
169,38,65,23,1,1,0,4.647375796884155,0,0,0,0,0,1,0,1,0,0,0.136094674556213,2,5,0,0.0,0,http://commercialandresidentialwindowtint.com/proton/servic/refund/security/interac-online/directing/meridian/?&sessionid=5e639134cbdf89db4243214a433b2426&securessl=true,1,0,0
26,19,0,1,0,3,2,3.632192121571194,0,0,0,0,0,0,0,0,0,0,0.0384615384615384,0,0,1,0.8396603664124682,0,http://www.popin.0fees.net,0,0,0
289,29,69,127,0,6,2,4.6798273836687,0,0,0,0,0,0,0,2,0,0,0.4394463667820069,0,3,0,0.0,1,http://diuisg.daffodilvarsity.edu.bd/public/office/login.microsoftonline.com/p19brj8fi0495nvgtm7mv8bm.php?0f80gi156090788251b84ad50a97889b08a17dc8ca139a4251b84ad50a97889b08a17dc8ca139a4251b84ad50a97889b08a17dc8ca139a4251b84ad50a97889b08a17dc8ca139a4251b84ad50a97889b08a17dc8ca139a42&email=,1,0,0
27,18,1,1,0,2,1,3.85619629821938,1,0,0,0,0,0,0,0,0,0,0.037037037037037,0,0,1,0.8011389280798519,0,https://networkweb.b4a.app/,0,0,0
24,17,0,0,0,2,1,3.688721875540867,0,0,0,0,0,0,0,0,0,0,0.0,0,0,1,0.7025643407467528,0,http://www.stackspay.com,0,0,0
50,41,1,4,3,2,1,4.298171939471838,1,0,0,0,0,0,0,0,0,0,0.08,0,0,1,0.7340209053161519,0,https://fb-restriction-case-d7071.firebaseapp.com/,0,0,0
32,13,12,10,0,4,2,3.976409765557392,0,0,0,1,0,0,0,0,0,0,0.3125,0,0,0,0.0,0,http://130.12.180.64/bins/gig.sh,1,0,0
25,18,0,0,0,2,1,3.783465189601646,0,0,0,0,0,0,0,0,0,0,0.0,0,0,0,0.0,0,http://www.roberthvac.com,0,0,0
21,9,5,1,0,2,1,3.5585186130489057,0,0,0,0,0,0,0,0,0,0,0.0476190476190476,0,0,0,0.0,0,http://9x.now.sh/txii,1,0,0
66,27,12,15,0,2,1,4.913648809008596,0,0,0,0,0,0,0,0,1,0,0.2272727272727272,2,4,0,0.0,0,http://uuqvkhjuad.fortunabets.club/vnafvra97w/?q=3717065149&id=100,0,0,0
25,18,0,0,1,2,1,3.843856189774724,0,0,0,0,0,0,0,0,0,0,0.0,0,0,1,0.6786910435773934,0,http://www.wer-asnl.email,0,0,0
24,17,0,0,0,3,2,3.855388542207534,0,0,0,0,0,0,0,0,0,0,0.0,0,0,1,0.574391806302178,0,http://www.mine.zpool.ca,0,0,0
30,22,0,0,0,2,1,3.8565647621309536,1,0,0,0,0,0,0,0,0,0,0.0,0,0,0,0.0,0,https://www.isdistribution.com,1,0,0
58,11,39,21,0,2,1,4.394293874617553,1,0,0,0,0,0,0,0,0,0,0.3620689655172414,0,0,1,0.5242545806946672,0,https://bccp.com.mx/pass/056e4bac650f6590a71e1b648bae1824/,0,0,0
22,15,0,0,0,2,1,3.7544418457133446,0,0,0,0,0,0,0,0,1,0,0.0,0,0,1,0.5198907134783537,0,http://www.gutmanno.cf,0,0,0
28,20,0,0,0,4,3,3.753434386188785,1,0,0,0,0,0,0,0,0,0,0.0,0,0,0,0.0,0,https://www.arpc.afrc.af.mil,1,0,0
19,6,6,1,0,1,0,3.642149881636903,0,0,0,0,0,1,0,0,0,0,0.0526315789473684,0,0,0,0.0,0,http://bit.do/fq7gb,1,0,0
27,18,1,0,0,2,1,4.032303242743953,1,0,0,0,0,0,0,0,0,0,0.0,0,0,1,0.815752113009373,0,https://jnpoyx.webwave.dev/,0,0,0
89,42,40,5,0,4,3,4.629263909777577,0,0,0,0,0,0,0,0,0,0,0.0561797752808988,0,0,0,0.0,0,http://delivery.attempt.failure.saliscreation.com/public/l32bczdnz9nmbgkihshy6trriy1qrrii,1,0,0
37,16,13,7,0,2,1,4.098117812148849,1,0,0,0,0,0,0,0,0,0,0.1891891891891892,0,0,0,0.0,0,https://urlhaus.abuse.ch/url/3659007/,1,0,0
41,32,1,0,0,2,1,3.939528456144483,1,0,0,0,0,0,0,1,0,0,0.0,0,0,1,0.6242012421785068,0,https://freewhorshortime.firebaseapp.com/,0,0,0
94,14,61,9,1,3,1,4.461140251661553,0,0,0,0,0,0,0,0,0,0,0.0957446808510638,0,1,0,0.0,0,http://crm.idaman.org/app/language/norwegian/c-agricole/7eb29504ba479da/region.php?particulier,1,0,0
333,25,10,72,4,7,0,5.112995230377193,1,0,0,0,0,0,0,2,0,0,0.2162162162162162,0,36,1,0.8006954249180265,0,https://digital3riiversaccess.icu/clicknow/#wa=wsignin1.0&amp;rpsnv=13&amp;ct=1539585327&amp;rver=7.0.6737.0&amp;wp=mbi_ssl&amp;wreply=https%3a%2f%2foutlook.live.com%2fowa%2f%3fnlp%3d1%26rpscsrfstate%3d715d44a2-2f11-4282-f625-a066679e96e2&amp;id=292841&amp;cbcxt=out&amp;lw=1&amp;fl=dob%2cflname%2cwld&amp;cobrandid=90015&amp;domain=,0,0,0
20,13,0,0,0,2,1,3.5841837197791886,0,0,0,0,0,0,0,0,0,0,0.0,0,0,1,0.620315891303526,0,http://www.creemo.pl,0,0,0
24,17,0,1,0,3,2,3.938721875540868,0,0,0,0,0,0,0,0,1,0,0.0416666666666666,0,0,1,0.6972003998551676,0,http://www.r1.panjo.club,0,0,0
38,12,19,0,0,1,0,3.912952356780413,0,0,0,0,0,0,0,1,0,0,0.0,0,0,0,0.0,1,http://buidinju.com/maaed/mazon/amazon,1,0,0
19,12,0,0,0,2,1,3.6818808028034016,0,0,0,0,0,0,0,0,0,0,0.0,0,0,1,0.9342669635396696,0,http://www.ialy.com,0,0,0
110,20,83,6,3,2,0,4.508455515512033,0,0,0,0,0,0,0,0,0,0,0.0545454545454545,0,1,0,0.0,0,http://connect-formation.fr/wordpress/wp-includes/images/smilies/cloud/customer_center/user-718346/payment.php,1,0,0
44,14,23,11,0,4,2,4.433990357756303,0,0,0,1,0,0,0,0,0,0,0.25,0,0,0,0.0,0,http://172.105.25.169/erd/hsbc/question.html,1,0,0
49,20,22,1,0,1,0,4.239524579110022,0,0,0,0,0,1,0,0,0,0,0.0204081632653061,0,0,0,0.0,0,http://genusskreuzfahrt.com/under/u1/images/sella,1,0,0
26,18,0,0,0,2,1,3.719294525666979,1,0,0,0,0,1,0,0,0,0,0.0,0,0,0,0.0,0,https://www.guestquest.com,1,0,0
30,23,0,1,0,3,2,3.806238928653389,0,0,0,0,0,0,0,0,0,0,0.0333333333333333,0,0,0,0.0,0,http://www.3years.lethanon.net,0,0,0
27,19,0,0,0,2,1,3.958229168669879,1,0,0,0,0,0,0,0,0,0,0.0,0,0,0,0.0,0,https://www.bodylogicmd.com,1,0,0
24,10,6,0,0,1,0,3.823934896284056,1,0,0,0,0,0,0,0,0,0,0.0,0,0,1,0.6674485072723386,0,https://medium.com/about,0,0,0
89,62,20,9,0,2,1,4.687255589089152,0,0,0,0,0,0,0,0,0,0,0.1011235955056179,0,4,0,0.0,0,http://buruansebelumpenuhgrupbokepyanglagiviral2020.000webhostapp.com/wa_18+__(pulberaja),1,0,0
133,19,13,27,1,6,1,5.03437071099232,0,0,0,0,0,0,0,0,0,0,0.2030075187969924,1,4,0,0.0,0,http://akkadiatomic.in.net/sirius2.html?syl=1x1uns_670a5679a325avl_best.j2wt109v2w6-2o6vnqs.q10mvu.ztwmddvhgmdl2mnc2ltjvnnzucxm0j3ddx,1,0,0
99,9,83,4,2,5,0,4.588656813015486,0,0,0,0,0,0,0,1,0,0,0.0404040404040404,0,5,0,0.0,0,http://feeah.com/ent-com/index.php/log+in+ent+online+banking_files/visitor-app.11ba8a4d.default.css,1,0,0
27,19,0,0,0,3,2,3.930270372293455,1,0,0,0,0,0,0,0,0,0,0.0,0,0,0,0.0,0,https://www.city.kharkov.ua,1,0,0
205,24,43,23,1,6,1,4.933531804323252,0,0,0,0,0,0,0,1,0,0,0.1121951219512195,4,18,0,0.0,0,http://borokersid.dns-cloud.net/christianmingle.photo.gallery/cm/login.php?_encoding=utf8&ignoreauthstate=1&openid_assoc_handle=usflex&openid_claimed_id=http%3a%2f%2fspecs.openid%3fq%3df55015fa4d4346637869,1,0,0
18,10,0,0,0,1,0,3.683542362433231,1,0,0,0,0,0,0,0,0,0,0.0,0,0,0,0.0,0,https://tumblr.com,0,0,0
21,13,0,0,0,2,1,3.558518613048906,1,0,0,0,0,0,0,0,0,0,0.0,0,0,0,0.0,0,https://www.geemag.de,1,0,0
56,47,1,18,4,3,2,4.5595995116839045,1,0,0,0,0,0,0,0,0,0,0.3214285714285714,0,0,0,0.0,0,https://bdd481f3-4050-4872-b5bb-611acdd2efa1.id.repl.co/,0,0,0
29,12,10,10,0,4,2,3.978333581185265,0,0,0,1,0,0,0,0,0,0,0.3448275862068966,0,0,0,0.0,0,http://91.92.241.59/odin.arm5,1,0,0
52,43,1,0,2,2,1,4.124510162331973,1,0,0,0,0,0,0,1,0,0,0.0,0,0,0,0.0,0,https://directives-activation-clesc.firebaseapp.com/,0,0,0
70,23,40,6,0,1,0,4.605780118172191,0,0,0,0,0,1,0,0,0,0,0.0857142857142857,0,0,0,0.0,0,http://deliverylifesupport.com/public/gfbymaluei1rnux1dciqini30hne1lx6,1,0,0
73,26,40,4,0,2,1,4.81805790836745,0,0,0,0,0,0,0,0,0,0,0.0547945205479452,0,0,0,0.0,0,http://delivery.imaginedbyjess.co/public/qmdurvtikhowbur5arny82z4ufrxrlgy,1,0,0
27,19,0,0,0,2,1,3.958229168669879,1,0,0,0,0,0,0,0,0,0,0.0,0,0,0,0.0,0,https://www.birdscanada.org,1,0,0
40,33,0,1,0,4,3,4.025070520364181,0,0,0,0,0,0,0,1,0,0,0.025,0,0,0,0.0,0,http://www.v4.windowsupdate.nsatcdns.com,0,0,0
37,16,13,7,0,2,1,4.044063758094795,1,0,0,0,0,0,0,0,0,0,0.1891891891891892,0,0,0,0.0,0,https://urlhaus.abuse.ch/url/3678168/,1,0,0
34,25,1,6,1,2,1,4.314972767530033,1,0,0,0,0,0,0,0,0,0,0.1764705882352941,0,0,1,0.9373047319879576,0,https://aol-105514.weeblysite.com/,0,0,0
39,16,16,7,0,3,1,4.077212078381127,0,0,0,0,0,0,0,0,0,0,0.1794871794871795,0,0,0,0.0,0,http://f0460516.xsph.ru/ems/ni/emss.php,1,0,0
24,17,0,0,0,2,1,3.938721875540868,0,0,0,0,0,1,0,0,0,0,0.0,0,0,1,0.8378399037778065,0,http://www.idbmarket.com,0,0,0
49,30,12,0,0,3,1,4.135046712196475,0,0,0,0,0,0,0,3,0,0,0.0,0,0,0,0.0,1,http://cpcalendars.amazonrecovery.net/apple.login,1,0,0
21,14,0,5,0,2,1,3.4992275417233563,0,0,0,0,0,0,0,0,0,0,0.238095238095238,0,0,0,0.0,0,http://www.s88881.com,0,0,0
27,19,0,0,1,2,1,3.856196298219381,1,0,0,0,0,0,0,0,0,0,0.0,0,0,0,0.0,0,https://www.htfine-chem.com,1,0,0
34,25,1,6,1,2,1,4.231009444816111,1,0,0,0,0,0,0,0,0,0,0.1764705882352941,0,0,1,0.6913443480452479,0,https://att-105099.weeblysite.com/,0,0,0
41,32,1,0,1,2,1,4.055501322050909,1,0,0,0,0,0,0,0,0,0,0.0,0,0,1,0.7115202011210049,0,https://dev-itaupysegura.pantheonsite.io/,0,0,0
48,41,0,19,0,2,1,4.355388542207535,0,0,0,0,0,0,0,0,1,0,0.3958333333333333,0,0,1,0.6561854066738774,0,http://www.h15d72318036e57a2bfe8a1682fb0dcdfd.ws,0,0,0
63,31,24,6,0,3,1,4.379737020101595,1,0,0,0,0,0,0,1,0,0,0.0952380952380952,0,0,0,0.0,0,https://metamaskdvhost266508.lowhost.ru/add/connect/secure.html,0,0,0
36,27,1,2,0,2,1,4.197159723424148,1,0,0,0,0,0,0,0,0,0,0.0555555555555555,0,0,0,0.0,0,https://hrjkgrtghghkjk85.weebly.com/,0,0,0
44,20,17,0,0,2,1,4.042055982805473,0,0,0,0,0,0,0,0,0,0,0.0,0,0,1,0.6918040075506279,0,http://sparxinteriors.co.zw/plugins/isotope/,0,0,0
89,42,40,6,0,4,3,4.684721179098336,0,0,0,0,0,0,0,0,0,0,0.0674157303370786,0,0,0,0.0,0,http://delivery.attempt.failure.saliscreation.com/public/jek1mitp0hrl1xxxjyn2q6emjm7ytcng,1,0,0
26,14,5,11,0,3,2,3.719294525666979,0,0,0,1,0,0,0,0,0,0,0.4230769230769231,0,0,0,0.0,0,http://158.94.208.162/z/zz,1,0,0
107,20,80,14,1,3,1,4.680628792222996,0,0,0,0,0,1,0,2,0,0,0.1308411214953271,0,0,0,0.0,0,http://0efbd9f.wcomhost.com/de/banking-postbank/login/privatkunden/de/15e446c1a4bad7b450e5/clients/pass.php,1,0,0
70,16,46,8,0,2,1,4.748637261029335,1,0,0,0,0,0,0,1,0,0,0.1142857142857142,0,0,1,0.9787079122194128,0,https://drive.google.com/file/d/1robiosanbh8doqa7yuiewn3akz4094ho/edit,0,0,0
287,32,39,137,2,3,1,4.67461766632752,0,0,0,0,0,0,0,0,0,0,0.4773519163763066,1,3,0,0.0,0,http://confocal-limit.000webhostapp.com/coxmail%20full/log/lol/personalid.html?verification-id=ddc720225c2836db2c105f1a738b9945ddc720225c2836db2c105f1a738b9945ddc720225c2836db2c105f1a738b9945ddc720225c2836db2c105f1a738b9945ddc720225c2836db2c105f1a738b9945ddc720225c2836db2c105f1a738b9945,1,0,0
56,21,28,0,0,2,0,4.116225914839075,0,0,0,0,0,0,0,0,0,0,0.0,0,0,0,0.0,0,http://fishingindianlake.com/chris/angellatta/index.html,1,0,0
18,10,0,0,0,2,1,3.5724312513221195,1,0,0,0,0,0,0,0,0,0,0.0,0,0,0,0.0,0,https://www.gov.uk,0,0,0
27,20,0,0,0,2,1,3.838039816898156,0,0,0,0,0,0,0,0,0,0,0.0,0,0,1,0.8123314071676577,0,http://www.softecangola.net,0,0,0
42,21,14,0,0,2,1,3.76696831548137,0,0,0,0,0,0,0,1,0,0,0.0,0,0,0,0.0,1,http://amazonn.servehttp.com/amazon/amazon,1,0,0
26,19,0,0,0,2,1,3.921029621737614,0,0,0,0,0,0,0,0,0,0,0.0,0,0,1,0.7808666281796479,0,http://www.khaleejtimes.co,0,0,0
86,23,20,9,1,1,0,4.867970935302739,0,0,0,0,0,0,0,0,0,0,0.1046511627906976,1,2,0,0.0,0,http://exceptionally-yours.com/images/11/365voice/?target=suhhc3nhbkbjcgfnbg9iywwuy29t,1,0,0
28,9,11,0,0,1,0,3.56610893983748,1,0,0,0,0,0,0,0,0,0,0.0,0,0,0,0.0,0,https://peteri.sk/meinpaket/,0,0,0
23,16,0,0,0,2,1,3.567040216926579,0,0,0,0,0,0,0,0,0,0,0.0,0,0,1,0.8764413044338676,0,http://www.twinkcam.net,0,0,0
23,16,0,0,0,2,1,3.588354347173233,0,0,0,0,0,0,0,0,1,0,0.0,0,0,1,0.5016641972544194,0,http://www.sharparak.cf,0,0,0
53,14,32,8,0,2,1,4.343315209558403,0,0,0,0,0,0,0,0,0,0,0.1509433962264151,0,0,0,0.0,0,http://cg78659.tw1.ru/78ranginablankka/authentication,1,0,0
34,25,1,0,1,2,1,3.917626443873359,1,0,0,0,0,0,0,0,0,0,0.0,0,0,1,0.7366124644300296,0,https://www.openocean-finance.com/,0,0,0
37,16,13,7,0,2,1,4.098117812148849,1,0,0,0,0,0,0,0,0,0,0.1891891891891892,0,0,0,0.0,0,https://urlhaus.abuse.ch/url/3746865/,1,0,0
21,14,0,0,0,2,1,3.594465636961452,0,0,0,0,0,0,0,0,0,0,0.0,0,0,0,0.0,0,http://www.ajapro.com,0,0,0
36,29,0,0,0,2,1,4.138830127032207,0,0,0,0,0,0,0,0,0,0,0.0,0,0,1,0.5860859670462448,0,http://www.lastfrontierstrekking.com,0,0,0
31,24,0,0,0,2,1,3.9377519554085865,0,0,0,0,0,0,0,0,0,0,0.0,0,0,1,0.6254804285492395,0,http://www.healthymachinery.com,0,0,0
48,18,23,2,1,4,1,4.272593366144262,0,0,0,0,0,0,0,1,0,0,0.0416666666666666,0,0,0,0.0,1,http://anuj-k15.github.io/netflixclone.github.io,1,0,0
23,16,0,0,0,2,1,3.675310868912365,0,0,0,0,0,0,0,0,1,0,0.0,0,0,1,0.621653021832149,0,http://www.dadgostar.gq,0,0,0
34,25,1,2,1,2,1,4.091159812399538,1,0,0,0,0,0,0,0,0,0,0.0588235294117647,0,0,1,0.7172107658214298,0,https://web-a69ee.firebaseapp.com/,0,0,0
28,19,1,1,0,2,1,3.985228136034252,1,0,0,0,0,0,0,0,0,0,0.0357142857142857,0,0,1,0.9232363682874098,0,https://infos4.yolasite.com/,0,0,0
26,17,1,0,0,2,1,3.8150724101159423,1,0,0,0,0,0,0,0,0,0,0.0,0,0,1,0.9563507869340804,0,https://www.glassdoor.com/,0,0,0
28,21,0,0,0,3,2,3.9677201004745,0,0,0,0,0,0,0,0,0,0,0.0,0,0,1,0.5266697970705704,0,http://www.symbols.fburl.fun,0,0,0
29,21,1,0,0,2,1,3.952302977662386,0,0,0,0,0,1,0,0,0,0,0.0,0,0,0,0.0,0,http://coinbasewallet.com.cn/,0,0,0
121,23,91,24,0,3,2,4.964046920221983,0,0,0,0,0,0,0,1,0,0,0.1983471074380165,0,1,0,0.0,1,http://18r.f02.myftpupload.com/paypal/paypal/7c9bbb7b41ff0ece1fbd06f5b116566eyti5mtljnwzioda3zgzmnzexnjq2mtrjn2niymvmmwe=,1,0,0
118,27,36,1,1,5,1,4.472781154091902,0,0,1,0,0,0,0,1,0,0,0.0084745762711864,3,9,0,0.0,1,http://digital.momentumacademy.net/wp-content/link/linkedin_/login.php?s=mail&redirect=http:/mail3.nate.com/&email=*@*,0,0,0
25,18,0,0,1,2,1,3.893660689688185,0,0,0,0,0,0,0,0,0,0,0.0,0,0,1,0.6384248044867371,0,http://www.fuer-profis.de,0,0,0
42,25,10,0,2,2,0,4.21650604217747,0,0,0,0,0,0,0,1,0,0,0.0,0,0,0,0.0,0,http://access-request-denied.com/login.php,1,0,0
92,11,74,8,2,2,0,4.868163180312475,0,0,0,0,0,0,0,0,0,0,0.0869565217391304,0,0,0,0.0,0,http://cf-ipfs.com/ipfs/qmbqs8jebcec3d6njdzvhlkkgx5be4h2ocdduydu7yy5nc/adobepdf-invoice.html,1,0,0
119,17,95,2,1,3,0,3.8342532143592014,0,0,0,0,0,0,0,0,0,0,0.0168067226890756,0,0,0,0.0,0,http://ayurvedajeevan.in/adds/covid-19/invoice/toda/index.php/css/css/js/css/css/css/css/css/js/js/css/css/css/text.txt,1,0,0
52,43,1,0,0,3,2,4.058934978981645,1,0,0,0,0,0,0,0,0,0,0.0,0,0,1,0.7220086474401615,0,https://roastedtrustygnuassembler.banrebane.repl.co/,0,0,0
22,14,0,0,0,1,0,3.9705730958116834,1,0,0,0,0,0,0,0,0,0,0.0,0,0,1,0.7141700883520194,0,https://nftracking.com,0,0,0
78,12,59,5,1,2,1,4.372908271079236,0,0,0,0,0,0,0,2,0,0,0.0641025641025641,0,1,0,0.0,0,http://aspam.com.br/check/customer_center/customer-idpp00c828/myaccount/signin,1,0,0
35,27,1,0,1,3,2,4.107156230921613,0,0,0,0,0,0,0,0,0,0,0.0,0,0,1,0.5378563549315023,0,http://www.rakoten-caod.sckdvpu.cn/,0,0,0
65,36,22,8,1,2,1,4.614922529099777,0,0,0,0,0,0,0,0,0,0,0.123076923076923,0,0,0,0.0,0,http://facinorous-spindle.000webhostapp.com/centurylink/046d58/en,1,0,0
42,19,16,23,0,4,2,4.005063553576609,0,1,0,1,0,0,0,0,0,0,0.5476190476190477,0,0,0,0.0,0,http://111.59.254.165:8084/20250408/AV.scr,1,0,0
68,39,22,3,2,2,1,4.1545335701684944,0,0,0,0,0,0,0,0,0,0,0.0441176470588235,0,0,0,0.0,0,http://drobpox-inc-sharedpdf.000webhostapp.com/dropbox/adobe/dropbox,1,0,0
55,22,26,0,0,2,0,4.139307624821488,0,0,0,0,0,0,0,1,0,0,0.0,0,0,0,0.0,0,http://ecobiltcontractors.com/secured/odrivex/index.php,1,0,0
19,6,6,0,0,1,0,3.681880802803401,0,0,0,0,0,0,0,0,0,0,0.0,0,0,0,0.0,0,http://dik.si/amexp,1,0,0
28,21,0,0,0,2,1,3.896291529045928,0,0,0,0,0,0,0,0,1,0,0.0,0,0,1,0.7215854823233737,0,http://www.cachevideo.online,0,0,0
39,30,1,3,1,2,1,4.272331064905147,1,0,0,0,0,0,0,0,0,0,0.0769230769230769,0,0,1,0.5280952126190452,0,https://myparcel-7da57.firebaseapp.com/,0,0,0
21,14,0,0,0,2,1,3.594465636961452,0,0,0,0,0,0,0,0,0,0,0.0,0,0,1,0.7139479958189945,0,http://www.oifish.com,0,0,0
27,20,0,0,0,2,1,3.782122224145306,0,0,0,0,0,0,0,0,0,0,0.0,0,0,0,0.0,0,http://www.sheenhosting.com,0,0,0
29,11,10,0,0,1,0,3.6469666682736497,1,0,0,0,0,0,0,0,0,0,0.0,0,0,1,0.7431224576943888,0,https://caomega.com/sps/loge/,0,0,0
55,46,1,9,2,3,2,4.630737667794763,1,0,0,0,0,0,0,0,0,0,0.1636363636363636,0,0,0,0.0,0,https://lucky-dream-7e11.gamochbasch121582.workers.dev/,0,0,0
24,17,0,0,1,2,1,3.970175521464345,0,0,0,0,0,0,0,0,0,0,0.0,0,0,1,0.8253672980600933,0,http://www.mail-king.com,0,0,0
41,15,19,12,1,3,2,4.326706577630512,0,0,0,1,0,0,0,0,0,0,0.2926829268292683,0,0,0,0.0,0,http://109.230.199.123/finance/bmo-mobile,1,0,0
48,41,0,23,0,2,1,4.394974678246912,0,0,0,0,0,0,0,0,1,0,0.4791666666666667,0,0,1,0.5574000120667473,0,http://www.bad83703b642fa1b933835c0d116e5288c.ws,0,0,0
25,16,2,12,0,3,2,3.753269689515108,0,1,0,1,0,0,0,0,0,0,0.48,0,0,0,0.0,0,http://42.5.93.60:48645/i,1,0,0
34,20,7,0,0,1,0,4.079678649882975,0,0,0,0,0,0,0,0,1,0,0.0,0,0,0,0.0,0,http://explorebacterfit.xyz/rfidoc,1,0,0
26,19,0,0,0,2,1,3.7192945256669785,0,0,0,0,0,0,0,0,0,0,0.0,0,0,0,0.0,0,http://www.ourstayaway.com,0,0,0
62,36,19,7,1,2,1,4.615171310247296,0,0,0,0,0,0,0,0,0,0,0.1129032258064516,0,0,0,0.0,0,http://facinorous-spindle.000webhostapp.com/centurylink/e4515f,1,0,0
42,21,14,4,0,2,1,4.39531020894716,0,0,0,0,0,0,0,0,0,0,0.0952380952380952,0,0,1,0.7809922896254418,0,http://7054company.github.io/etherumwallet,0,0,0
29,21,0,0,0,2,1,3.857306856898128,1,0,0,0,0,0,0,0,0,0,0.0,0,0,0,0.0,0,https://www.lightlovehope.com,1,0,0
25,17,0,0,0,2,1,3.5434651896016467,1,0,0,0,0,0,0,0,0,0,0.0,0,0,0,0.0,0,https://www.smartwasp.com,1,0,0
24,16,0,0,0,2,1,3.751629167387823,1,0,0,0,0,0,0,0,0,0,0.0,0,0,0,0.0,0,https://www.xboxworld.nl,1,0,0
189,60,122,35,3,5,3,5.002397889242572,0,0,0,0,0,0,0,0,0,0,0.1851851851851851,0,0,1,0.9457196497153844,0,http://quarantine29042022app-1311615844.cos.ap-chengdu.myqcloud.com/aaqkagm3ztm2odcyltawzgmtndk3ns05zjuxltixzmyyyznkntexmgaqadpitonhie1hjl70qeb7vdi-quarantine02719message283/quarantine.html,0,0,0
24,16,0,0,0,2,1,3.855388542207534,1,0,0,0,0,0,0,0,0,0,0.0,0,0,0,0.0,0,https://www.kinetica.com,1,0,0
42,33,1,4,2,2,1,4.320423374953668,1,0,0,0,0,0,0,0,0,0,0.0952380952380952,0,0,1,0.7695059967755038,0,https://zimbra-mail-3255f.firebaseapp.com/,0,0,0
51,42,1,0,5,2,1,4.189116704878466,1,0,0,0,0,0,0,0,0,0,0.0,0,0,1,0.6170965502146796,0,https://file-share-from-rachel-folder-view.web.app/,0,0,0
31,24,0,0,0,2,1,4.195816471537619,0,0,0,0,0,0,0,0,0,0,0.0,0,0,1,0.8340502342600749,0,http://www.binhduongleasing.com,0,0,0
17,8,1,0,0,1,0,3.6901165175936654,1,0,0,0,0,0,0,0,0,0,0.0,0,0,0,0.0,0,https://ebay.com/,0,0,0
31,14,10,0,1,2,1,3.8087196973440713,0,0,0,0,0,0,0,0,0,0,0.0,0,0,1,0.7741177771924918,0,http://www.saocap.com/wp-admin/,0,0,0
104,18,79,12,0,4,1,4.876988551085466,0,0,0,0,0,0,0,0,0,0,0.1153846153846153,0,0,0,0.0,0,http://drvhvz.fayteks.com/.drvh.ahr0cdovl3z6awrydmguagv5cgfraxn0yw4ub3jnlynqbwlyyw1vbnrlc0bsbxnlcy5jb20j,1,0,0
45,19,19,10,0,2,1,4.559093797417739,0,0,0,0,0,0,0,1,0,0,0.2222222222222222,0,0,0,0.0,0,http://c1770209.ferozo.com/login/postal/3a86b,1,0,0
50,19,24,2,0,4,2,4.383465189601647,0,0,0,0,0,0,0,0,0,0,0.04,0,0,0,0.0,0,http://ff.menber.gaerna.vn/v8owu6epm/vskiabwn.html,1,0,0
42,35,0,10,2,3,2,4.32971764937184,0,0,0,0,0,0,0,0,0,0,0.238095238095238,0,0,1,0.7918890804485221,0,http://www.fbcom-1000321329-review.web.app,0,0,0
82,13,62,58,0,4,2,3.206041180865338,0,0,0,1,0,0,0,0,0,0,0.7073170731707317,0,0,0,0.0,0,http://103.252.89.75/001010101010010110101011101010101101010111010101/Labello.mips,1,0,0
74,59,8,7,4,2,1,4.452517305245912,0,0,0,0,0,0,0,0,0,0,0.0945945945945946,0,0,1,0.6630443080537969,0,http://southamerica-east1-trans-serenity-378003.cloudfunctions.net/avlinsd,0,0,0
15,7,0,0,0,1,0,3.640223928941851,1,0,0,0,0,0,0,0,0,0,0.0,0,0,0,0.0,0,https://edx.org,0,0,0
100,17,76,2,1,3,0,4.131096483996964,0,0,0,0,0,0,0,0,0,0,0.02,0,0,0,0.0,0,http://ayurvedajeevan.in/adds/covid-19/invoice/toda/index.php/js/css/css/css/css/notexistentpath.php,1,0,0
22,15,0,0,0,2,1,3.663532754804254,0,0,0,0,0,0,0,0,0,0,0.0,0,0,1,0.6898230712703655,0,http://www.volissos.gr,0,0,0
103,20,46,0,2,3,0,4.532056352486675,0,0,0,0,0,0,0,1,0,0,0.0,1,7,0,0.0,0,http://customersservice.org/.well-known/acme-challenge/bmo/questions.html?cmd=login_submit&id=&session=,1,0,0
37,16,13,7,0,2,1,4.044063758094795,1,0,0,0,0,0,0,0,0,0,0.1891891891891892,0,0,0,0.0,0,https://urlhaus.abuse.ch/url/3697907/,1,0,0
32,24,0,0,0,2,1,3.929229296672175,1,0,0,0,0,0,0,0,0,0,0.0,0,0,0,0.0,0,https://www.manassasoliveoil.com,1,0,0
32,25,0,0,0,3,2,4.093139062229566,0,0,0,0,0,0,0,0,0,0,0.0,0,0,1,0.5089933415420785,0,http://www.centralinsumos.com.bo,0,0,0
93,27,59,8,0,3,1,4.746854478512314,0,0,0,0,0,0,0,0,0,0,0.086021505376344,0,0,0,0.0,0,http://camboriucoffeebreaks.com.br/.richesmoods/blessjohnson/am9hbm5lx2zyewvyqgrry25ld3muy29t,1,0,0
21,14,0,0,0,2,1,3.784941827437642,0,0,0,0,0,0,0,0,0,0,0.0,0,0,1,0.7187816350544356,0,http://www.vyvanse.co,0,0,0
329,12,21,61,2,10,2,5.201895617378448,0,0,0,1,0,0,0,4,0,0,0.1854103343465045,9,20,0,0.0,1,http://43.156.5.148/v3/signin/identifier?continue=https://accounts.google.com/?&followup=https://accounts.google.com/?&ifkv=ayzovhdkezhqwovusyxvqkey6xtgazcqkc23ovfs8wusnmo-edhf6kba8hh7nf0wepkttaedzjwt&passive=1209600&xrealip=35.203.251.55&flowname=glifwebsignin&flowentry=servicelogin&dsh=s-2046757668:1694424927025235&theme=glif,1,0,0
36,29,0,0,0,3,2,3.919381945646371,0,0,0,0,0,0,0,0,0,0,0.0,0,0,0,0.0,0,http://www.passoapasso.giving.agency,0,0,0
18,11,0,0,0,2,1,3.2810361125534238,0,0,0,0,0,0,0,0,0,0,0.0,0,0,1,0.9867665578913976,0,http://www.awam.be,0,0,0
29,20,1,0,0,2,1,3.650410305173991,1,0,0,0,0,0,0,0,0,0,0.0,0,0,1,0.8885977167193825,0,https://zemerhsahzez.web.app/,0,0,0
29,20,1,0,0,2,1,3.788341339656749,1,0,0,0,0,0,0,0,0,0,0.0,0,0,1,0.6041782084415614,0,https://wisgjgjhtios.web.app/,0,0,0
37,16,13,7,0,2,1,4.044063758094795,1,0,0,0,0,0,0,0,0,0,0.1891891891891892,0,0,0,0.0,0,https://urlhaus.abuse.ch/url/3747638/,1,0,0
135,18,62,17,0,2,0,4.782066298313441,0,0,1,0,0,0,0,3,0,0,0.1259259259259259,3,8,0,0.0,0,http://bodrogiirodahaz.hu/sites/default/files/@@/@@/dbd0e4516bf7047/account/address.php?cmd=_update&dispatch=08f5dde7af3487c&locale=en_,1,0,0
29,20,2,16,0,3,2,3.745406425938248,0,1,0,1,0,0,0,0,0,0,0.5517241379310345,0,0,0,0.0,0,http://220.201.142.91:55347/i,1,0,0
73,26,40,2,0,2,1,4.599233683010773,0,0,0,0,0,0,0,0,0,0,0.0273972602739726,0,0,0,0.0,0,http://delivery.imaginedbyjess.co/public/fwmwpdupptinypcerugdtqgu7uqsj7xn,1,0,0
40,26,6,0,0,5,4,4.065957320949174,1,0,0,0,0,1,0,0,0,1,0.0,0,0,1,0.527391860367745,0,https://www.jreast.co.jp.qidui.net/first,0,0,0
135,11,117,30,1,9,0,4.553280150505574,0,0,1,0,0,0,0,0,0,0,0.2222222222222222,0,0,1,0.6750941418444812,0,http://1636365.com/assets/@happys.755bd3e6.js/assets/@floating-ui.d26b4aea.js/assets/@intlify.595663c5.js/assets/@popperjs.36402333.js/,0,0,0
22,15,0,0,1,2,1,3.788754913993503,0,0,0,0,0,0,0,0,1,0,0.0,0,0,0,0.0,0,http://www.engei-ir.ml,0,0,0
32,16,9,11,0,3,1,4.077819531114783,0,0,0,0,0,0,0,0,0,0,0.34375,0,1,0,0.0,0,http://a0656032.xsph.ru/ca%204.0,1,0,0
27,20,0,0,0,3,2,3.828237501842956,0,0,0,0,0,0,0,0,1,0,0.0,0,0,1,0.8184203309558291,0,http://www.lmdn.pplink.club,0,0,0
50,31,12,0,0,6,4,4.081076880026371,0,0,0,0,0,0,0,0,1,1,0.0,0,0,1,0.9909859348161224,0,http://www.saiconcard.co.jp.egifwb.top/ai/sign.php,0,0,0
51,42,1,5,2,3,2,4.681654263285599,1,0,0,0,0,0,0,0,0,0,0.0980392156862745,0,0,1,0.6230152884098052,0,https://hidden-waterfall-7ca9.6f8ox4my.workers.dev/,0,0,0
17,9,1,4,0,1,0,3.6901165175936654,0,0,0,0,0,0,0,0,0,0,0.2352941176470588,0,0,1,0.8444864294469944,0,http://3659q.com/,0,0,0
20,11,1,0,0,1,0,3.746439344671015,1,0,0,0,0,0,0,0,0,0,0.0,0,0,1,0.5698948419203491,0,https://booking.com/,0,0,0
99,15,76,9,1,2,1,4.762427202084882,1,0,0,0,0,0,0,1,0,0,0.0909090909090909,0,0,0,0.0,0,https://docs.google.com/forms/d/e/1faipqlscckv1-rxhipcmrhnwfvq2lhuxx18nzcm1e7e0oz8ienixtgw/viewform,0,0,0
82,7,67,11,0,2,0,4.8383138657746105,1,0,0,0,0,0,0,0,0,0,0.1341463414634146,0,0,1,0.979616897977322,0,https://ipfs.io/ipfs/qmen5e6ew1fascy1g83cyptekqr6r6cri4vhpgsncwra9b/index2wal.html,0,0,0
37,16,13,7,0,2,1,4.044063758094795,1,0,0,0,0,0,0,0,0,0,0.1891891891891892,0,0,0,0.0,0,https://urlhaus.abuse.ch/url/3732686/,1,0,0
89,12,48,19,1,6,2,4.875982909113083,0,0,0,1,0,0,0,0,0,0,0.2134831460674157,2,4,0,0.0,0,http://140.82.27.13/bfa/verification/m21ac70bmd2739bc32ab/index.php?country.x=-&lang.x=en,1,0,0
46,17,22,0,0,4,1,4.249014336859389,0,0,0,0,0,0,0,1,0,0,0.0,0,0,0,0.0,1,http://ghjjklkkweb.co.uk/team.paypal/index.php,1,0,0
202,19,87,60,0,4,1,4.954285301950766,0,0,0,0,0,0,0,2,0,0,0.297029702970297,2,5,0,0.0,1,http://autorizador5.com.br/landpage/img/icons/verifie/paypal.fr/87d204a9f89d742087de694abab4f0f4/informations.php?cmd=_questions&dispatch=5885d80a13c0db1fb6947b0aeae66fdbfb2119927117e3a6f876e0fd34af4365,1,0,0
24,17,0,2,0,2,1,3.886842188131012,0,0,0,0,0,0,0,0,0,0,0.0833333333333333,0,0,0,0.0,0,http://www.movie69hd.com,0,0,0
89,15,67,15,2,2,0,4.481462231321363,0,0,0,0,0,0,0,0,0,0,0.1685393258426966,0,0,0,0.0,0,http://canhoansinh.net/wp-admin/writeable/drwxrwxr-x/dossiern054805454058520/paiement.php,1,0,0
31,22,1,4,0,2,1,3.993730584231476,1,0,0,0,0,0,0,0,0,0,0.1290322580645161,0,0,1,0.5804679074493744,0,https://ionossmorn0003.web.app/,0,0,0
37,16,13,7,0,2,1,4.098117812148849,1,0,0,0,0,0,0,0,0,0,0.1891891891891892,0,0,0,0.0,0,https://urlhaus.abuse.ch/url/3745461/,1,0,0
23,16,0,0,0,2,1,3.675310868912365,0,0,0,0,0,0,0,0,0,0,0.0,0,0,0,0.0,0,http://www.bigbasket.pk,0,0,0
31,17,6,0,0,2,1,3.950344198168689,1,0,0,0,0,1,0,0,0,0,0.0,0,0,0,0.0,0,https://www.pinterest.com/about,0,0,0
89,17,65,1,0,3,1,4.154945047666089,0,0,0,0,0,0,0,0,0,0,0.0112359550561797,0,0,0,0.0,0,http://earthkeeper.co.in/skin/frontend/earthian/default/js/usaa/base/nosection/email2.php,1,0,0
23,15,1,0,0,1,0,3.621175542919472,0,0,0,0,0,0,0,0,0,0,0.0,0,0,1,0.7107855290506271,1,http://ebayshopapp.org/,0,0,0
35,27,1,0,1,3,2,4.107156230921613,0,0,0,0,0,0,0,0,0,0,0.0,0,0,1,0.6216653874126201,0,http://www.rakcten-carb.ofhzuue.cn/,0,0,0
117,20,83,31,0,3,1,4.844884759078507,0,0,0,0,0,0,0,0,0,0,0.2649572649572649,0,2,0,0.0,0,http://fund50.larche360.com/shipping/document/dhl/ps8uyfz9ilgesle5fe5d59tv27524e5d5582cfb0ee5b91de81c038c5.php?email=,1,0,0
25,18,0,0,1,2,1,3.623465189601646,0,0,0,0,0,0,0,0,1,0,0.0,0,0,1,0.5630343947087235,0,http://www.shapatak-ir.ga,0,0,0
40,29,4,9,0,3,2,4.396439344671015,0,0,0,0,0,0,0,0,0,0,0.225,0,0,1,0.7029329126442143,0,http://u1965047.plsk.regruhosting.ru/42/,0,0,0
90,26,50,0,4,2,0,4.31349528070213,0,0,0,0,0,0,0,1,0,0,0.0,0,2,0,0.0,0,http://giochicreatividalmondo.com/od/sf-express/sf-express/sf-express/e-invoice.php?login=,1,0,0
28,15,6,2,0,1,0,3.8073549220576046,0,0,0,0,0,0,0,0,0,0,0.0714285714285714,0,0,0,0.0,0,http://foxy.restaurant/99/rr,1,0,0
26,18,1,2,3,1,0,3.891995487039019,0,0,0,0,1,0,0,0,0,0,0.0769230769230769,0,0,1,0.9805257752758044,0,http://xn--mtamask-98a.io/,0,0,0
50,15,28,2,1,2,0,4.393269689515108,0,0,0,0,0,0,0,0,0,0,0.04,0,0,0,0.0,0,http://1gouv-bill0.com/cra/finance/atb/details.php,1,0,0
33,14,12,0,0,1,0,3.945464952495108,0,0,0,0,0,0,0,0,0,0,0.0,0,0,0,0.0,0,http://cabondhome.com/drive/drive,1,0,0
77,37,33,14,1,2,1,4.920699001841076,0,0,0,0,0,0,0,0,0,0,0.1818181818181818,0,0,0,0.0,0,http://cgfxmcithu-672359018.lucidasearch.com/anzhbmrlbwvyd2vacm9ja2xpbmmuy29t,1,0,0
93,11,43,35,0,2,0,4.958858951852892,0,0,0,0,0,0,0,0,0,0,0.3763440860215054,1,2,0,0.0,0,http://garhold.net/fdfb354e0220c0492dc8581170d5376b/index.php?mpzihjek38131136126=johbf86qpay,1,0,0
391,17,9,67,12,2,1,5.191004070707453,0,0,0,0,0,0,0,1,0,0,0.1713554987212276,1,3,0,0.0,0,http://email.dream11.com/ls/click?upn=-2fvqhtftudewkbmg9ej641otnhhvv-2bned7kw3s9vwk6rwlcugrmq-2fwuyjhr2ikz77xh641kzphkc8gtkitjwvyq-3d-3dty49_zgw1thdj-2f0lpjvt0lahvtj2ml4ptkhhddii8fs7xxpe18s9oggmuh3tjuzkv-2fid2aayfnvatsadgzkibksnqrcvaycpi4cyakyn2ma8mk6z4uuoamadwcglbd2uruslrlpdct3875ogpzpxy4cq1vfj1b3ih-2bvzsmcmouapm5z4xvvslv3v-2f4qimcq-2bsyd7xaltuijydudg9forspld1ds6vz-2b4sngyflrxdjes6pxs-3d,1,0,0
256,18,18,38,0,3,1,5.1510733155128845,0,0,0,0,0,0,0,1,1,0,0.1484375,2,4,0,0.0,1,http://app.descargas2.xyz/app/facebook.com/?lang=es&key=yxxjmqk8tyvslagkq1xnbt5n6ztmodj8nr0ahgot9nvn5hkqaoepwdbh5vrkkdwypyq7qgtdtzg7cj03x11a0mzx350b89nog8mavyhvjbmisolnfhck9dg9gjgisnjzawjznnzxgybdlasj0cs2os0rkgifoyjzlg9zh5njymqwyt2b4pwx38r7f8l6zreelre4ulnj,1,0,0
43,25,11,4,1,3,2,4.277797824812465,0,0,0,0,0,0,0,0,0,0,0.0930232558139534,0,0,0,0.0,0,http://alanhp2020.temp.swtest.ru/c-agricole,1,0,0
58,21,30,1,0,2,1,3.7616075504517417,0,0,0,0,0,0,0,0,0,0,0.0172413793103448,0,0,0,0.0,0,http://ptptonuwu.duckdns.org/bins/xnxnxnxnxnxnxnxnor1kxnxn,1,0,0
21,14,0,0,1,1,0,3.689703732199547,0,0,0,0,0,0,0,0,0,0,0.0,0,0,0,0.0,0,http://io-opensea.vip,0,0,0
81,17,57,15,0,1,0,4.48485193635955,0,0,0,0,0,0,0,0,0,0,0.1851851851851851,0,1,0,0.0,0,http://croissanttree.com/modules/mod_stats/tmpl/support/6967a63dacc56d0a3f76b923f,1,0,0
25,17,0,0,0,3,2,3.753269689515108,1,0,0,0,0,0,0,0,0,0,0.0,0,0,0,0.0,0,https://www.securus.co.in,1,0,0
68,17,44,2,1,2,0,4.206763261113986,0,0,0,0,0,0,0,0,0,0,0.0294117647058823,0,0,0,0.0,0,http://ayurvedajeevan.in/adds/covid-19/invoice/toda/index.php/css/js,1,0,0
30,23,0,0,0,3,2,3.6695767463163937,0,0,0,0,0,0,0,0,0,0,0.0,0,0,0,0.0,0,http://www.mraudtee.peatus.net,0,0,0
215,52,4,39,2,4,3,5.039293648822732,0,0,0,0,0,0,0,2,1,0,0.1813953488372093,1,18,0,0.0,0,http://www.kueronekayacotn-co-jp.kueronekayacotn.fxqull.top/ai/?authenticated=true&amp;openid%2fgp%2fsignin%2fx%26i%3da%26oauth%3dm%26i%3fie%3dutf8%26ref_%3drhf_custrec_signin5dabb3571b7d1faa78f62a6fc1f0b52a7dc19546,0,0,0
55,34,13,3,0,3,2,4.483467386520037,1,0,0,0,0,0,0,0,0,0,0.0545454545454545,0,0,1,0.6857509162972875,0,https://wickedquoll.build067.wpsandbox.app/bling/meine/,0,0,0
30,22,1,3,0,2,1,3.8565647621309536,0,0,0,0,0,0,0,0,0,0,0.1,0,0,1,0.5562412954378742,0,http://casocalicia112.repl.co/,0,0,0
32,24,0,0,0,3,2,4.155639062229566,1,0,0,0,0,0,0,0,0,0,0.0,0,0,0,0.0,0,https://www.diarioelmundo.com.mx,1,0,0
99,51,9,0,2,4,3,4.543914797430931,0,0,0,0,0,0,0,4,0,0,0.0,2,6,0,0.0,1,http://appleld-apple.accountsecures-us.feedback.awsdws.com/session/?view=login&appidkey=&country=us,1,0,0
45,37,0,0,0,3,2,4.03665435287714,1,0,0,0,0,0,0,0,0,0,0.0,0,0,0,0.0,0,https://briderflitgal.telengalibandre.repl.co,0,0,0
37,30,0,3,2,3,2,4.121219243831913,0,0,0,0,0,1,0,0,0,0,0.081081081081081,0,0,0,0.0,0,http://www.stand-by-97c5c.appspot.com,0,0,0
37,16,13,7,0,2,1,4.098117812148849,1,0,0,0,0,0,0,0,0,0,0.1891891891891892,0,0,0,0.0,0,https://urlhaus.abuse.ch/url/3702746/,1,0,0
209,34,33,41,4,2,0,4.980545930599278,0,0,0,0,0,0,0,2,0,0,0.1961722488038277,3,6,0,0.0,0,http://cosmeticosdevegetalesmioficina.com/home-acess/appc6e0b01/acesso.php?verify=qv8kjj7cqv8k-unce-qv8kunceunce-ryw4unce&sessionuser=d7e9baf8abb93978b2ccfcebd1b0c855&userlogin=cfcd208495d565ef66e7dff9f98764da,1,0,0
83,15,61,3,2,1,0,4.652451515842645,0,0,0,0,0,0,0,0,0,0,0.036144578313253,0,2,0,0.0,0,http://ctr-hosting.net/wp-includes/now/auth/pleppj/zgzpzgfzqg91dgfuzgvxdwfslm9yzw==,1,0,0
174,10,29,44,1,6,0,5.151325679257937,0,0,0,0,0,0,0,1,0,0,0.2528735632183908,1,9,0,0.0,0,http://baflex.com/baflex/web/zola/en/login.php?344=_zhikl_rtwyuquitogydw536729102&pos.123inboxlight.aspxn.1774256418&fid.1252899645289964213inboxlight_product-userid&loginid=,1,0,0
27,20,0,0,0,3,2,3.930270372293455,0,0,0,0,0,0,0,0,0,0,0.0,0,0,0,0.0,0,http://www.fungshing.com.hk,0,0,0
27,13,7,2,0,2,1,4.106377316818028,0,0,0,0,0,0,0,0,0,0,0.074074074074074,0,0,0,0.0,0,http://4snc.short.gy/iz7jeg,1,0,0
64,12,45,9,1,2,0,4.25135307815258,0,0,0,0,0,0,0,0,0,0,0.140625,0,0,0,0.0,0,http://360studio.ae/wp-content/uploads/2022/06/oalp/checkout.php,1,0,0
66,24,27,31,0,1,0,4.605095354817683,1,0,0,0,0,0,0,0,0,0,0.4696969696969697,1,3,0,0.0,0,https://idhelp23948503945825.com/pageclid=7945621009419815/?step=1,0,0,0
67,7,52,10,0,1,0,4.869985227959001,1,0,0,0,0,0,0,0,0,0,0.1492537313432835,0,0,1,0.9278350224272855,0,https://ipfs.io/ipfs/qmzjfeadsmjwuv1ythkq2gu4rvhi1vn45s1u28lcfxcn6y,0,0,0
72,22,43,0,0,2,0,4.306340758321127,0,0,0,0,0,0,0,1,0,0,0.0,0,3,0,0.0,0,http://breezeartcreatives.com/mt_bank/mtu_us_bank/support/securityq.html,1,0,0
59,51,0,6,4,4,3,4.583843210665387,1,0,0,0,0,1,0,0,0,0,0.1016949152542373,0,0,1,0.8725939352476488,0,https://urtechmfg-dot-inlaid-micron-380216.uk.r.appspot.com,0,0,0
31,23,0,0,0,2,1,3.80871969734407,1,0,0,0,0,0,0,0,0,0,0.0,0,0,0,0.0,0,https://www.trochtasflowers.com,1,0,0
40,31,1,2,0,2,1,4.096439344671015,1,0,0,0,0,0,0,0,0,0,0.05,0,0,0,0.0,0,https://francemsgcabc11.firebaseapp.com/,0,0,0
40,32,1,6,0,3,2,3.918453957701921,0,0,0,0,0,0,0,0,0,0,0.15,0,0,1,0.9999192248471728,0,http://galiciaaa843.galiicia813.repl.co/,0,0,0
17,10,0,0,0,2,1,3.4548223999466066,0,0,0,0,0,0,0,0,0,0,0.0,0,0,1,0.6664702998720153,0,http://www.noc.su,0,0,0
62,31,24,0,1,2,1,4.273860673816165,0,0,0,0,0,0,0,0,0,0,0.0,0,0,0,0.0,0,http://arubaxservicenew-com.umbler.net/assistenza/fatturazione,1,0,0
37,29,0,0,0,2,1,4.0671651897778585,1,0,0,0,0,0,0,0,0,0,0.0,0,0,0,0.0,0,https://www.manasianliteraryprize.org,1,0,0
32,13,12,2,0,1,0,4.202819531114783,0,0,0,0,0,0,0,0,1,0,0.0625,0,0,0,0.0,0,http://dimensionx.ml/decade/25gb,1,0,0
37,16,13,7,0,2,1,4.098117812148849,1,0,0,0,0,0,0,0,0,0,0.1891891891891892,0,0,0,0.0,0,https://urlhaus.abuse.ch/url/3746720/,1,0,0
35,28,0,0,1,1,0,3.932874360347045,0,0,0,0,0,0,0,0,0,0,0.0,0,0,1,0.942522080935788,0,http://sync-rectificationerrors.org,0,0,0
37,16,13,7,0,2,1,3.969607339117404,1,0,0,0,0,0,0,0,0,0,0.1891891891891892,0,0,0,0.0,0,https://urlhaus.abuse.ch/url/3748434/,1,0,0
27,18,2,14,0,3,2,3.754163427768881,0,1,0,1,0,0,0,0,0,0,0.5185185185185185,0,0,0,0.0,0,http://103.154.90.21:4747/i,1,0,0
52,45,0,0,2,4,3,4.031324573535876,0,0,0,0,0,0,0,0,1,0,0.0,0,0,1,0.9182075494907576,0,http://www.amazcaom-co-jp.amazzeocn.konpakuyoumu.top,0,0,0
27,13,6,0,0,2,1,3.8282375018429553,1,0,0,0,0,0,0,0,0,0,0.0,0,0,1,0.7535806801909805,0,https://www.adobe.com/about,0,0,0
49,29,12,5,1,3,1,4.499828405684786,1,0,0,0,0,0,0,0,0,0,0.1020408163265306,0,0,1,0.6933012675235917,0,https://dev-8765rfgui.pantheonsite.io/index1.html,0,0,0
29,22,0,0,0,3,2,4.1852301329094015,0,0,0,0,0,0,0,0,1,0,0.0,0,0,1,0.915240241946651,0,http://www.neo.dosyayukle.biz,0,0,0
26,19,0,0,0,2,1,3.921029621737614,0,0,0,0,0,0,0,0,0,0,0.0,0,0,0,0.0,0,http://www.baroquetees.com,0,0,0
100,19,74,41,2,4,2,4.796014505759609,0,1,0,1,0,0,0,0,0,0,0.41,0,4,0,0.0,0,http://177.70.102.228:8070/TmpFTP/Manifesta%C3%A7%C3%A3o/Consulta/02589791000596/2024-09-29/info.zip,1,0,0
20,13,0,0,0,2,1,3.546439344671016,0,0,0,0,0,0,0,0,0,0,0.0,0,0,1,0.9438824273573728,0,http://www.imidi.org,0,0,0
63,23,33,9,0,5,1,4.602213407895301,0,0,0,0,0,0,0,0,0,0,0.1428571428571428,0,0,1,0.6581655688496773,0,http://benriyatakuto.floppy.jp/172.19.48.99/ddhl/globalsources/,0,0,0
94,14,61,10,1,3,1,4.520817277985349,0,0,0,0,0,0,0,0,0,0,0.1063829787234042,0,1,0,0.0,0,http://crm.idaman.org/app/language/norwegian/c-agricole/1bc8d3e639b6584/region.php?particulier,1,0,0
897,36,59,697,4,3,1,3.7467291842584567,0,0,0,0,0,0,0,0,0,0,0.7770345596432553,0,1,0,0.0,1,http://brocaded-entrances.000webhostapp.com/wells/wells/wellsfargo-online/security/auth/1/details.html?62726f63616465642d656e7472616e6365732e303030776562686f73746170702e636f6d-62726f63616465642d656e7472616e6365732e303030776562686f73746170702e636f6d-62726f63616465642d656e7472616e6365732e303030776562686f73746170702e636f6d62726f63616465642d656e7472616e6365732e303030776562686f73746170702e636f6d62726f63616465642d656e7472616e6365732e303030776562686f73746170702e636f6d62726f63616465642d656e7472616e6365732e303030776562686f73746170702e636f6d62726f63616465642d656e7472616e6365732e303030776562686f73746170702e636f6d62726f63616465642d656e7472616e6365732e303030776562686f73746170702e636f6d62726f63616465642d656e7472616e6365732e303030776562686f73746170702e636f6d62726f63616465642d656e7472616e6365732e303030776562686f73746170702e636f6d62726f63616465642d656e7472616e6365732e303030776562686f73746170702e636f6d,1,0,0
101,38,13,31,1,3,1,4.718503621797312,0,0,0,0,0,0,0,0,0,0,0.3069306930693069,1,2,0,0.0,0,http://fbnotification-70125206212.becoffee.co/profile.html?countuser=3d4e6f8ec33282de68d323e13484bfc9,1,0,0
61,16,38,23,1,1,0,4.647710083358124,0,0,0,0,0,0,0,0,0,0,0.3770491803278688,0,0,0,0.0,0,http://ghetto-benny.com/iccu/5faeb1405559860b0a494dc1028f2974,1,0,0
37,16,13,7,0,2,1,4.098117812148849,1,0,0,0,0,0,0,0,0,0,0.1891891891891892,0,0,0,0.0,0,https://urlhaus.abuse.ch/url/3746698/,1,0,0
58,11,40,4,0,1,0,4.5515251759755495,0,0,0,0,0,0,0,0,0,0,0.0689655172413793,0,0,0,0.0,0,http://djbraak.com/public/12ibjynmzybbouvfc2nfj3bsbfybtrlq,1,0,0
32,25,0,0,1,2,1,3.8431390622295662,0,0,0,0,0,0,0,0,0,0,0.0,0,0,1,0.8198459348314335,0,http://www.christopher-cloos.com,0,0,0
22,14,0,0,0,2,1,3.7544418457133446,1,0,0,0,0,0,0,0,0,0,0.0,0,0,1,0.861669672810092,0,https://www.github.com,0,0,0
47,21,18,0,1,2,1,4.044084203599106,1,0,0,0,0,0,0,0,0,0,0.0,0,0,0,0.0,0,https://www.claimbestdeal.com/disdis/ms-otlook/,0,0,0
74,11,28,0,0,3,0,4.3626801852897925,0,0,0,0,0,0,0,2,0,0,0.0,2,5,0,0.0,0,http://coaltur.com/mode/home/myaccount/signin/?country.x=us&locale.x=en_us,1,0,0
30,14,9,11,0,4,2,4.056564762130954,0,0,0,1,0,0,0,0,0,0,0.3666666666666666,0,0,0,0.0,0,http://75.144.208.234/info.zip,1,0,0
42,35,0,1,0,4,3,4.216506042177471,0,0,0,0,0,0,0,0,0,0,0.0238095238095238,0,0,1,0.6785876723847082,0,http://www.server1fermo.exodus.connexxa.it,0,0,0
27,20,0,0,0,2,1,3.6339740759971577,0,0,0,0,0,0,0,1,0,0,0.0,0,0,1,0.7412453227615743,0,http://www.clickchecker.net,0,0,0
31,22,1,1,0,2,1,4.106949132758152,1,0,0,0,0,0,0,0,0,0,0.032258064516129,0,0,1,0.9738994189161516,0,https://lli1ij.firebaseapp.com/,0,0,0
44,14,23,11,0,4,2,4.2693287100782,0,0,0,1,0,0,0,2,0,0,0.25,0,0,0,0.0,0,http://46.101.100.212/banks/atb/confirm.html,1,0,0
59,34,17,23,1,2,1,4.8972368546598455,1,0,0,0,0,0,0,0,0,0,0.3898305084745763,0,0,1,0.8947190559289815,0,https://q1vchyg8kx6402a8807be11.sawamis.ru/id-64121f9d37970,0,0,0
38,17,13,0,0,1,0,3.785195699615324,1,0,0,0,0,0,0,0,0,0,0.0,0,0,0,0.0,0,https://libreriatinta.com/seine/meine/,0,0,0
357,17,46,99,3,5,0,5.2834273531020495,0,0,0,0,0,0,0,1,0,0,0.2773109243697479,2,13,0,0.0,0,http://garden-chapel.org/c/48538a72bbdb3cfb0da3553495bf07ba/verify.php?country_x=-&acct_x=id-ppl=pa32438.145.79.151=scrpg=7ce876cc72530a905c21a3de26a8abaedf513d616eb2dddb0d8c18303ecdd01as=$1$nkyaggyb$gaflh/xsi8fihqunxyjoz1kxlx5mnl1qpqg0ao6cawzjbtjirdsow9sb4z8nvpyktmyfvui732fgcheehurdshn6xzske1bdgb8ar2uj3gr9wqkit7wjtold0i4qmezyaucv5offnyhxpcpvml98236999220,1,0,0
48,21,20,4,2,2,1,4.329448698502608,0,0,0,0,0,0,0,1,0,0,0.0833333333333333,0,0,0,0.0,1,http://bhaumik2002.github.io/homepage-of-netflix,1,0,0
39,17,15,21,0,6,2,3.5952446044803605,0,1,0,1,0,0,0,0,0,0,0.5384615384615384,0,0,0,0.0,0,http://120.79.229.151:81/02.08.2022.exe,1,0,0
25,17,0,0,0,2,1,3.8332696895151073,1,0,0,0,0,0,0,0,0,0,0.0,0,0,0,0.0,0,https://www.birthebuhl.dk,1,0,0
68,16,45,11,0,3,1,4.680863716371745,0,0,0,0,0,0,0,0,0,0,0.1617647058823529,0,0,0,0.0,0,http://16.mozillaph.org/img/royy/maerks/7q7e7h88viek0ijs8h7n3bcz.php,1,0,0
50,14,29,0,1,2,0,4.076245381622647,0,0,0,0,0,0,0,0,0,0,0.0,0,0,0,0.0,0,http://eventstrail.be/wp-includes/nertapp/tan.html,1,0,0
29,20,2,16,0,3,2,3.8143719431796272,0,1,0,1,0,0,0,0,0,0,0.5517241379310345,0,0,0,0.0,0,http://103.145.31.238:43096/i,1,0,0
22,15,0,0,0,3,2,3.4428621651554656,0,0,0,0,0,0,0,0,0,0,0.0,0,0,1,0.7599928841049695,0,http://www.w.zwmdv.com,0,0,0
256,17,115,27,19,1,0,4.91031509856591,1,0,0,0,0,0,0,1,0,0,0.10546875,5,14,0,0.0,1,https://appnomagazine.com/products/smartphone-samsung-galaxy-a71-128gb-4g-wi-fi-tela-6-7-dual-chip-6gb-ram-camera-quadrupla-selfie-32mp-azul?currency=brl&amp;variant=44518796362004&amp;utm_medium=cpc&amp;utm_source=google&amp;utm_campaign=google%20shopping,0,0,0
24,17,0,0,0,3,2,3.772055208874201,0,0,0,0,0,0,0,0,0,0,0.0,0,0,0,0.0,0,http://www.edarah.com.eg,0,0,0
69,10,52,0,4,1,0,4.362097015270663,0,0,0,0,0,0,0,0,1,0,0.0,0,0,0,0.0,0,http://bvnvbrt.cf/wp-admin/download-review-attached-document/docusign,1,0,0
34,25,1,1,0,2,1,4.035273502696889,1,0,0,0,0,0,0,0,0,0,0.0294117647058823,0,0,1,0.7385579739207091,0,https://yahmail7.godaddysites.com/,0,0,0
48,13,28,7,1,2,0,4.266541406655652,0,0,0,0,0,0,0,0,0,0,0.1458333333333333,0,0,0,0.0,0,http://ca-nowpay.net/sh/ca90520/bdesj/next55.php,1,0,0
95,19,60,17,5,4,1,4.726156236322835,1,0,1,0,0,0,0,0,0,0,0.1789473684210526,0,1,1,0.7384218369819859,0,https://storageapi.fleek.co/f93bbabc-c9fe-416b-9895-abc3c414d6f4-bucket/tec6/index.html#a@b.com,0,0,0
285,14,17,59,0,16,2,5.164963833068026,0,0,0,1,0,0,0,3,0,0,0.2070175438596491,5,17,0,0.0,1,http://43.153.193.223/interactivelogin?continue=https://accounts.google.com/?&xrealip=107.178.194.12&followup=https://accounts.google.com/?&xrealip=107.178.194.12&passive=1209600&xrealip=107.178.194.13&ifkv=ayzovhduwbfi8mkcjs9rfumfshy1muzpyfkzhoe_mxwooivrxox8sjhedzpyeg08xmohn1pbkj1brq,1,0,0
32,17,8,1,0,1,0,4.241729296672174,0,0,0,0,0,0,0,0,0,0,0.03125,0,0,0,0.0,0,http://crazythursofr.com/f1dpivq,1,0,0
85,37,26,7,2,3,1,4.473103436593089,0,0,0,0,0,0,0,0,0,0,0.0823529411764705,1,2,0,0.0,0,http://fantastic-living-technician.glitch.me/navyfedonlineservice.html?entity=4892463,1,0,0
35,26,1,2,0,2,1,4.28614658824991,1,0,0,0,0,0,0,0,0,0,0.0571428571428571,0,0,1,0.7549142398822929,0,https://ssd1ku1qyf.firebaseapp.com/,0,0,0
25,16,1,1,1,2,1,3.673269689515108,1,0,0,0,0,0,0,0,0,0,0.04,0,0,1,0.8602892989976458,0,https://ep-2hv.pages.dev/,0,0,0
26,18,0,0,0,2,1,3.8441065448145375,1,0,0,0,0,0,0,0,0,0,0.0,0,0,0,0.0,0,https://www.halhartley.com,1,0,0
30,11,12,3,0,1,0,3.789898095464287,0,0,0,0,0,0,0,0,0,0,0.1,0,0,0,0.0,0,http://bet988z.com/custom/home,1,0,0
59,20,31,8,0,3,1,4.346992897935945,1,0,0,0,0,0,0,0,0,0,0.135593220338983,0,4,0,0.0,0,https://wtechcomercio.com.br/Payment_receipt_12_02_2025.msi,1,0,0
17,10,0,1,0,2,1,3.4548223999466066,0,0,0,0,0,0,0,0,0,0,0.0588235294117647,0,0,1,0.9306742975737704,0,http://www.0n.org,0,0,0
52,43,1,3,2,3,2,4.318241583892492,1,0,0,0,0,0,0,0,0,0,0.0576923076923076,0,0,1,0.5482502253929882,0,https://purple-wildflower-fe6b.tx2iw2pt.workers.dev/,0,0,0
45,28,10,0,0,2,1,3.8334266411498814,0,0,0,0,0,0,0,0,1,0,0.0,0,0,0,0.0,1,http://cpcontacts.leaguemonster.top/sos/chase,1,0,0
35,28,0,0,0,2,1,4.150292659616668,0,0,0,0,0,0,0,0,0,0,0.0,0,0,0,0.0,0,http://www.ukrainianhorseriding.com,0,0,0
66,32,1,2,2,4,1,4.41223087067828,1,0,1,0,0,0,0,1,0,0,0.0303030303030303,0,1,0,0.0,0,https://email-ionos-validate19.glitch.me/#redacted@abuse.ionos.com,0,0,0
27,20,0,4,0,2,1,3.6619328723735824,0,0,0,0,0,0,0,0,0,0,0.1481481481481481,0,0,1,0.8042713719972291,0,http://www.rotaract3131.org,0,0,0
35,27,1,1,1,2,1,4.150292659616667,0,0,0,0,0,0,0,0,0,0,0.0285714285714285,0,0,0,0.0,0,http://sfgarecovery-accts3rq.rf.gd/,0,0,0
26,19,0,0,0,2,1,3.767183467891461,0,0,0,0,0,0,0,0,0,0,0.0,0,0,1,0.9890521560932566,0,http://www.cortanazone.com,0,0,0
35,26,1,4,0,2,1,4.243010159554855,1,0,0,0,0,0,0,1,0,0,0.1142857142857142,0,0,1,0.7191373477937104,0,https://malogin2022.weeblysite.com/,0,0,0
22,14,0,0,0,2,1,3.6635327548042538,1,0,0,0,0,0,0,0,0,0,0.0,0,0,0,0.0,0,https://www.sprite.com,1,0,0
37,16,13,7,0,2,1,4.044063758094795,1,0,0,0,0,0,0,0,0,0,0.1891891891891892,0,0,0,0.0,0,https://urlhaus.abuse.ch/url/3739894/,1,0,0
18,11,0,0,0,2,1,3.30827083453526,0,0,0,0,0,0,0,0,0,0,0.0,0,0,1,0.8202266934222393,0,http://www.ulsm.pt,0,0,0
29,20,1,6,0,2,1,4.021268494903765,1,0,0,0,0,0,0,0,0,0,0.2068965517241379,0,0,1,0.5379745965005371,0,https://att737728.boxmode.io/,0,0,0
34,25,2,0,1,2,1,4.043057694064253,0,0,0,0,0,0,0,0,1,0,0.0,0,0,0,0.0,0,http://ezdrivema.com-ioiakyt.top/i,1,0,0
70,21,14,0,0,3,1,4.496741145875892,0,0,0,0,0,1,0,0,0,0,0.0,1,5,0,0.0,0,http://bibirmasukparit.co.vu/info_help.php?/pages_recovery_disable=rec,1,0,0
257,25,225,47,0,5,2,4.871343210915575,0,0,0,0,0,0,0,0,0,0,0.1828793774319066,0,0,0,0.0,0,http://bjxve91mh6.5.sabina.world/.bjxve91mh6.ahr0chm6ly9vymply3rzdg9yywdllmnhlw1vbnryzwfslteub3jhy2xly2xvdwquy29tl24vyxh6dmq5btd6mm1kl2ivynvja2v0ltiwmjexmta5ltixmjbkzwvll28vnzm4mzgzn18ynv8ynv8ynv8ynv8ynv8ynv8ynv8ynv8yntg4lmh0bww/zw09amftzxnnqgtvcnrlehquy29t,1,0,0
43,34,1,4,0,5,4,4.277797824812466,1,0,0,0,0,0,0,0,0,1,0.0930232558139534,0,0,1,0.5950014937112107,0,https://iglrdho00.z28.web.core.windows.net/,0,0,0
33,19,7,15,0,4,2,4.006071013101169,0,1,0,1,0,0,0,0,0,0,0.4545454545454545,0,0,0,0.0,0,http://42.179.105.48:47189/bin.sh,1,0,0
41,13,21,10,0,4,2,3.982807419822956,0,0,0,1,0,0,0,0,0,0,0.2439024390243902,0,0,0,0.0,0,http://40.86.202.122/finance/tang/pin.php,1,0,0
24,17,0,0,1,2,1,3.772055208874201,0,0,0,0,0,0,0,0,1,0,0.0,0,0,1,0.5501358217853249,0,http://www.apps-eqlag.ml,0,0,0
28,21,0,0,1,2,1,3.994680368408909,0,0,0,0,0,1,0,0,0,0,0.0,0,0,1,0.6642092668769979,0,http://www.exodus-wallet.com,0,0,0
31,15,9,12,0,4,2,3.9377519554085865,0,0,0,1,0,0,0,0,0,0,0.3870967741935484,0,0,0,0.0,0,http://196.251.107.104/dmtx.exe,1,0,0
35,11,17,5,0,1,0,4.343289445392766,0,0,0,0,0,0,0,0,0,0,0.1428571428571428,0,0,0,0.0,0,http://discorl.com/xgcs2djt4cb2af43,1,0,0
30,21,1,1,1,2,1,4.031401845392171,1,0,0,0,0,0,0,0,0,0,0.0333333333333333,0,0,1,0.8681267548559821,0,https://t-n3.godaddysites.com/,0,0,0
63,16,40,7,2,3,1,4.564681217790536,0,0,0,0,0,0,0,0,0,0,0.1111111111111111,0,0,0,0.0,0,http://595221.selcdn.ru/qwerty-ohdhdjejnnad-najahhy/index7.html,0,0,0
27,19,0,0,0,2,1,3.8100810205217295,1,0,0,0,0,0,0,0,0,0,0.0,0,0,0,0.0,0,https://www.leslibraires.ca,1,0,0
25,18,0,0,0,2,1,3.8332696895151073,0,0,0,0,0,0,0,0,0,0,0.0,0,0,1,0.7755183698686496,0,http://www.evilsbedont.de,0,0,0
93,11,25,22,0,2,0,4.75015024718389,0,0,0,0,0,0,0,0,0,0,0.2365591397849462,2,5,0,0.0,0,http://bhvtely.com/bsh/send/ms/complete.php?&sessionid=ea63a5931ce3ee83ae90381842cd0f37&ac=26,1,0,0
30,22,0,0,0,2,1,4.189898095464288,1,0,0,0,0,0,0,0,0,0,0.0,0,0,0,0.0,0,https://www.openmediavault.org,1,0,0
42,33,1,0,0,2,1,3.990082827788735,1,0,0,0,0,0,0,0,0,0,0.0,0,0,0,0.0,0,https://stratonowactivate.firebaseapp.com/,0,0,0
55,46,1,0,0,3,2,4.035663923191117,1,0,0,0,0,0,0,0,0,0,0.0,0,0,1,0.7986490883455302,0,https://indeliblescentedroutes.sucursalvistual.repl.co/,0,0,0
75,23,45,11,0,3,1,4.640382904534434,0,0,0,0,0,0,0,0,0,0,0.1466666666666666,0,0,0,0.0,0,http://attfc.000webhostapp.com/bnkoaonl/bnkvrfq/81183e69/signonv2screen.php,1,0,0
50,19,24,1,0,2,0,4.118242691024846,0,0,0,0,0,0,0,0,0,0,0.02,0,0,0,0.0,0,http://aloneinthedark.live/attn/mygovnew/otp3.html,1,0,0
91,13,71,37,2,4,2,4.684394470646626,0,0,0,1,0,0,0,0,0,0,0.4065934065934066,0,0,0,0.0,0,http://139.59.15.134/online/cibc/254232429d776b3af3908260626913c1/ebm-mobile-app/index.html,1,0,0
99,40,1,34,0,3,2,5.008956211747172,0,0,0,0,0,0,0,0,0,0,0.3434343434343434,1,2,0,0.0,0,http://31637388402150948.newtecetiquetas.com.br/?415422092=qxv0b21vdgl2zwnvcnbvcmf0zubjb3bhcnquy29t,1,0,0
101,24,70,10,0,6,2,4.655371203043496,0,0,0,0,0,0,0,0,0,0,0.099009900990099,0,0,0,0.0,0,http://budzislaw.parafia.net.pl/images/runpayroll.adp.com/verification/68mea16mnna742n619mb/lndex.php,1,0,0
26,18,0,0,0,2,1,3.979097891134805,1,0,0,0,0,0,0,0,0,0,0.0,0,0,0,0.0,0,https://www.malindoair.com,1,0,0
37,16,13,7,0,2,1,4.098117812148849,1,0,0,0,0,0,0,0,0,0,0.1891891891891892,0,0,0,0.0,0,https://urlhaus.abuse.ch/url/3748315/,1,0,0
32,25,0,0,1,3,2,3.991729296672175,0,0,0,0,0,0,0,0,0,0,0.0,0,0,0,0.0,0,http://www.gmarket.system-ns.org,0,0,0
27,20,0,7,0,3,2,3.95822916866988,0,0,0,0,0,0,0,0,0,0,0.2592592592592592,0,0,1,0.7476205535327158,0,http://www.f0522877.xsph.ru,0,0,0
191,13,14,26,0,4,2,5.043937353347888,0,0,0,1,0,0,0,1,0,0,0.1361256544502617,2,4,0,0.0,0,http://186.75.130.46/en/signin.php?sslchannel=true&sessionid=trjwliultmu3ve9vgm9ihxbsuureh6lly4hjnb5gxzktnuouqymx6n00sse9yzuw4cqsnw8lvtpjxdnnmalsymtro80m8vtcxk4lgdhcgwwekjswunptaikyqllzheleyq,1,0,0
74,13,54,31,0,4,2,4.611102947050096,0,0,0,1,0,0,0,0,0,0,0.4189189189189189,0,0,0,0.0,0,http://139.59.15.134/online/atb/e06e1f7746ad031470f2c875c6b89fa8/last.html,1,0,0
90,20,63,17,1,2,1,4.775434630606839,0,0,0,0,0,1,0,2,0,0,0.1888888888888888,0,0,0,0.0,0,http://0efbd9f.wcomhost.com/de/banking-postbank/login/privatkunden/de/10463b5976cfd05e0991,1,0,0
29,22,0,0,0,2,1,4.116264615668023,0,0,0,0,0,0,0,0,0,0,0.0,0,0,1,0.634550490147582,0,http://www.spiritualmoney.com,0,0,0
82,25,38,11,1,4,2,4.647952396574161,0,0,0,0,0,0,0,1,0,0,0.1341463414634146,0,1,0,0.0,0,http://bank15gmai.temp.swtest.ru/c-agricole/c0d951c57ba69e7/region.php?particulier,1,0,0
49,40,1,0,2,3,2,4.207858885553014,1,0,0,0,0,0,0,1,0,0,0.0,0,0,1,0.8813272600953703,0,https://login-ourtime.media-peeoplle.workers.dev/,0,0,0
76,13,19,12,0,1,0,4.977804815904365,0,0,0,0,0,0,0,0,0,0,0.1578947368421052,2,6,0,0.0,0,http://garrapucho.es/z639g8f4h617c596g/?xav=ymlsbebhdmvsbgfulm9yzw==&qwe=sta,1,0,0
27,19,0,0,0,3,2,3.85619629821938,1,0,0,0,0,0,0,0,0,0,0.0,0,0,1,0.5982831868298888,0,https://gafas.ocuoa.repl.co,0,0,0
112,16,89,0,1,10,0,4.362017847670884,0,0,1,0,0,0,0,1,0,0,0.0,0,0,0,0.0,0,http://apostille-hk.com/css/www/global.americanexpress.com.login.en.us.noredirect.true.dest/amexm@memberinfo.com,1,0,0
21,14,0,0,0,2,1,3.784941827437642,0,0,0,0,0,0,0,0,1,0,0.0,0,0,1,0.9136632735609748,0,http://www.melodyp.ga,0,0,0
64,10,47,1,3,2,0,4.469557235905091,0,0,0,0,0,0,0,2,0,0,0.015625,0,1,0,0.0,0,http://ba-col.com/sr8uxv/validatepasswordscis=no-back-button.php,1,0,0
24,16,0,0,0,2,1,3.657268229617389,1,0,0,0,0,0,0,0,0,0,0.0,0,0,0,0.0,0,https://www.lulaland.net,1,0,0
40,31,1,0,0,2,1,4.087326145256007,1,0,0,0,0,0,0,0,0,0,0.0,0,0,1,0.9277407692364706,0,https://attserviceinfo.godaddysites.com/,0,0,0
312,14,291,2,0,1,0,4.434603965578439,0,0,0,0,0,0,0,0,0,0,0.0064102564102564,0,2,0,0.0,0,http://calimgrabs.com/timbergrey/meiney/hairy/jedd/gjhfkghfgfghfhjfghfjghjfghfhgfhghfjhdfjhjdfdf/fjghfjhguhurhgjghjfgjdhjdhghfghkfgjkdghjgljklhjkykutukhkfhgjfghdhghdgfhgegdghjdfghjhgjdgh/awztlezauhpumdpmllgprrucyserkkgpacnvmjkugratpstnhyehxkfxebxpbdjdezdmgzvdrjdxnusqtnblwrkjtymmfqbjlxqy/zgf2awrabmvtc2nvlmnvbq==,1,0,0
50,13,30,0,0,1,0,3.950435500513581,0,0,0,0,0,0,0,1,0,0,0.0,0,0,1,0.9859512409462357,0,http://bandura.cloud/accounts/ticket/torsion/pass/,0,0,0
34,27,0,0,0,3,2,3.925410635240724,0,0,0,0,0,0,0,0,0,0,0.0,0,0,1,0.5237214396772109,0,http://www.tritipyoohaa.weebly.com,0,0,0
121,26,60,5,1,4,1,4.550379582990493,0,0,0,0,0,0,0,3,0,0,0.0413223140495867,2,6,0,0.0,0,http://catalogues.beamtrading.net/login/customer_center/customer-idpp00c763/myaccount/signin/?country.x=nl&locale.x=en_nl,1,0,0
37,16,13,7,0,2,1,4.023661393171458,1,0,0,0,0,0,0,0,0,0,0.1891891891891892,0,0,0,0.0,0,https://urlhaus.abuse.ch/url/3748353/,1,0,0
34,27,0,0,0,3,2,3.866587105828959,0,0,0,0,0,0,0,0,0,0,0.0,0,0,0,0.0,0,http://www.handyman.macleannsw.com,0,0,0
217,13,39,110,0,4,2,4.67064358756384,0,0,0,1,0,0,0,2,0,0,0.5069124423963134,3,7,0,0.0,1,http://34.233.36.103/phpmyadmin/boa/bankofamerica/login.php?cmd=login_submit&id=821226788ab692772747fa3526f5df51821226788ab692772747fa3526f5df51&session=821226788ab692772747fa3526f5df51821226788ab692772747fa3526f5df51,1,0,0
107,17,83,2,1,3,0,4.135766052284559,0,0,0,0,0,0,0,0,0,0,0.0186915887850467,0,0,0,0.0,0,http://ayurvedajeevan.in/adds/covid-19/invoice/toda/index.php/js/css/css/css/css/css/assets/logs/office.txt,1,0,0
19,12,0,0,0,1,0,3.826874881864637,0,0,0,0,0,0,0,0,0,0,0.0,0,0,1,0.9674978704107228,0,http://gaincelo.com,0,0,0
81,14,60,0,0,3,0,4.185322077793727,0,0,0,0,0,0,0,1,0,0,0.0,0,2,0,0.0,0,http://djfreshtech.in/alibaba/ali/login.php/__macosx/alibaba/assets/logs/cibc.txt,1,0,0
40,33,0,0,1,3,2,4.058694969562842,0,0,0,0,0,0,0,0,0,0,0.0,0,0,1,0.6435577225115569,0,http://www.patogh-persian.persiangig.com,0,0,0
28,20,0,0,0,2,1,4.021640636343319,1,0,0,0,0,0,0,0,0,0,0.0,0,0,0,0.0,0,https://www.jeffgalloway.com,1,0,0
25,11,6,0,0,1,0,3.8332696895151073,1,0,0,0,0,0,0,0,0,0,0.0,0,0,1,0.5177963466652091,0,https://discord.com/about,0,0,0
256,17,48,120,1,1,0,4.849442196366429,0,0,0,0,0,0,0,0,0,0,0.46875,2,8,0,0.0,0,http://deregr35uender.ru/jhngbvfhbgfvc/e27573a5348440b99256bec442b1633b/?key=e27573a5348440b99256bec442b1633b&rand=19lnboxlightespn_e27573a5348440b99256bec442b1633b_d2nxbjz4nkzna2tkvefpogjx-&2d1cc93d1203f3c8f9074c6762bc97e0ecde9044c70a913b5095bab9d87639c9=,1,0,0
52,9,18,17,0,1,0,4.4960322088508855,1,0,0,0,0,0,0,0,0,0,0.3269230769230769,1,3,1,0.5553300839162101,0,https://80w19v.cn/amopewhe/campero/?_t=1678393119090,0,0,0
30,22,0,0,0,1,0,3.8444138295776114,1,0,0,0,0,0,0,0,0,0,0.0,0,0,0,0.0,0,https://qatarpostalservice.net,0,0,0
37,16,13,7,0,2,1,4.098117812148849,1,0,0,0,0,0,0,0,0,0,0.1891891891891892,0,0,0,0.0,0,https://urlhaus.abuse.ch/url/3741540/,1,0,0
50,24,19,0,1,1,0,4.061984511178707,0,0,0,0,0,0,0,0,0,0,0.0,0,0,1,0.8917716259419357,0,http://splaudioprofessional.com/wp-content/netnet/,0,0,0
95,32,56,17,0,4,1,4.637865546186997,0,0,0,0,0,0,0,0,0,0,0.1789473684210526,0,0,0,0.0,0,http://businessmail.shrishtisoftech.com/url.return/bol.westpac/9f9dc48acca4bd936b5096b1e51a5ea9,1,0,0
227,13,33,12,1,6,0,4.500313617772864,0,0,0,0,0,0,0,2,0,0,0.052863436123348,3,16,0,0.0,0,http://ariannasm.com/taxe/sco/mfaauthentication2.html?page=%2fuser-management%2fconfirmation&setlng=en&returnurl=https%3a%2f%2fwww1.scotiaonline.scotiabank.com%2fonline%2fauthentication%2fauthentication.bns%3flanguage%3denglish,1,0,0
50,15,28,2,0,2,1,4.328884070537635,0,0,0,0,0,0,0,0,0,0,0.04,0,0,0,0.0,0,http://alphablu.com.au/widenly24/onedrive/onedrive,1,0,0
52,13,32,10,0,4,2,4.193926325301912,0,0,0,1,0,0,0,1,0,0,0.1923076923076923,0,0,0,0.0,0,http://46.101.11.102/interac/banks/national/nbc.html,1,0,0
88,19,61,18,5,3,1,4.660605625813464,1,0,0,0,0,0,0,0,0,0,0.2045454545454545,0,0,0,0.0,0,https://storageapi.fleek.co/f93bbabc-c9fe-416b-9895-abc3c414d6f4-bucket/tec11/index.html,0,0,0
44,14,23,1,0,2,1,4.263313653112508,0,0,0,0,0,0,0,1,0,0,0.0227272727272727,0,0,0,0.0,1,http://ai.paygrid.com/thcxk5rb/bankofamerica,1,0,0
37,30,0,0,1,2,1,4.0671651897778585,0,0,0,0,0,0,0,1,0,0,0.0,0,0,1,0.5258070255769773,0,http://www.flashplayer-update.digital,0,0,0
85,19,13,0,0,2,0,4.580662296182124,0,0,0,0,0,1,0,0,0,0,0.0,1,4,0,0.0,0,http://conactionreport.com/dia/auth.php?md=whydphikaegxmftblqwd&whydphikaegxmftblqwd=,1,0,0
35,26,1,0,0,3,2,4.050013373778756,1,0,0,0,0,0,0,0,0,0,0.0,0,0,0,0.0,0,https://rtedmenu.carlosdja.repl.co/,0,0,0
37,16,13,7,0,2,1,4.098117812148849,1,0,0,0,0,0,0,0,0,0,0.1891891891891892,0,0,0,0.0,0,https://urlhaus.abuse.ch/url/3725844/,1,0,0
37,16,13,7,0,2,1,4.098117812148849,1,0,0,0,0,0,0,0,0,0,0.1891891891891892,0,0,0,0.0,0,https://urlhaus.abuse.ch/url/3748270/,1,0,0
48,13,28,10,0,4,2,4.418833991324551,0,0,0,1,0,0,0,0,0,0,0.2083333333333333,0,0,0,0.0,0,http://20.116.27.135/finance/tang/questions.html,1,0,0
325,25,80,24,0,4,2,5.013422093618505,0,0,0,0,0,0,0,0,0,0,0.0738461538461538,2,8,0,0.0,0,http://banqueenli.temp.swtest.ru/_notificationoperationplus/connexionespaceclientlabanquepostalefrance/error.php?hash=ndm4nta4odu0otiznw==&token=tw96awxsys81ljagkfdpbmrvd3mgtlqgni4xoybxt1c2nckgqxbwbgvxzwjlaxqvntm3ljm2ichlsfrntcwgbglrzsbhzwnrbykgq2hyb21llzm3ljaumja2mi4xmjagu2fmyxjplzuzny4znje5nc4ymdyunzcuntgymdixok9jddptyxq=,1,0,0
22,14,1,0,0,1,0,3.5383105956150054,0,0,0,0,0,0,0,0,0,0,0.0,0,0,1,0.5821018086238856,0,http://mcdcompany.com/,0,0,0
27,18,1,3,1,2,1,3.9302703722934544,1,0,0,0,0,0,0,0,0,0,0.1111111111111111,0,0,1,0.898888567628104,0,https://bakq-6ee12.web.app/,0,0,0
80,24,49,0,0,6,0,4.271562083645508,0,0,0,0,0,0,0,3,0,0,0.0,0,0,0,0.0,1,http://everythingfurnitures.com/bankofamerica.com.login.acc/signinscreen.go.html,1,0,0
26,14,5,1,0,2,1,4.026986833359286,0,0,0,0,0,0,0,0,0,0,0.0384615384615384,0,0,0,0.0,0,http://bota.page.link/ql6j,1,0,0
93,31,13,26,1,4,2,4.844288822475971,0,0,0,0,0,1,0,0,0,0,0.2795698924731182,1,2,0,0.0,0,http://fb.com-62592523.jaynerenault.co/nextvrf.html?location=755b589fbdca490e1ee4e19d02e95a4c,1,0,0
101,14,67,9,1,2,0,4.591643136724962,0,0,0,0,0,0,0,0,0,0,0.0891089108910891,0,2,0,0.0,0,http://ahsanhasan.com/agriservice/authentification/c-agricole/9d12fb08c47cf62/region.php?particulier=,1,0,0
34,25,1,6,1,2,1,4.208806871223068,1,0,0,0,0,0,0,0,0,0,0.1764705882352941,0,0,1,0.517626606329067,0,https://att-101135.weeblysite.com/,0,0,0
40,33,0,6,0,2,1,4.434183719779188,0,0,0,0,0,0,0,0,0,0,0.15,0,0,1,0.7164347595500551,0,http://www.1rd3im7z7o0zyhrdjlhsu0wej.net,0,0,0
24,15,1,1,1,2,1,3.938721875540868,1,0,0,0,0,0,0,0,0,0,0.0416666666666666,0,0,1,0.7931425746784684,0,https://hdf-8uj.web.app/,0,0,0
21,13,1,10,0,3,2,3.4273334938982645,0,0,0,1,0,0,0,0,0,0,0.4761904761904761,0,0,0,0.0,0,http://81.19.136.232/,0,0,0
31,22,1,4,0,2,1,4.220167681284828,1,0,0,0,0,0,0,0,0,0,0.1290322580645161,0,0,1,0.5811106095645775,0,https://attmail6578.weebly.com/,0,0,0
126,12,48,38,0,5,2,4.843092015225824,0,0,0,1,0,0,0,0,0,0,0.3015873015873015,1,3,0,0.0,0,"http://34.65.39.168/pj/device/inicio/04/aplicationtoken4_webapp.php?brazil=12,14,06,pm,149,5,05,000000,30,12,2019,thursday.dll",1,0,0
53,44,1,0,1,2,1,4.084950522117467,1,0,0,0,0,0,0,0,0,0,0.0,0,0,0,0.0,0,https://dev-protegercuentahomeitaupy.pantheonsite.io/,0,0,0
220,44,10,101,5,2,0,4.750129670607231,1,0,0,0,0,0,0,2,0,0,0.4590909090909091,3,7,1,0.6833334705101531,0,https://acount-management-and-update-of-security.com/step3.htm?cmd=login_submit&id=d311f4695e348c958a4235262c8440a9d311f4695e348c958a4235262c8440a9&session=d311f4695e348c958a4235262c8440a9d311f4695e348c958a4235262c8440a9,0,0,0
57,27,12,3,0,3,1,4.544715944599465,0,0,0,0,0,0,0,1,0,0,0.0526315789473684,1,2,0,0.0,0,http://cibc.accessclientcard01.com/verify.aspx?pid=s6wpuw,1,0,0
101,40,1,35,0,3,2,5.045498276102075,0,0,0,0,0,0,0,0,0,0,0.3465346534653465,1,2,0,0.0,0,http://988707752851196.graficaaoquadrado.com.br/?614808179232746=anjvdhr3zwxsqhbsdw1izxjzz3jvdxauy29t,1,0,0
29,22,0,0,0,2,1,3.866433150225384,0,0,0,0,0,0,0,0,0,0,0.0,0,0,1,0.934018962305614,0,http://www.refinanceworth.com,0,0,0
27,20,0,0,0,2,1,3.633974075997157,0,0,0,0,0,0,0,0,0,0,0.0,0,0,0,0.0,0,http://www.ddstennessee.com,0,0,0
25,11,6,0,0,1,0,4.053660689688185,1,0,0,0,0,0,0,1,0,0,0.0,0,0,1,0.9088703959699564,0,https://netflix.com/about,0,0,0
91,33,50,23,2,3,1,4.818533382914172,1,0,0,0,0,0,0,0,0,0,0.2527472527472527,0,1,0,0.0,0,https://www-pushpayments-com.usrfiles.com/html/0e472f_4d9b2a88f72eb4191a8eb158b004ca1f.html,0,0,0
68,20,41,9,1,3,0,4.506581137039052,0,0,0,0,0,0,0,1,0,0,0.1323529411764706,0,0,0,0.0,0,http://bsmart-solutions.com/securedpdf.pdf/6d40b0db434d3db9/sync.php,1,0,0
37,16,13,7,0,2,1,3.969607339117404,1,0,0,0,0,0,0,0,0,0,0.1891891891891892,0,0,0,0.0,0,https://urlhaus.abuse.ch/url/3666110/,1,0,0
26,19,0,0,0,2,1,4.026986833359286,0,0,0,0,0,0,0,0,0,0,0.0,0,0,0,0.0,0,http://www.longvoyages.com,0,0,0
38,18,13,1,2,2,0,4.10293343438235,0,0,0,0,0,0,0,0,1,0,0.0263157894736842,0,0,0,0.0,0,http://base-panelllk-6.ml/navy/que.php,1,0,0
28,20,0,0,0,2,1,4.039148671903071,1,0,0,0,0,0,0,0,0,0,0.0,0,0,0,0.0,0,https://www.jademountain.com,1,0,0
150,26,21,53,2,3,1,4.9084282785045685,0,0,0,0,0,0,0,1,0,0,0.3533333333333333,3,7,0,0.0,0,http://giffgaff.pds2-secure4m.com/payment-details6.php?&uri=f46408d958094b87d63180b5cf496798&sessionid=897694fc5b08136d78b490859d80464f&securessl=true,1,0,0
22,15,0,4,1,2,1,3.879664004902593,0,0,0,0,0,0,0,0,1,0,0.1818181818181818,0,0,0,0.0,0,http://www.bax-2021.cf,0,0,0
22,15,0,0,0,2,1,3.8230679822736593,0,0,0,0,0,0,0,0,0,0,0.0,0,0,1,0.9891783259740164,0,http://www.zjqyslw.com,0,0,0
49,30,12,0,0,4,2,4.277775660353434,0,0,0,0,0,0,0,2,0,0,0.0,0,0,0,0.0,0,http://bankofamercaonlineas.zz.com.ve/logines.php,1,0,0
24,17,0,0,0,2,1,3.886842188131012,0,0,0,0,0,0,0,0,0,0,0.0,0,0,1,0.6025107743581922,0,http://www.serviciar.com,0,0,0
94,30,45,20,2,3,1,4.844564123788855,0,0,0,0,0,0,0,0,0,0,0.2127659574468085,0,2,0,0.0,0,http://cd31983-wordpress-6r8jk.tw1.ru/credit%20agricole/0e03e7b44fe0555/region.php?particulier,1,0,0
102,18,77,1,4,2,0,4.087542589933708,0,0,0,0,0,0,0,1,0,0,0.0098039215686274,0,0,0,0.0,0,http://atelje-arhitekt.hr/confirmation/interac-online-2/interac-online/directing/atb/atb/complete.html,1,0,0
25,18,0,0,0,2,1,3.7834651896016473,0,0,0,0,0,0,0,0,1,0,0.0,0,0,1,0.6194742330214726,0,http://www.beemail.online,0,0,0
27,20,0,0,2,3,2,3.8100810205217313,0,0,0,0,0,0,0,0,0,0,0.0,0,0,1,0.7976418331186116,0,http://www.c-d-t.weebly.com,0,0,0
83,74,1,7,0,3,2,4.58564779405751,1,0,0,0,0,0,0,0,0,0,0.0843373493975903,0,0,1,0.7706989758296627,0,https://bafybeigwsnmeedwt6kjw4wjv5sivqnslebw3jaweo4eof4ll7egeteqaom.ipfs.dweb.link/,0,0,0
232,38,31,38,0,6,5,5.136406362332453,0,0,0,0,0,1,0,1,0,1,0.1637931034482758,1,2,0,0.0,1,http://142.97.199.35.bc.googleusercontent.com/atualizacao/sinbc/home/v5/ass/?auth=jzn2oicph6ddefg9lmtcvcklxq6c1nit8c3zadpycxuxle79rzufw98hqj6jesgdjc5mrdkyusgd7ykeesgvbhebl1sw7xxisge9dp2bez7zp8igmoco0hkk37ws7ysmpe3dhfxiq7ath0kxlppdvv,1,0,0
90,16,46,25,2,3,1,4.633939059650989,0,0,0,0,0,0,0,0,0,0,0.2777777777777778,1,2,0,0.0,0,http://a0631021.xsph.ru/agri-cash/cah-koff/938802aa9d2ba0b/region.php?auth=938802aa9d2ba0b,1,0,0
31,15,9,0,0,1,0,3.5019527617206205,0,0,0,0,0,0,0,0,1,0,0.0,0,0,0,0.0,0,http://atthaphithan.tk/ex/excel,1,0,0
257,17,31,35,1,2,0,5.137070102902491,0,0,0,0,0,0,0,0,0,0,0.1361867704280155,0,2,0,0.0,1,http://casey-haeling.org/chasenew22/chasenew22/acct.php?&zh8b2pzpvf0vaxkcv5yifgokxryoxvrm8fekl9ufozhbonzxnu8hnj8lrwvjhb4yhfwbfjlicc3qvmlcdpofdepgp7y7aftu7duzn2ac1n0fom6ilb3orlkkxivyyudb4qxuiyxfeta9be9d1nb8rcmykzn0ygmttzhucvcaornkc0ejcz19sprn7nwjao1wd2gjsmq0,1,0,0
38,22,8,4,0,2,1,4.326360407952695,1,0,0,0,0,0,0,1,0,0,0.1052631578947368,0,0,0,0.0,1,https://akanksha3012.github.io/netflix,0,0,0
65,18,21,1,0,2,0,4.317844928113513,0,0,1,0,0,0,0,0,0,0,0.0153846153846153,1,2,0,0.0,0,http://adhyayanmantra.org/incl/we/tr/an/sf/er/?x1=amfis@amfis.com,1,0,0
25,14,4,11,0,3,2,3.673269689515108,0,0,0,1,0,0,0,0,0,0,0.44,0,0,0,0.0,0,http://209.141.49.251/dss,1,0,0
47,12,28,4,0,1,0,4.118760267520956,0,0,0,0,0,0,0,0,0,0,0.0851063829787234,0,1,0,0.0,0,http://cineprise.in/nwestdri/dwn/rswmltm&rn7125,1,0,0
46,38,1,0,1,2,1,4.05651970702736,0,0,0,0,0,0,0,0,0,0,0.0,0,0,1,0.767150205115265,0,http://dev-ebancaficotransfer.pantheonsite.io/,0,0,0
27,19,0,0,0,2,1,3.958229168669879,1,0,0,0,0,0,0,0,0,0,0.0,0,0,0,0.0,0,https://www.milchundmehr.de,1,0,0
91,29,13,25,1,4,2,4.884467448848241,0,0,0,0,0,0,0,0,0,0,0.2747252747252747,1,2,0,0.0,0,http://fbook.com-21688891.mrubens.mx/nextvrf.html?location=82667eb44cfb0ad7776aba06db70dcf5,1,0,0
51,17,27,0,0,2,0,4.145478224698413,0,0,0,0,0,0,0,0,1,0,0.0,0,0,0,0.0,0,http://arcemaquinaria.cf/cgibin/docusigni/phone.php,1,0,0
70,11,52,5,0,1,0,4.635778196316618,0,0,0,0,0,0,0,0,0,0,0.0714285714285714,0,2,0,0.0,0,http://dedcare.com/dee/new/css/5bj52z/bgphbmd1bgfabxrucgxhaw5zlmnvbq==,1,0,0
75,29,4,2,0,2,0,4.4621054443089765,0,0,1,0,0,0,0,0,0,0,0.0266666666666666,1,3,0,0.0,0,http://advancedinteriorsaviation.com/oax?2w_0=sales@advancedflowsystems.com,1,0,0
73,16,50,12,1,3,1,4.562863518188124,0,0,0,0,0,0,0,1,0,0,0.1643835616438356,0,1,0,0.0,0,http://a0662288.xsph.ru/org/customer_center/customer-idpp00c398/login.php,1,0,0
94,32,13,25,1,3,1,4.87891625215942,0,0,0,0,0,0,0,0,0,0,0.2659574468085106,1,2,0,0.0,0,http://fbcous-39582957.alfalschools.com/nextvrf.html?location=bbef10f736a411ad6d2c4395efef886e,1,0,0
34,26,0,0,0,2,1,3.797042165340716,1,0,0,0,0,1,0,0,0,0,0.0,0,0,0,0.0,0,https://www.ecolenormalecortot.com,1,0,0
56,47,1,18,4,3,2,4.541393261529372,1,0,0,0,0,0,0,0,0,0,0.3214285714285714,0,0,1,0.9696232938350454,0,https://7895bcde-fd6b-44e7-9e5c-5417a0ed038b.id.repl.co/,0,0,0
37,16,13,7,0,2,1,4.098117812148849,1,0,0,0,0,0,0,0,0,0,0.1891891891891892,0,0,0,0.0,0,https://urlhaus.abuse.ch/url/3715043/,1,0,0
45,19,19,9,0,2,1,4.55909379741774,0,0,0,0,0,0,0,1,0,0,0.2,0,0,0,0.0,0,http://c1770209.ferozo.com/login/postal/b53dd,1,0,0
40,8,25,4,0,1,0,4.362814895472355,0,0,0,0,0,0,0,0,0,0,0.1,0,1,0,0.0,0,http://bytec.cl/drive/dwn/rswmltm&rn3615,1,0,0
60,20,33,6,0,2,1,4.639572261986722,0,0,0,0,0,0,0,0,0,0,0.1,0,1,0,0.0,0,http://davidskeycamp.com.ua/p2y9zjembd1ljmk9zlrcmji5mza1znk=,1,0,0
86,21,58,7,0,5,2,4.523722484264325,0,0,0,0,0,0,0,0,0,0,0.0813953488372093,0,2,0,0.0,0,http://bmn.dmv.mybluehost.me/.website_531441f5/pagomente/pagomente/recibir_paquete.php,1,0,0
25,17,0,0,0,2,1,3.973660689688185,1,0,0,0,0,0,0,0,0,0,0.0,0,0,0,0.0,0,https://www.unleashcb.com,1,0,0
36,28,1,0,2,2,1,4.0514621540398,0,0,0,0,0,0,0,0,0,0,0.0,0,0,0,0.0,0,http://airbnb-clone-lime.vercel.app/,1,0,0
27,20,0,0,0,3,2,3.615817594675933,0,0,0,0,0,0,0,0,0,0,0.0,0,0,1,0.5675801720453517,0,http://www.lalao.welco.live,0,0,0
33,24,1,0,0,2,1,4.165013816065913,1,0,0,0,0,0,0,0,0,0,0.0,0,0,0,0.0,0,https://amazingboxes.netlify.app/,0,0,0
229,18,55,55,3,3,0,4.933366108987452,0,0,1,0,0,0,0,0,0,0,0.2401746724890829,5,12,0,0.0,0,http://ariana-poshesh.com/wp-content/total/framework/3rd-party/just/76/error.php?client_id=680720855&response_type=89cffb89fcd053888afa9c02f6e8bfe1&email=yklee78@korea.kr&scope=openid&lob=89cffb89fcd053888afa9c02f6e8bfe1680720855,1,0,0
25,18,0,2,0,3,2,3.733660689688185,0,0,0,0,0,0,0,0,0,0,0.08,0,0,0,0.0,0,http://www.code.yqw88.com,0,0,0
24,17,0,0,1,2,1,3.772055208874201,0,0,0,0,0,0,0,0,0,0,0.0,0,0,1,0.5007546030950858,0,http://www.cat-school.ru,0,0,0
34,27,0,0,0,2,1,3.925410635240724,0,0,0,0,0,0,0,0,0,0,0.0,0,0,1,0.826178045316158,0,http://www.arcticbreathcompany.com,0,0,0
91,29,13,30,1,4,2,4.923320268115163,0,0,0,0,0,0,0,0,0,0,0.3296703296703296,1,2,0,0.0,0,http://fbook.com-28433719.mrubens.mx/nextvrf.html?location=2c2b9629e875df00f381091ee24c85c8,1,0,0
25,18,0,0,0,2,1,3.813660689688184,0,0,0,0,0,0,0,0,0,0,0.0,0,0,1,0.7984648748503751,0,http://www.darnstitch.com,0,0,0
111,16,51,10,1,4,0,4.786243600963389,0,0,0,0,0,0,0,0,0,0,0.09009009009009,2,5,0,0.0,0,http://bralandabadet.se/imgwfn/verification/2c6e84abe7nb5n42d5m2/index.php?country.x=us-united+states&lang.x=en,1,0,0
32,10,14,1,0,4,1,4.015319531114783,1,0,0,0,0,0,0,0,0,0,0.03125,0,0,1,0.938458669804476,0,https://er4u.co.in/dk/www.dkb.de,0,0,0
70,15,48,32,0,3,2,4.4433791816828965,0,0,0,1,0,0,0,0,0,0,0.4571428571428571,0,0,0,0.0,0,http://178.128.123.129/online/simplii/ef9a2ba93710290e9ef774c277bf59a5,1,0,0
81,11,31,28,1,1,0,4.760759535687906,1,0,0,0,0,0,0,0,0,0,0.345679012345679,1,4,0,0.0,0,https://pswezu.cyou/gwof8nyu/bancocontinental-v2w/?_t=1675283522828#1675283523886,0,0,0
20,13,0,0,0,2,1,3.546439344671015,0,0,0,0,0,0,0,0,0,0,0.0,0,0,0,0.0,0,http://www.pautz.org,0,0,0
20,13,0,0,0,2,1,3.303701696057348,0,0,0,0,0,0,0,0,1,0,0.0,0,0,0,0.0,0,http://www.qwartw.ml,0,0,0
141,17,49,29,0,5,0,5.036368467332342,0,0,0,0,0,0,0,0,0,0,0.2056737588652482,1,8,0,0.0,0,http://castilloibanez.cl/contents/sharepoint/7xrgk1cchagkchnyy33ijv2q.php?rand=13inboxlightaspxn.1774256418&fid&1252899642&fid.1&fav.1&email=,1,0,0
123,12,48,37,0,5,2,4.8429962078966495,0,0,0,1,0,0,0,0,0,0,0.3008130081300813,1,3,0,0.0,0,"http://34.65.39.168/pj/device/inicio/05/aplicationtoken2_webapp.php?brazil=02,18,29,am,145,5,05,000000,26,2,2019,sunday.dll",1,0,0
43,22,14,0,0,1,0,3.882531256850847,0,0,0,0,0,0,0,1,0,0,0.0,0,0,0,0.0,0,http://atendiementonubank.com/nubankcliente,1,0,0
41,32,1,12,2,2,1,4.366596139176847,1,0,0,0,0,0,0,0,0,0,0.2926829268292683,0,0,1,0.6183036356400397,0,https://att-108088-102472.weeblysite.com/,0,0,0
40,31,1,0,1,2,1,4.025070520364181,1,0,0,0,0,0,0,0,0,0,0.0,0,0,0,0.0,0,https://federation-popo.firebaseapp.com/,0,0,0
28,20,0,0,0,3,2,3.9407598325400897,1,0,0,0,0,0,0,0,0,0,0.0,0,0,0,0.0,0,https://www.chennai.aevt.org,1,0,0
35,28,0,0,0,3,2,3.8972997175517152,0,0,0,0,0,0,0,0,0,0,0.0,0,0,1,0.6028179334791218,0,http://www.wpvn.softsolutionbox.net,0,0,0
309,63,58,70,3,11,5,5.259782896353204,0,0,0,0,0,0,0,2,0,1,0.2265372168284789,4,12,0,0.0,0,http://607a75f3.ithemeshosting.com.php73-40.lan3-1.websitetestlink.com/webapps/1c7d2286314c73199a50c29914006b8d/signinsecure.php?country.x=fr&locale.x=fr_fr&customer.x=id-pa$1$aiuxc0ze$w77banqj8fwe.7sukmnfo/&safety=pwaccbhrix39a3q39gf42ts7e29sli1oduf2x8fzyomqgzuaabn1eb889rwt0eb6fbecpnf17e3kjyahj34vlkd5v7md5c,1,0,0
39,18,14,0,2,2,1,4.252974975106085,0,0,0,0,0,0,0,1,0,0,0.0,0,0,0,0.0,1,http://anas-m-p.github.io/facebookclone,1,0,0
30,21,1,6,0,2,1,4.32323142879762,1,0,0,0,0,0,0,0,0,0,0.2,0,0,1,0.6754769532882228,0,https://nkum985678.vercel.app/,0,0,0
47,32,8,0,0,2,1,3.9867040756837855,0,0,0,0,0,0,0,0,0,0,0.0,0,0,1,0.7156409303397337,0,http://www.staticmemoriesphotography.ca/telstra,0,0,0
24,17,0,0,0,2,1,3.688721875540867,0,0,0,0,0,0,0,0,0,0,0.0,0,0,0,0.0,0,http://www.svenahrens.nl,0,0,0
52,28,17,1,1,4,2,4.279780045430952,0,0,0,0,0,0,0,0,0,0,0.0192307692307692,0,0,0,0.0,0,http://frangroup.web3d-studio.co.il/dhl/dhl/info.php,1,0,0
74,11,56,7,0,1,0,4.540884117826186,0,0,0,0,0,0,0,0,0,0,0.0945945945945946,0,0,0,0.0,0,http://dedcare.com/dee/new/css/quqtlz/am9uyxroyw4uymfycm9uqgtsz2f0zxmuy29t,1,0,0
48,39,1,2,4,3,2,4.054047012067739,1,0,0,0,0,0,0,0,0,0,0.0416666666666666,0,0,1,0.8946570767525706,0,https://n7rys-ziaaa-aaaad-qexiq-cai.raw.ic0.app/,0,0,0
46,39,0,1,3,4,3,4.221946673862942,0,0,0,0,0,0,0,0,0,0,0.0217391304347826,0,0,1,0.923684846152043,0,http://www.jab.oss-ap-southeast-1.aliyuncs.com,0,0,0
89,19,10,14,0,3,0,4.806684695640733,0,0,0,0,0,0,0,0,0,0,0.1573033707865168,2,8,0,0.0,0,http://adiraneazkuenaga.es/cn/en.php?email=&fid=1&fid=4&rand=13inboxlightaspxn.1774256418,1,0,0
56,47,1,25,4,3,2,4.5595995116839045,1,0,0,0,0,0,0,0,0,0,0.4464285714285714,0,0,1,0.6238619400940466,0,https://972c6713-36ef-41ad-93a9-03021d543189.id.repl.co/,0,0,0
28,21,0,0,2,2,1,3.878783493486176,0,0,0,0,0,0,0,0,0,0,0.0,0,0,0,0.0,0,http://www.test-brew-inc.com,0,0,0
26,18,0,0,0,2,1,3.8731406795131327,1,0,0,0,0,0,0,0,0,0,0.0,0,0,0,0.0,0,https://www.pasunautre.com,1,0,0
24,17,0,0,0,3,2,3.490601562950723,0,0,0,0,0,0,0,0,0,0,0.0,0,0,0,0.0,0,http://www.vnn.dinhk.net,0,0,0
32,25,0,6,0,3,2,4.116729296672174,0,0,0,0,0,0,0,0,1,0,0.1875,0,0,0,0.0,0,http://www.api091901.camerac.xyz,0,0,0
26,19,0,3,0,2,1,4.209867121904034,0,0,0,0,0,0,0,0,0,0,0.1153846153846153,0,0,1,0.8517113796595004,0,http://www.jiazheng369.com,0,0,0
28,20,0,0,0,2,1,3.7979026896829473,1,0,0,0,0,0,0,0,0,0,0.0,0,0,0,0.0,0,https://www.christymoore.com,1,0,0
65,18,40,3,0,2,1,4.597700752503412,0,0,0,0,0,0,0,0,0,0,0.0461538461538461,0,0,0,0.0,0,http://demo.netrategy.com/public/qpihowxnhhhswwt7zwpxzy3rxjza3pyg,1,0,0
89,29,53,5,4,4,1,4.59120787576537,0,0,0,0,0,0,0,1,0,0,0.0561797752808988,0,0,0,0.0,0,http://amercnbofausa.webcindario.com/of-america-signonv2screen-1im2y1nja-update3.php.html,1,0,0
84,15,62,7,0,2,0,4.383755079502079,0,0,0,0,0,0,0,0,0,0,0.0833333333333333,0,1,0,0.0,0,http://binapertiwi.com/training/51819/online/authentication/security%20question.html,1,0,0
94,31,13,26,2,3,1,4.858872400043605,0,0,0,0,0,0,0,0,0,0,0.2765957446808511,1,2,0,0.0,0,http://disable-fb-8545768672.gekoma.hr/profile.html?countuser=cb13ffbdddab1143866d6aca85747ba7,1,0,0
33,24,1,8,0,2,1,4.2107645737727895,1,0,0,0,0,0,0,0,0,0,0.2424242424242424,0,0,1,0.9565597778872256,0,https://business01872961.web.app/,0,0,0
99,90,1,33,0,3,2,4.6098675753398295,1,0,0,0,0,0,0,1,0,0,0.3333333333333333,0,0,0,0.0,1,https://officeonedrives2e38ea393a11eb94bd1bc533816b19052e38ea3b19052e38.filemicrosoft1.workers.dev/,0,0,0
22,14,0,0,0,2,1,3.533771256064556,1,0,0,0,0,0,0,0,0,0,0.0,0,0,0,0.0,0,https://www.itnwwe.com,1,0,0
39,32,0,5,2,3,2,4.1604200911461655,0,0,0,0,0,1,0,0,0,0,0.1282051282051282,0,0,1,0.8370283439542556,0,http://www.play-store-51182.appspot.com,0,0,0
113,15,76,7,1,2,1,4.7716742330919,1,0,0,0,0,0,0,1,0,0,0.0619469026548672,1,6,1,0.6227171018807427,0,https://docs.google.com/forms/d/e/1faipqlsdnega_6c_pz9_q9ep9epm4iwqfsrxqsnaz-j9dyldimaoocg/viewform?usp=send_form,0,0,0
29,18,4,0,0,1,0,3.857306856898128,0,0,0,0,0,0,0,0,0,0,0.0,0,0,0,0.0,0,http://esolutionsguru.com/sms,1,0,0
33,13,13,10,0,4,2,4.173033892020167,0,0,0,1,0,0,0,0,0,0,0.303030303030303,0,0,0,0.0,0,http://130.12.180.64/bins/curl.sh,1,0,0
76,25,27,9,0,4,2,4.522157572705803,0,0,0,0,0,0,0,1,0,0,0.1184210526315789,0,3,0,0.0,0,http://coyixi6143.temp.swtest.ru/pp/46986/homepage/card.php?update_your_card,1,0,0
62,26,28,18,2,2,1,4.706066020302133,1,0,0,0,0,0,0,0,1,0,0.2903225806451613,0,0,1,0.64147319883021,0,https://vinted-pl-gj32d.bioxyn.top/processing/1673439760393740,0,0,0
33,21,5,0,0,3,2,3.937444876540853,0,0,0,0,0,0,0,0,0,0,0.0,0,0,0,0.0,0,http://server.mikompa.sch.id/mips,1,0,0
32,25,0,0,0,3,2,4.069548827786958,0,0,0,0,0,0,0,0,0,0,0.0,0,0,1,0.7628116966000783,0,http://www.support.livemymsn.com,0,0,0
23,16,0,0,0,2,1,3.882045108136863,0,0,0,0,0,0,0,0,0,0,0.0,0,0,1,0.9097571265653752,0,http://www.birajman.com,0,0,0
98,20,71,17,1,2,1,4.702328631007021,0,0,0,0,0,1,0,2,0,0,0.173469387755102,0,0,0,0.0,0,http://0efbd9f.wcomhost.com/de/banking-postbank/login/privatkunden/de/032c20076066ab0338ab/clients,1,0,0
67,12,48,1,4,3,0,4.362522541391838,0,0,0,0,0,0,0,0,0,0,0.0149253731343283,0,0,0,0.0,0,http://ewmar-pl.com/admirals-general-trading-download.com/surf2.php,1,0,0
92,24,34,22,1,1,0,4.942671364793709,0,0,0,0,0,0,0,0,0,0,0.2391304347826087,1,4,0,0.0,0,http://espace-creditagricole.fr/10c2c160454e59dcbd42c7d9a248e7f0/?n=txpnmk9esxlnakv5tvrjpq==,1,0,0
47,15,25,13,0,3,2,4.20599144773606,0,0,0,1,0,0,0,0,0,0,0.2765957446808511,0,0,0,0.0,0,http://128.199.168.125/1/online/cibc/validation,1,0,0
34,25,1,6,1,2,1,4.432619826353562,1,0,0,0,0,0,0,0,0,0,0.1764705882352941,0,0,1,0.9323988885233307,0,https://aol-102759.weeblysite.com/,0,0,0
31,24,0,0,0,2,1,3.80871969734407,0,0,0,0,0,0,0,0,0,0,0.0,0,0,1,0.5145174872772676,0,http://www.swiftlogisticseg.com,0,0,0
183,17,91,52,2,3,1,5.004774855194727,0,0,0,0,0,0,0,2,0,0,0.2841530054644808,3,6,0,0.0,0,http://galerasbar.com.br/wp-content/plugins/zendesk-request/as/office366/90b424eff6447d083fa12e78f41b7ca8/login.php?websrc=59c275dc2e97dd3b896ed4ff2b82a8fd&dispatched=92&id=8301469911,1,0,0
33,25,0,0,1,2,1,3.957294029027326,1,0,0,0,0,0,0,0,0,0,0.0,0,0,0,0.0,0,https://www.smart-prototyping.com,1,0,0
29,22,0,0,0,2,1,4.237291339955158,0,0,0,0,0,0,0,0,0,0,0.0,0,0,1,0.5077301380744933,0,http://mwoupciybs.duckdns.org,0,0,0
48,41,0,21,0,2,1,4.269974678246912,0,0,0,0,0,0,0,0,1,0,0.4375,0,0,0,0.0,0,http://www.l31248f23b41c84024c8fbcbc8615edb87.ws,0,0,0
28,20,0,0,0,2,1,3.753434386188785,1,0,0,0,0,0,0,0,0,0,0.0,0,0,0,0.0,0,https://www.secrethitler.com,1,0,0
189,15,129,37,0,2,1,5.199655210045001,0,0,0,0,0,0,0,0,0,0,0.1957671957671957,1,4,0,0.0,0,http://alkautsar.or.id/data/journal/ik/of1/5ryuhn6zl8cj3vk4swt92mi1d7bgq0oapxfe2l8rxhmod0jacfqt1un3zw59yegbk4p6sv7i0a8z9ugvykwp24e6cfnr3lbdqmjo15shixt7?data=c2ltb24uc21pdghaagvua2vslmnvbq==,1,0,0
37,16,13,7,0,2,1,3.990009704040741,1,0,0,0,0,0,0,0,0,0,0.1891891891891892,0,0,0,0.0,0,https://urlhaus.abuse.ch/url/3748384/,1,0,0
34,27,0,0,0,2,1,4.079678649882975,0,0,0,0,0,0,0,0,0,0,0.0,0,0,1,0.6524816059125171,0,http://www.precisionmechanical.org,0,0,0
23,16,0,0,0,2,1,3.969001629875993,0,0,0,0,0,0,0,0,0,0,0.0,0,0,1,0.927034841925443,0,http://www.bbsindex.com,0,0,0
56,12,36,6,2,2,1,4.418525680793009,1,0,0,0,0,0,0,0,0,0,0.1071428571428571,0,0,1,0.8177409657452969,0,https://docs.revv.so/m/untitled-document-o28gu6elt2ld53g,0,0,0
31,23,0,0,0,2,1,4.195816471537619,1,0,0,0,0,0,0,0,0,0,0.0,0,0,0,0.0,0,https://www.decibelmagazine.com,1,0,0
33,26,0,0,0,3,2,4.1272831343132905,0,0,0,0,0,0,0,0,0,0,0.0,0,0,1,0.5577887548501568,0,http://www.share.jobsadvanced.com,0,0,0
20,12,0,0,0,2,1,3.621928094887362,1,0,0,0,0,0,0,0,0,0,0.0,0,0,0,0.0,0,https://www.nwbc.gov,1,0,0
30,23,0,0,0,2,1,3.923231428797621,0,0,0,0,0,0,0,0,0,0,0.0,0,0,1,0.7425233926596357,0,http://www.mbsinfosolution.com,0,0,0
26,10,8,0,0,1,0,3.8252517372886503,1,0,0,0,0,0,0,0,0,0,0.0,0,0,1,0.7678704758741393,0,https://kdbfbd.com/credem/,0,0,0
28,19,1,0,0,3,2,3.8693312611115194,1,0,0,0,0,0,0,0,0,0,0.0,0,0,1,0.613382268249385,0,https://bilin.servs.repl.co/,0,0,0
30,22,1,6,1,2,1,4.0280729963885085,0,0,0,0,0,0,0,0,1,0,0.2,0,0,1,0.7837803197306876,0,http://att-108784.square.site/,0,0,0
40,16,13,2,0,2,1,4.103701696057347,1,0,0,0,0,0,0,1,0,0,0.05,0,1,1,0.5227880915571055,0,https://sites.google.com/view/ptss18/?dn,0,0,0
20,13,0,4,0,2,1,3.6841837197791887,0,0,0,0,0,0,0,0,1,0,0.2,0,0,1,0.5318120118517473,0,http://www.7713.info,0,0,0
27,19,0,0,0,2,1,3.958229168669879,1,0,0,0,0,0,0,0,0,0,0.0,0,0,0,0.0,0,https://www.joedimaggio.com,1,0,0
28,20,0,0,0,2,1,3.923251796980337,1,0,0,0,0,0,0,0,0,0,0.0,0,0,0,0.0,0,https://www.consueloblog.com,1,0,0
62,36,19,4,1,2,1,4.534210826236749,0,0,0,0,0,0,0,0,0,0,0.064516129032258,0,0,0,0.0,0,http://facinorous-spindle.000webhostapp.com/centurylink/ab9ddb,1,0,0
27,20,0,1,1,2,1,4.180451390892102,0,0,0,0,0,0,0,1,1,0,0.037037037037037,0,0,0,0.0,0,http://www.update-srv2.info,0,0,0
22,15,0,0,0,2,1,3.732158891364569,0,0,0,0,0,0,0,0,0,0,0.0,0,0,1,0.5117095269971024,0,http://www.rkkdlaw.com,0,0,0
54,36,10,0,2,4,3,4.071668002356412,1,0,0,0,0,0,0,1,1,0,0.0,0,0,0,0.0,0,https://www.amaczon-co-jp.amazccn.ikkccz.top/ap/signin,0,0,0
37,16,13,7,0,2,1,3.990009704040741,1,0,0,0,0,0,0,0,0,0,0.1891891891891892,0,0,0,0.0,0,https://urlhaus.abuse.ch/url/3658865/,1,0,0
43,35,1,0,1,2,1,4.213730673599362,0,0,0,0,0,0,0,1,0,0,0.0,0,0,0,0.0,0,http://coinabasepr-ologin.godaddysites.com/,0,0,0
25,18,0,0,0,3,2,3.7034651896016464,0,0,0,0,0,0,0,0,0,0,0.0,0,0,1,0.5708477072348428,0,http://www.lkj.welco.live,0,0,0
25,17,0,0,0,2,1,3.863465189601646,1,0,0,0,0,0,0,0,0,0,0.0,0,0,0,0.0,0,https://www.fleaglass.com,1,0,0
19,11,0,0,0,2,1,3.366091329119192,1,0,0,0,0,0,0,0,0,0,0.0,0,0,0,0.0,0,https://www.cspv.hu,1,0,0
48,39,1,17,0,2,1,4.308208073322319,1,0,0,0,0,0,0,0,0,0,0.3541666666666667,0,0,1,0.6077616765479297,0,https://caseid10051341651511536.firebaseapp.com/,0,0,0
27,20,0,7,0,3,2,3.930270372293455,0,0,0,0,0,0,0,0,0,0,0.2592592592592592,0,0,1,0.6214749610573336,0,http://www.f0540908.xsph.ru,0,0,0
29,22,0,0,0,2,1,4.073329701949522,0,0,0,0,0,0,0,0,0,0,0.0,0,0,0,0.0,0,http://www.mongolianforex.com,0,0,0
35,26,1,0,1,4,3,4.014438730983426,1,0,0,0,0,1,0,0,1,0,0.0,0,0,1,0.9361095039546328,0,https://www.eki-net.com.evvfol.top/,0,0,0
24,17,0,0,0,2,1,3.886842188131012,0,0,0,0,0,0,0,0,0,0,0.0,0,0,1,0.7554627430921783,0,http://www.fourcanal.com,0,0,0
39,20,12,6,0,2,1,4.060416641661804,0,0,0,0,0,1,0,0,0,0,0.1538461538461538,0,0,0,0.0,0,http://06334f5.wcomhost.com/espace/home,1,0,0
20,13,0,2,0,1,0,3.7841837197791888,0,0,0,0,0,0,0,0,0,0,0.1,0,0,0,0.0,0,http://tazanews18.in,0,0,0
144,22,91,5,1,4,1,4.544784849739729,0,0,0,0,0,1,0,3,0,0,0.0347222222222222,1,8,0,0.0,0,http://archiaid.rongerhat.com/modules/mod_easyshop_cart/ssl/update/customer_center/customer-idpp00c279/myaccount/signin/?country.x=&locale.x=en_,1,0,0
34,25,1,6,1,2,1,4.373796296941798,1,0,0,0,0,0,0,0,0,0,0.1764705882352941,0,0,0,0.0,0,https://aol-104702.weeblysite.com/,0,0,0
97,19,48,1,0,3,1,4.27105397419597,0,0,1,0,0,0,0,1,1,0,0.0103092783505154,1,2,0,0.0,0,http://7clouds.vrdp.online/vendor/phpunit/phpunit/src/util/php/post/china/?login=info@constab.com,1,0,0
94,31,13,31,2,3,1,4.885089351604351,0,0,0,0,0,0,0,0,0,0,0.3297872340425531,1,2,0,0.0,0,http://disable-fb-4989853496.gekoma.hr/profile.html?countuser=89833aac899bb9566f1f1807c2b59ff1,1,0,0
72,25,1,8,1,2,1,4.773461981386975,0,0,0,0,0,0,0,0,0,0,0.1111111111111111,1,3,0,0.0,0,http://aztecsupply.cre0c-cum.com/?email=a2z1bgxlckbhenrly3n1chbses5jb20=,1,0,0
22,14,0,0,0,2,1,3.879664004902593,1,0,0,0,0,0,0,0,0,0,0.0,0,0,0,0.0,0,https://www.avinoil.gr,1,0,0
36,14,15,13,0,4,2,4.260067015271104,0,0,0,1,0,0,0,0,0,0,0.3611111111111111,0,0,0,0.0,0,http://176.97.210.242/busybox/0.arm6,1,0,0
27,20,0,7,0,3,2,4.032303242743954,0,0,0,0,0,0,0,0,0,0,0.2592592592592592,0,0,1,0.741546472854197,0,http://www.f0719334.xsph.ru,0,0,0
46,11,27,11,0,1,0,4.466405641207215,1,0,0,0,0,0,0,0,0,0,0.2391304347826087,0,0,0,0.0,0,https://alburhan.in/whidhet/8b35f281ce3a95b57/,0,0,0
198,17,47,64,3,7,0,5.099986069934302,0,0,0,0,0,0,0,1,0,0,0.3232323232323232,2,12,0,0.0,0,http://garden-chapel.org/c/4a1da008a3531da1f213291301627a03/confirm.php?country.x=-&reasoncode=04188.166.98.249=codes_list=oam-2=b8fbb365146434fd3b4c5cb7c880d63fs=$1$c4frxlhs$d2thaibkyw2xtyamf1gk3.1,1,0,0
97,36,1,35,0,3,2,5.038849151439069,0,0,0,0,0,0,0,0,0,0,0.3608247422680412,1,2,0,0.0,0,http://464470523493722.kitlanchesisa.com.br/?223198443867709=ymlmzkbiyw5uzxjzdg9uzwnhcgl0ywwuy29t,1,0,0
22,14,1,6,0,2,1,3.845350936622435,0,0,0,0,0,0,0,0,0,0,0.2727272727272727,0,0,1,0.7061297171749052,0,http://cg99384.tw1.ru/,0,0,0
23,16,0,0,0,2,1,3.762267390651495,0,0,0,0,0,0,0,0,0,0,0.0,0,0,1,0.618622210302002,0,http://www.partners.com,0,0,0
25,18,0,0,0,2,1,3.973660689688185,0,0,0,0,0,0,0,0,0,0,0.0,0,0,1,0.7038935796084593,0,http://www.uzdarakchi.com,0,0,0
41,25,8,1,1,2,1,3.945983639229616,1,0,0,0,0,0,0,0,0,0,0.024390243902439,0,0,1,0.8089913410582599,0,https://swishspiegel6.wixsite.com/my-site,0,0,0
139,12,17,4,2,2,0,4.577771538766059,0,0,0,0,0,0,0,0,0,0,0.0287769784172661,2,5,0,0.0,0,http://dtlvbuzz.com/tom/firstlog.php?public/enroll/identifyuser-aspx-lob=rbglogon=mzuwmzi3ntczmzuwmzi3ntcz&session=mzuwmzi3ntczmzuwmzi3ntcz,1,0,0
27,20,0,0,0,2,1,3.8100810205217313,0,0,0,0,0,0,0,0,0,0,0.0,0,0,0,0.0,0,http://www.kirtiagarwal.com,0,0,0
22,13,1,0,0,1,0,3.663532754804254,1,0,0,0,0,0,0,0,0,0,0.0,0,0,1,0.5045263507964188,0,https://hhdiamond.com/,0,0,0
85,21,57,3,0,4,0,4.249935598592081,0,0,0,0,0,0,0,1,0,0,0.0352941176470588,0,0,0,0.0,0,http://douglasjohnston09.com/images/user1/secured/alibaba.com/alibaba.com/alibaba.com,1,0,0
24,16,0,0,0,2,1,3.688721875540868,1,0,0,0,0,0,0,0,0,0,0.0,0,0,0,0.0,0,https://www.shopyego.com,1,0,0
33,15,11,13,0,4,2,3.6195592706113664,0,0,0,1,0,0,0,0,0,0,0.3939393939393939,0,0,0,0.0,0,http://185.189.151.128/step1.html,1,0,0
44,24,12,0,0,3,1,3.9108187666505336,1,0,0,0,0,0,0,0,0,0,0.0,0,0,0,0.0,0,https://subulussalamkota.desa.id/wallets.php,0,0,0
80,48,25,4,3,3,2,4.629024590419385,0,0,0,0,0,0,0,0,0,0,0.05,0,0,0,0.0,0,http://barsolburshiphile-fd9738.ingress-erytho.ewp.live/wp-content/plugins/hkkxc,1,0,0
26,13,6,1,1,1,0,3.950063756436209,0,0,0,0,0,0,0,0,0,0,0.0384615384615384,0,0,0,0.0,0,http://flnd-my.cloud/un9fu,1,0,0
48,41,0,17,0,2,1,4.297995052579129,0,0,0,0,0,0,0,0,1,0,0.3541666666666667,0,0,1,0.62995653771048,0,http://www.ne1832dad0ab08cdd6fb12133e2fc35f8a.ws,0,0,0
31,24,0,0,0,3,2,4.042433003725894,0,0,0,0,0,0,0,0,0,0,0.0,0,0,0,0.0,0,http://www.job.jobsadvanced.com,0,0,0
39,32,0,0,1,3,2,4.12426856462778,0,0,0,0,0,0,0,0,0,0,0.0,0,0,1,0.6775441130664641,0,http://www.helpdesk.hotmail-onlines.com,0,0,0
21,12,2,0,0,1,0,3.748994803525096,0,0,0,0,0,0,0,0,1,0,0.0,0,0,0,0.0,0,http://ezdrivby.top/i,1,0,0
50,31,12,0,0,6,4,4.001076880026371,0,0,0,0,0,0,0,0,1,1,0.0,0,0,1,0.8235771656180411,0,http://www.saisaocard.co.jp.bscneo.top/ai/sign.php,0,1,7
20,13,0,0,0,2,1,3.5841837197791886,0,0,0,0,0,0,0,0,0,0,0.0,0,0,1,0.6958394158581644,0,http://www.search.gp,0,0,0
31,23,1,7,0,2,1,4.1313003425053605,0,0,0,0,0,0,0,1,1,0,0.2258064516129032,0,0,0,0.0,0,http://optl9651734.hostfree.pw/,0,0,0
39,14,18,3,0,2,1,4.301696373308395,0,0,0,0,0,0,0,0,0,0,0.0769230769230769,0,1,0,0.0,0,http://57vd9.app.link/business_proposal,1,0,0
389,18,58,45,1,2,0,4.764227920290753,0,0,0,0,0,0,0,1,1,0,0.1156812339331619,1,3,0,0.0,0,http://foreversflying.xyz/logs/cmd-login=70197106b366dc855e301cb9c01e014f/login.php?src=dluzdluzhnmndblb2rzadluzhnmnddblb2rzatrpzwprmzbka2przwtjamtkignuzmk0bmzpbtrpzwprmzbka2przwtjamtkignuzmk0bmzpbhnmndblb2rzatrdluzhnmndblb2rzatrpzwprmzbka2przwtjamtkignuzmk0bmzpbpzwprmzbka2przwtjamtkignuzmk0bmzpbzwppzxdpb2u5ndluzhnmndblb2rzatrpzwprmzbka2przwtjamtkignuzmk0bmzpb25ja29uc2nrigtjigtqihzqaybj,1,0,0
73,26,40,5,0,2,1,4.74064031310165,0,0,0,0,0,0,0,0,0,0,0.0684931506849315,0,0,0,0.0,0,http://delivery.imaginedbyjess.co/public/heshyefjp5dlktcq4smo9tg7c2xoqeik,1,0,0
115,46,13,27,5,4,2,4.849923644262567,1,0,0,0,0,0,0,0,0,0,0.2347826086956521,1,3,1,0.5861980799797084,0,https://supporto-web-clienti.66-29-151-141.cprapid.com/it/index.php?&amp;sessionid=9d30164cdeb61a4caaff2d044a3fd599,0,0,0
25,18,0,2,0,3,2,3.5434651896016462,0,0,0,0,0,0,0,0,0,0,0.08,0,0,1,0.6037425442934403,0,http://www.25hh.opcwq.com,0,0,0
20,11,1,1,0,1,0,3.484183719779189,1,0,0,0,0,0,0,0,1,0,0.05,0,0,0,0.0,0,https://etcsda2.top/,0,0,0
33,26,0,6,1,4,3,4.028946391954607,0,0,0,0,0,0,0,0,0,0,0.1818181818181818,0,0,0,0.0,0,http://www.h63302.srv4.test-hf.ru,0,0,0
39,18,14,2,1,2,1,4.355539077670186,0,0,0,0,0,0,0,1,0,0,0.0512820512820512,0,0,0,0.0,1,http://ayushc29.github.io/netflix-clone,1,0,0
37,16,13,7,0,2,1,3.969607339117404,1,0,0,0,0,0,0,0,0,0,0.1891891891891892,0,0,0,0.0,0,https://urlhaus.abuse.ch/url/3711315/,1,0,0
57,19,31,4,0,2,0,4.532206409122326,0,0,0,0,0,0,0,0,0,0,0.0701754385964912,0,0,0,0.0,0,http://culturalsavant.buzz/jchambers663/drive1/office.php,1,0,0
88,16,65,10,2,3,1,4.518884391699703,0,0,0,0,0,0,0,1,0,0,0.1136363636363636,0,2,0,0.0,0,http://cb15212.tmweb.ru/cgi-bin/cc/org_new/customer_center/customer-idpp00c529/login.php,1,0,0
20,13,0,0,0,2,1,3.6841837197791887,0,0,0,0,0,0,0,0,1,0,0.0,0,0,0,0.0,0,http://www.zelmar.ga,0,0,0
49,40,1,10,2,3,2,4.670533058268466,1,0,0,0,0,0,0,0,0,0,0.2040816326530612,0,0,1,0.7831201175686049,0,https://maile-folder-56c6.yah1787445.workers.dev/,0,0,0
39,16,16,13,1,2,1,4.323613116187199,0,0,0,0,0,0,0,0,0,0,0.3333333333333333,0,2,0,0.0,0,http://a0565383.xsph.ru/bp22%20-%20copy,1,0,0
43,22,14,0,1,2,1,4.120707417785408,0,0,0,0,0,0,0,1,0,0,0.0,0,0,0,0.0,1,http://bahetiaditya.github.io/netflix-clone,1,0,0
48,10,31,2,0,3,0,4.1811275426950285,0,0,0,0,0,0,0,0,0,0,0.0416666666666666,0,1,0,0.0,0,http://cotsys.com/dk/wechat_3.7/wechat/index.php,1,0,0
30,23,0,0,0,2,1,3.8695767463163935,0,0,0,0,0,0,0,0,0,0,0.0,0,0,1,0.5803866179375934,0,http://www.windowscredcity.com,0,0,0
95,11,77,13,2,3,2,4.835013503589108,0,0,0,1,0,0,0,0,0,0,0.1368421052631579,0,0,0,0.0,0,http://52.7.212.71/mua/user/scis/j6unvhzsitlyrxstpnfun4tssjgejkn7dldp6fxsjfxo/3d/no-back-button,1,0,0
33,26,0,0,0,2,1,3.945464952495108,0,0,0,0,0,0,0,0,0,0,0.0,0,0,1,0.5251169996838394,0,http://www.coinbasewalletones.com,0,0,0
49,40,1,5,3,2,1,4.319119161352677,1,0,0,0,0,0,0,0,0,0,0.1020408163265306,0,0,1,0.5061433323586997,0,https://fb-business-appeal-21855.firebaseapp.com/,0,0,0
22,15,0,0,0,2,1,3.51602764126623,0,0,0,0,0,0,0,0,1,0,0.0,0,0,0,0.0,0,http://www.otyfuwyb.cf,0,0,0
39,31,0,0,1,2,1,4.111698692943856,1,0,0,0,0,0,0,0,0,0,0.0,0,0,1,0.8930547228815898,0,https://www.consultoria-empresarial.net,0,0,0
38,31,0,0,0,2,1,4.115834092163221,0,0,0,0,0,0,0,0,0,0,0.0,0,0,1,0.9260589968788516,0,http://www.lodgespringseniorliving.com,0,0,0
89,26,13,26,1,3,1,5.011936453721058,0,0,0,0,0,0,0,0,0,0,0.2921348314606741,1,2,0,0.0,0,http://content-z1k7sxmrvd.unnf.pk/profile.html?countuser=a134688cb7469cd25e047a51496d7279,1,0,0
74,14,53,1,0,6,0,4.128448676500449,0,0,0,0,0,0,0,1,0,0,0.0135135135135135,0,0,0,0.0,0,http://djfreshtech.in/alibaba/ali/login.php/invoice.php.zip/login.php4.zip,1,0,0
28,19,2,15,0,3,2,3.753434386188785,0,1,0,1,0,0,0,0,0,0,0.5357142857142857,0,0,0,0.0,0,http://76.72.238.134:51433/i,1,0,0
27,18,1,1,0,2,1,4.032303242743953,1,0,0,0,0,0,0,0,0,0,0.037037037037037,0,0,1,0.8831829285705203,0,https://lj2qud.webwave.dev/,0,0,0
25,18,0,0,0,2,1,3.813660689688184,0,0,0,0,0,1,0,0,0,0,0.0,0,0,1,0.9000912763710969,0,http://www.primtalent.com,0,0,0
22,15,0,0,0,2,1,3.663532754804254,0,0,0,0,0,0,0,0,1,0,0.0,0,0,1,0.5439445194640783,0,http://www.irdivarr.cf,0,0,0
47,16,24,7,0,2,1,4.562478415867198,0,0,0,0,0,0,0,0,0,0,0.1489361702127659,0,1,0,0.0,0,http://a0422729.xsph.ru/_mascox/inyoni/ingulube,1,0,0
85,38,40,3,0,4,3,4.622174430276113,0,0,0,0,0,0,0,0,0,0,0.0352941176470588,0,0,0,0.0,0,http://delivery.attempt.failure.feedmybot.net/public/jv22dtilufhqgqw6rmqsdpkteqowxqvj,1,0,0
23,15,0,0,0,2,1,3.468576629687865,1,0,0,0,0,0,0,0,0,0,0.0,0,0,0,0.0,0,https://www.prophon.org,1,0,0
89,16,59,33,0,3,1,4.834303067039525,1,0,0,0,0,0,0,1,0,0,0.3707865168539326,0,2,1,0.5741878272030421,1,https://s3.amazonaws.com/appforest_uf/f1673944116739x674220593610304100/index2.html?email,0,0,0
32,12,13,9,0,3,2,3.8164280318460246,0,0,0,1,0,0,0,0,0,0,0.28125,0,0,0,0.0,0,http://52.229.69.22/finance/tang,1,0,0
117,16,94,1,2,2,0,4.400426834458072,0,0,0,0,0,0,0,3,0,0,0.0085470085470085,0,0,0,0.0,1,http://fernando-ros.com/wp-admin/js/bankofamerica/account/tologin/summary/index/onlinebanking/bankofamerica/next3.php,1,0,0
24,16,1,0,2,1,0,3.8239348962840567,0,0,0,0,0,0,0,0,0,0,0.0,0,0,1,0.9470211167970208,0,http://usp-zip-error.cn/,0,0,0
37,16,13,7,0,2,1,4.044063758094795,1,0,0,0,0,0,0,0,0,0,0.1891891891891892,0,0,0,0.0,0,https://urlhaus.abuse.ch/url/3743271/,1,0,0
36,29,0,0,0,2,1,3.972163460365541,0,0,0,0,0,0,0,0,0,0,0.0,0,0,1,0.542618546261082,0,http://www.terrariaserverhosting.com,0,0,0
25,17,0,0,0,2,1,3.9434651896016457,1,0,0,0,0,0,0,0,0,0,0.0,0,0,0,0.0,0,https://www.justyolie.com,1,0,0
25,18,0,0,0,2,1,3.673269689515108,0,0,0,0,0,1,0,0,0,0,0.0,0,0,1,0.6191273892815312,0,http://www.nofeeshost.com,0,0,0
19,10,1,0,0,1,0,3.6421498816369033,1,0,0,0,0,1,0,0,0,0,0.0,0,0,1,0.6821416238569101,0,https://reddit.com/,0,0,0
41,21,12,13,0,4,2,4.405855662943599,1,0,0,0,0,0,0,0,0,0,0.3170731707317073,0,0,1,0.9787211878486572,0,https://018894.664165.repl.co/index1.html,0,0,0
29,22,0,0,0,3,2,3.952302977662386,0,0,0,0,0,0,0,0,0,0,0.0,0,0,0,0.0,0,http://www.lw.purpledaily.com,0,0,0
28,12,9,11,0,4,2,3.896291529045928,0,0,0,1,0,0,0,0,0,0,0.3928571428571428,0,0,0,0.0,0,http://91.92.241.59/bizy.x64,1,0,0
62,25,30,0,4,2,1,4.310431745899214,0,0,0,0,0,0,0,2,0,0,0.0,0,0,0,0.0,1,http://droid-janderson.github.io/replica-pagina-login-facebook,1,0,0
23,15,0,0,0,2,1,3.708132064658602,1,0,0,0,0,0,0,0,0,0,0.0,0,0,1,0.9596599272278324,0,https://www.shopify.com,0,0,0
32,12,13,9,0,3,2,4.116729296672174,0,0,0,1,0,0,0,0,0,0,0.28125,0,0,0,0.0,0,http://20.104.67.81/finance/tang,1,0,0
37,16,13,7,0,2,1,4.044063758094795,1,0,0,0,0,0,0,0,0,0,0.1891891891891892,0,0,0,0.0,0,https://urlhaus.abuse.ch/url/3709190/,1,0,0
75,12,56,10,0,6,2,4.503176317128389,0,0,0,1,0,0,0,1,0,0,0.1333333333333333,0,0,0,0.0,0,http://217.8.117.39/telus/directing/www2.scotiaonline.scotiabank.com/mobile,1,0,0
22,15,0,3,0,2,1,3.879664004902593,0,0,0,0,0,0,0,0,1,0,0.1363636363636363,0,0,1,0.8218020597978848,0,http://www.eblaq021.ml,0,0,0
21,14,0,2,0,2,1,3.463280517810811,0,0,0,0,0,0,0,0,0,0,0.0952380952380952,0,0,1,0.5512668595566652,0,http://www.66dmdm.com,0,0,0
155,33,47,43,0,3,1,4.879810133919194,0,0,0,0,0,0,0,1,0,0,0.2774193548387096,3,6,0,0.0,0,http://amex.paypaserviceverification.com/verification/c9256c9e1a953mdm11bc/qestions.php?websrc=b120cb4616a2bb25a3489a0c7d1d483b&dispatched=80&id=4141162565,1,0,0
93,16,42,28,1,3,1,4.594793086576009,0,0,0,0,0,0,0,0,0,0,0.3010752688172043,1,2,0,0.0,0,http://a0671114.xsph.ru/agric/k-en/off/38c7a85ac8ee857/region.php?auth=38c7a85ac8ee857/f1eb38,1,0,0
23,16,0,3,0,2,1,3.762267390651495,0,0,0,0,0,0,0,0,1,0,0.1304347826086956,0,0,1,0.6055529560632248,0,http://www.party346.xyz,0,0,0
54,29,18,4,0,2,1,4.26528450405704,0,0,0,0,0,0,0,0,0,0,0.074074074074074,0,0,0,0.0,0,http://escolanauticasetemares.com.br/sg/novascot/874f4,1,0,0
68,28,23,10,0,2,1,4.454586923020083,1,0,0,0,0,0,0,1,0,0,0.1470588235294117,1,2,1,0.5450163567554276,0,https://nvidia1651665403.zendesk.com/access/unauthenticated?theme=hc,0,0,0
23,16,0,0,0,2,1,3.2946635862096048,0,0,0,0,0,0,0,0,0,0,0.0,0,0,1,0.5587218713791868,0,http://www.ccfnttto.net,0,0,0
56,24,25,0,0,2,0,4.230339477795561,0,0,0,0,0,0,0,0,0,0,0.0,0,0,1,0.7172827283145415,0,http://terminatorsvideogame.com/u/mygovnew/personal.html,0,0,0
53,24,22,2,1,3,1,4.3055793605018,0,0,0,0,0,0,0,0,0,0,0.0377358490566037,0,0,0,0.0,0,http://game19.flash-myanmar.com/hiddenbin/boatnet.arm,1,0,0
19,12,0,0,0,1,0,3.681880802803401,0,0,0,0,0,0,0,0,0,0,0.0,0,0,1,0.9967499689928152,0,http://getdrop.live,0,0,0
188,17,38,75,0,2,0,4.60170030553763,0,0,0,0,0,0,0,0,0,0,0.3989361702127659,0,1,0,0.0,0,http://alejandravita.com/bruteforce/tabas/log/sycho/index.html?96a5648ef9b0b72a1dc182bb696a5648ef9b0b72a1dc182bb696a5648ef9b0b72a1dc182bb696a5648ef9b0b72a1dc182bb696a5648ef9b0b72a1dc182bb6,1,0,0
35,26,1,0,0,2,1,4.079143374026009,1,0,0,0,0,0,0,0,0,0,0.0,0,0,1,0.5755796086748022,0,https://attmailbservice.weebly.com/,0,0,0
63,13,43,0,0,4,0,4.127353932325561,0,0,0,0,0,0,0,1,0,0,0.0,0,0,0,0.0,0,http://etransbel.com/directing/www.atbonline.com/atb/login.html,1,0,0
99,26,66,24,2,1,0,4.649001948884547,0,0,0,0,0,0,0,0,0,0,0.2424242424242424,0,2,0,0.0,0,http://clt-ameli-assurance.center/auth_connection/27c22ecf01b9a4f02677790b52123435/portails_clients,1,0,0
66,30,29,7,1,3,2,4.638424611487679,0,0,0,0,0,0,0,0,0,0,0.106060606060606,0,1,0,0.0,0,http://fieb.fund-flow.falabandana.com/y2h1y2tadghlcm1vdgvtcc5jb20=,1,0,0
22,15,0,0,0,2,1,3.697845823084412,0,0,0,0,0,0,0,0,0,0,0.0,0,0,0,0.0,0,http://www.flapcon.com,0,0,0
95,35,14,29,1,3,1,4.736917225494544,0,0,0,0,0,0,0,0,0,0,0.3052631578947368,1,2,0,0.0,0,http://craigslistorg-55617838.kahulasup.ch/apprevert.php?toapp=f474e13736a5d82e40fd7e3a5c183e75,1,0,0
57,35,14,1,0,4,2,4.168085575751037,1,0,0,0,0,0,0,0,0,0,0.0175438596491228,0,0,1,0.5122744368926515,0,https://sweetflippantaddin.rgystre3.repl.co/des/index.php,0,0,0
28,9,12,6,0,1,0,4.06610893983748,0,0,0,0,0,0,0,0,1,0,0.2142857142857142,0,0,0,0.0,0,http://alaxan.gq/921934/luno,1,0,0
92,16,68,39,0,3,1,4.775907951692755,1,0,0,0,0,0,0,1,0,0,0.4239130434782608,0,4,1,0.9864460696956994,1,https://s3.amazonaws.com/appforest_uf/f1678949673383x832048620362898600/index%20%284%29.html,0,0,0
25,10,8,1,0,1,0,3.993269689515107,0,0,0,0,0,0,0,0,1,0,0.04,0,0,0,0.0,0,http://angela5.tk/maryjoe,1,0,0
30,22,0,0,0,2,1,4.031401845392171,1,0,0,0,0,0,0,0,0,0,0.0,0,0,0,0.0,0,https://www.ikarussecurity.com,1,0,0
222,19,147,53,3,3,1,5.109222364170265,0,0,0,0,0,0,0,0,0,0,0.2387387387387387,1,9,0,0.0,0,http://blogdownload.web.id/~gntcncum/d/h/l/ex-press/document-/=46d37d3ffe90b3e56482e0726a2ff729cad88d5916aeb3e4a2a1d3c8889afd000dffdd18fe1509450bde3c1eebdef4be/tracking2.php?l=_jehfuq_vjoxk0qwhtogydw_product-userid&userid=,1,0,0
29,21,0,0,0,2,1,3.9093680639438855,1,0,0,0,0,0,0,0,0,0,0.0,0,0,0,0.0,0,https://www.lolitabikinis.com,1,0,0
22,14,0,0,0,3,2,3.629219686524096,1,0,0,0,0,0,0,0,0,0,0.0,0,0,0,0.0,0,https://www.mlt.org.im,1,0,0
25,18,0,0,0,3,2,3.9434651896016457,0,0,0,0,0,0,0,0,0,0,0.0,0,0,1,0.9093041715230352,0,http://www.efklm.urlfb.co,0,0,0
28,21,0,0,0,2,1,3.5930692077718893,0,0,0,0,0,0,0,0,0,0,0.0,0,0,1,0.7541141036527872,0,http://www.nowautomation.com,0,0,0
41,18,15,15,0,4,2,4.210733711724087,1,1,0,1,0,0,0,0,0,0,0.3658536585365853,0,0,0,0.0,0,https://220.245.153.6:8443/sda1/Photo.scr,1,0,0
21,13,0,0,0,1,0,3.7849418274376414,1,0,0,0,0,0,0,0,0,0,0.0,0,0,1,0.879545194771356,0,https://instagram.com,0,0,0
52,43,1,6,1,2,1,4.437963939453697,1,0,0,0,0,0,0,0,0,0,0.1153846153846153,0,0,0,0.0,0,https://documentation004-service012.firebaseapp.com/,0,0,0
67,32,28,14,1,3,1,4.661415549585313,0,0,0,0,0,0,0,0,0,0,0.208955223880597,0,1,0,0.0,0,http://awrheu6483dyu8.000webhostapp.com/ymail%20page/0147-wadho.php,1,0,0
34,19,8,0,0,2,1,4.006436738245531,0,0,0,0,0,0,0,1,0,0,0.0,0,0,0,0.0,1,http://bhumiheda.github.io/netflix,1,0,0
199,47,52,74,1,6,1,4.89605819959157,0,0,0,0,0,0,0,2,0,0,0.371859296482412,1,4,0,0.0,1,http://anmeldenamazon-gesperrteskontoentsperren.aba.vg/amazonde/7ce59755f7f0894892500ea2525966c1/card.html?id=update_rlod?'.25b5ed4939c239620d43fbb72ea5600d.d2216307e65788a83aaf78089dc029ca9b66041e.',1,0,0
25,18,0,0,0,2,1,3.733660689688185,0,0,0,0,0,0,0,0,0,0,0.0,0,0,0,0.0,0,http://www.getmalware.com,0,0,0
37,16,13,7,0,2,1,4.098117812148849,1,0,0,0,0,0,0,0,0,0,0.1891891891891892,0,0,0,0.0,0,https://urlhaus.abuse.ch/url/3747901/,1,0,0
109,14,88,5,2,2,0,4.476260188619412,0,0,0,0,0,0,0,2,0,0,0.0458715596330275,0,2,0,0.0,0,http://alldadeair.com/.well-known/review/account_support/customer_center/customer-idpp00c722/myaccount/signin,1,0,0
27,20,0,0,0,2,1,4.032303242743954,0,0,0,0,0,0,0,0,0,0,0.0,0,0,1,0.6059099643109104,0,http://www.summerlively.com,0,0,0
37,29,1,14,0,2,1,4.12907043451984,0,0,0,0,0,0,0,1,0,0,0.3783783783783784,0,0,1,0.5190642862586805,0,http://verifysup02218115112022.rf.gd/,0,0,0
34,19,8,0,0,2,1,4.160704752887782,0,0,0,0,0,0,0,1,0,0,0.0,0,0,0,0.0,1,http://badoowski.github.io/netflix,1,0,0
93,11,43,32,0,2,0,4.952889526455649,0,0,0,0,0,0,0,0,0,0,0.3440860215053763,1,2,0,0.0,0,http://garhold.net/d550216af6333c3ef7ccded988557b49/index.php?mpzihjek10414380198=mcud3haumsi,1,0,0
37,16,13,7,0,2,1,3.969607339117404,1,0,0,0,0,0,0,0,0,0,0.1891891891891892,0,0,0,0.0,0,https://urlhaus.abuse.ch/url/3747637/,1,0,0
26,19,0,0,0,2,1,3.873140679513132,0,0,0,0,0,0,0,0,0,0,0.0,0,0,1,0.8929747296490043,0,http://www.hoslergroup.com,0,0,0
23,15,0,0,0,1,0,3.795088586397733,1,0,0,0,0,0,0,0,0,0,0.0,0,0,1,0.9799713667057228,0,https://tripadvisor.com,0,0,0
40,18,15,22,0,6,2,3.775070520364181,0,1,0,1,0,0,0,0,0,0,0.55,0,0,0,0.0,0,http://34.169.71.114:4041/02.08.2022.exe,1,0,0
24,16,0,0,0,2,1,4.053508854797679,1,0,0,0,0,0,0,0,0,0,0.0,0,0,0,0.0,0,https://www.mayfield.com,1,0,0
43,16,20,4,0,2,0,4.1710515349105375,0,0,0,0,0,0,0,0,0,0,0.0930232558139534,0,0,0,0.0,0,http://esautodealer.com/de8623b/wallet.html,1,0,0
28,20,0,0,0,3,2,3.842370993177109,1,0,0,0,0,0,0,0,0,0,0.0,0,0,0,0.0,0,https://www.fedscope.opm.gov,1,0,0
215,35,91,41,3,3,1,4.915194341575674,0,0,0,0,0,0,0,1,0,0,0.1906976744186046,0,24,0,0.0,0,http://algal-instructors.000webhostapp.com/suntrust-vbp/suntrust-vbp/online/login/dataa/6r2gfb6sfh6b14s6w546bh541tsw64b1hsw1/1/1.html?%3c%3fphp_echo_%24negara_%24z_%24anon_%24x_%24isma_%24z_%24nama_negara%3b_%3f%3e=,1,0,0
21,14,0,0,0,2,1,3.6537567082870006,0,0,0,0,0,0,0,0,0,0,0.0,0,0,0,0.0,0,http://www.nextman.dk,0,0,0
44,21,15,4,1,2,1,4.49887110712615,1,0,0,0,0,0,0,1,0,0,0.0909090909090909,0,0,1,0.5854409678223877,1,https://eklavya1105.github.io/netflix-clone/,0,0,0
31,23,0,0,1,2,1,4.0022680844408445,1,0,0,0,0,0,0,0,1,0,0.0,0,0,0,0.0,0,https://www.chmsgroup-access.ml,0,0,0
27,20,0,0,0,2,1,4.060262039120378,0,0,0,0,0,0,0,0,0,0,0.0,0,0,0,0.0,0,http://www.segundojornal.us,0,0,0
106,14,85,16,2,3,2,4.896269719483754,0,0,0,1,0,0,0,1,0,0,0.1509433962264151,0,0,0,0.0,0,http://18.219.172.119/mua/validatemail/scis/j6unvhzsitlyrxstpnfun4tssjgejkn7dldp6fxsjfxo/3d/no-back-button,1,0,0
91,29,13,32,1,4,2,4.928423492804283,0,0,0,0,0,0,0,0,0,0,0.3516483516483517,1,2,0,0.0,0,http://fbook.com-65387863.mrubens.mx/nextvrf.html?location=01b2f93ea4e10e121837a9050a694167,1,0,0
58,28,22,2,0,2,0,4.295408745419112,1,0,0,0,0,0,0,0,0,0,0.0344827586206896,0,0,0,0.0,0,https://unitedmartialartscenters.com/at0/mygov/index2.html,0,0,0
29,22,0,0,0,2,1,3.9093680639438846,0,0,0,0,0,0,0,0,0,0,0.0,0,0,1,0.7270753348824446,0,http://www.avozdecamacari.com,0,0,0
36,27,1,6,1,2,1,4.287301737252941,1,0,0,0,0,0,0,0,0,0,0.1666666666666666,0,0,1,0.5436915175217653,0,https://yahoo-106181.weeblysite.com/,0,0,0
76,31,1,33,0,3,2,4.742405928905275,0,0,0,0,0,0,0,0,0,0,0.4342105263157895,1,2,0,0.0,0,http://184324024474261.cocopasa.com.mx/?205397629188688=cgxlyxnay2fkzxmuy29t,1,0,0
34,26,0,0,0,4,3,4.079678649882975,1,0,0,0,0,0,0,0,0,0,0.0,0,0,0,0.0,0,https://www.mountgambier.sa.gov.au,1,0,0
24,16,0,0,0,2,1,3.4387218755408675,1,0,0,0,0,0,0,0,0,0,0.0,0,0,0,0.0,0,https://www.whatsapp.com,0,0,0
24,17,0,1,1,2,1,4.001629167387823,0,0,0,0,0,0,0,0,0,0,0.0416666666666666,0,0,1,0.6978453807041101,0,http://www.c1k-fin.world,0,0,0
24,16,0,0,0,2,1,3.7201755214643457,1,0,0,0,0,0,0,0,0,0,0.0,0,0,0,0.0,0,https://www.whotracks.me,1,0,0
55,27,20,0,0,3,1,4.139473122182874,1,0,1,0,0,0,0,0,0,0,0.0,0,0,1,0.7508775196946234,0,https://calstatela.proofkeeping.com/user@calstatela.edu,0,0,0
34,13,14,2,0,4,2,4.043057694064253,0,0,0,0,0,0,0,1,0,0,0.0588235294117647,0,0,0,0.0,0,http://co.uk.3r6u.su/air/login.php,1,0,0
37,16,13,7,0,2,1,3.969607339117404,1,0,0,0,0,0,0,0,0,0,0.1891891891891892,0,0,0,0.0,0,https://urlhaus.abuse.ch/url/3699839/,1,0,0
23,16,0,0,0,2,1,3.969001629875993,0,0,0,0,0,0,0,0,0,0,0.0,0,0,1,0.5510807186657964,0,http://www.unblockme.us,0,0,0
40,32,1,0,2,2,1,4.075070520364181,0,0,0,0,0,0,0,0,0,0,0.0,0,0,1,0.503600612745283,0,http://coherent-aged-mountain.glitch.me/,0,0,0
28,19,1,2,2,2,1,3.9407598325400897,1,0,0,0,0,0,0,0,0,0,0.0714285714285714,0,0,1,0.5221751519133683,0,https://s4a-yhds-r5.web.app/,0,0,0
38,22,9,1,0,3,2,4.273728829005326,0,0,0,0,0,0,0,0,0,0,0.0263157894736842,0,0,0,0.0,0,http://www.teamc2.duckdns.org/bins/arc,1,0,0
33,26,0,0,0,2,1,3.657289952363989,0,0,0,0,0,0,0,0,0,0,0.0,0,0,0,0.0,0,http://www.genevievemillicent.net,0,0,0
28,20,0,0,0,3,2,3.770942421748537,1,0,0,0,0,0,0,0,0,0,0.0,0,0,0,0.0,0,https://www.manchester.ma.us,1,0,0
20,11,1,0,0,2,1,3.646439344671015,1,0,0,0,0,0,0,0,0,0,0.0,0,0,1,0.8180930359094216,0,https://www.edx.org/,0,0,0
24,17,0,0,0,2,1,3.7201755214643457,0,0,0,0,0,0,0,0,0,0,0.0,0,0,1,0.8607324828743865,0,http://www.triptravel.co,0,0,0
49,18,24,3,1,4,1,4.344529620492198,0,0,0,0,0,0,0,1,0,0,0.0612244897959183,0,0,0,0.0,1,http://ayrus707.github.io/netflix-clone.github.io,1,0,0
25,17,0,0,0,2,1,4.053660689688185,1,0,0,0,0,0,0,0,0,0,0.0,0,0,0,0.0,0,https://www.bakonline.org,1,0,0
55,18,30,0,0,3,1,4.113203241490942,0,0,0,0,0,1,0,0,0,0,0.0,0,0,0,0.0,0,http://dhl.mpinsureit.com/dhl/torsion/pages/billing.php,1,0,0
37,16,13,7,0,2,1,3.969607339117404,1,0,0,0,0,0,0,0,0,0,0.1891891891891892,0,0,0,0.0,0,https://urlhaus.abuse.ch/url/3660623/,1,0,0
70,17,15,2,0,5,2,4.27172186123999,0,0,1,0,0,0,0,0,0,0,0.0285714285714285,1,3,0,0.0,0,http://actstd.nrru.ac.th/ubru_old/ot82/?rec=aric.hanson@potashcorp.com,1,0,0
160,12,140,48,4,2,0,5.031286412829423,1,0,0,0,0,1,0,0,0,0,0.3,0,3,0,0.0,0,https://nexkraft.com/vendor/myclabs/deep-copy/src/paypackage/hkanhd595anhjd/20232723-50tw41861547uid_25012021-tw-id_url.html=db0ffc5364887df1d5287beedb05d18e12/,0,0,0
22,15,0,0,0,2,1,3.481714572986073,0,0,0,0,0,0,0,0,0,0,0.0,0,0,1,0.7431087467034656,0,http://www.madpath.com,0,0,0
36,29,0,0,0,1,0,4.0860486123130375,0,0,0,0,0,0,0,0,0,0,0.0,0,0,1,0.7449864377502147,0,http://proximusannulationfacture.com,0,0,0
30,23,0,0,0,2,1,4.12323142879762,0,0,0,0,0,0,0,0,0,0,0.0,0,0,1,0.6472009981028766,0,http://www.slimfullpackage.com,0,0,0
45,13,24,0,1,2,0,4.144537752260993,1,0,0,0,0,0,0,0,0,0,0.0,0,0,1,0.599263732086482,0,https://mommalous.com/wp-admin/klo/index.html,0,0,0
67,14,46,16,1,4,2,4.545962751174723,0,0,0,1,0,0,0,1,0,0,0.2388059701492537,0,1,0,0.0,0,http://199.247.11.117/customer_center/customer-idpp00c518/login.php,1,0,0
64,14,43,11,0,6,2,4.350798827786958,0,0,0,1,0,0,0,1,0,0,0.171875,0,0,0,0.0,0,http://167.71.107.169/directing/www.atbonline.com/atb/login.html,1,0,0
37,16,13,7,0,2,1,4.044063758094795,1,0,0,0,0,0,0,0,0,0,0.1891891891891892,0,0,0,0.0,0,https://urlhaus.abuse.ch/url/3747329/,1,0,0
28,21,0,0,0,3,2,3.896291529045928,0,0,0,0,0,0,0,0,0,0,0.0,0,0,0,0.0,0,http://www.gw.blocktrail.com,0,0,0
62,36,19,7,1,2,1,4.595088850604771,0,0,0,0,0,0,0,0,0,0,0.1129032258064516,0,0,0,0.0,0,http://facinorous-spindle.000webhostapp.com/centurylink/e5859c,1,0,0
25,18,0,2,0,2,1,3.9434651896016457,0,0,0,0,0,0,0,0,0,0,0.08,0,0,1,0.5864370456939496,0,http://www.migturxe01.org,0,0,0
87,23,56,17,6,3,1,4.771412714210085,1,0,0,0,0,0,0,0,0,0,0.1954022988505747,0,0,0,0.0,0,https://storageapi-stg.fleek.co/9df92ad8-d8a2-407a-a4fe-ba683f1fa303-bucket/nicehw.html,0,0,0
131,16,16,42,2,2,0,4.859573007006516,0,0,0,0,0,0,0,1,1,0,0.3206106870229007,4,8,0,0.0,1,http://chaseaccount.top/bulk/over-1.php?locale=en-us&authid=6bf5fbbdc1842dfa77df69e616faad5d80664868&start=1654364051&end=128011151,1,0,0
46,37,1,1,2,2,1,4.110093477608016,1,0,0,0,0,0,0,0,0,0,0.0217391304347826,0,0,1,0.5460988006067599,0,https://votre-messagerie-vocale5.yolasite.com/,0,0,0
20,13,0,0,0,2,1,3.6464393446710153,0,0,0,0,0,0,0,0,0,0,0.0,0,0,0,0.0,0,http://www.ecotak.ir,0,0,0
53,10,21,20,0,3,1,4.239357190608838,0,0,0,0,0,0,0,0,0,0,0.3773584905660377,1,2,0,0.0,0,http://cfi.net.cn/p20230705003532.html?entity=3d31321,1,0,0
58,40,10,0,1,3,1,4.144907780708758,1,0,0,0,0,0,0,0,0,0,0.0,0,0,1,0.8988505758106691,0,https://dev-grupoficohsahonduras.pantheonsite.io/token.php,0,0,0
23,15,0,0,0,2,1,3.588354347173234,1,0,0,0,0,0,0,0,0,0,0.0,0,0,0,0.0,0,https://www.azerpost.az,1,0,0
38,31,0,0,1,3,2,4.11583409216322,0,0,0,0,0,0,0,0,0,0,0.0,0,0,1,0.747529521910662,0,http://www.working.hotmail-onlines.com,0,0,0
23,16,0,0,1,2,1,3.675310868912364,0,0,0,0,0,0,0,0,1,0,0.0,0,0,0,0.0,0,http://www.saman-sna.cf,0,0,0
87,35,1,11,1,2,1,5.067670616633274,0,0,0,0,0,0,0,0,0,0,0.1264367816091954,1,4,0,0.0,0,http://beachhousegrp.ibrali-foundation.org/?4670943597=dgvyaubizwfjaghvdxnlz3jwlmnvbq==,1,0,0
34,26,0,1,0,2,1,4.079678649882975,1,0,0,0,0,0,0,0,0,0,0.0294117647058823,0,0,0,0.0,0,https://www.turnips2tangerines.com,1,0,0
140,29,36,33,0,3,1,4.820289542988482,0,0,0,0,0,0,0,2,0,0,0.2357142857142857,3,7,0,0.0,0,http://fullconcept.adminsistemas.com/email%20access/myaccount/access.php?websrc=e17ea285ad581008aac6b89b49ab879e&dispatched=47&id=3725012322,1,0,0
23,16,0,3,0,2,1,3.882045108136863,0,0,0,0,0,0,0,0,0,0,0.1304347826086956,0,0,1,0.5504846026150199,0,http://www.parga360.com,0,0,0
108,28,44,21,1,3,1,4.907193430601253,0,0,0,0,0,0,0,1,0,0,0.1944444444444444,2,5,0,0.0,0,http://amanazw.hentaiwonderland.com/2ac2406e835bd49c70469acae337d292/signin.php?country=hk-hong+kong&lang=en,1,0,0
244,21,215,35,5,2,1,5.17222261254034,1,0,0,0,0,0,0,0,0,0,0.1434426229508196,0,3,1,0.8297240096783463,0,https://546782d6.sibforms.com/serve/muieafryrvf6wqh6-b6iygg33_ivcmg8coxo7tiiwljllajuzccno69-uhxs-n_rjzv6kibaodqd25nucslbhwwcofnmqmrk9faolizxqcw1klao5fqcihcuvganfmen4mcuarxbqxxsqmzjkx26nuy-v3xkwcdp7-dnvu3jl33duwdvtqykvlc0dfg_mrqyuvpl0nke2dip5b8g,0,0,0
24,16,0,0,0,2,1,3.8035088547976783,1,0,0,0,0,0,0,0,0,0,0.0,0,0,0,0.0,0,https://www.cynababy.com,1,0,0
34,26,0,0,0,2,1,4.079678649882975,1,0,0,0,0,0,0,0,0,0,0.0,0,0,0,0.0,0,https://www.celebratelanguages.com,1,0,0
108,26,75,2,1,3,1,4.420688467880728,0,0,0,0,0,0,0,1,0,0,0.0185185185185185,0,0,0,0.0,0,http://ardenriskconsultancy.co.uk/suntrus/suntrustonline-zelle/online/login/data/tyhgbjgrfgjkujjkjk/1/1.html,1,0,0
29,20,1,0,0,2,1,4.047299098426644,1,0,0,0,0,0,0,0,0,0,0.0,0,0,0,0.0,0,https://hvcu.firebaseapp.com/,0,0,0
42,35,0,10,0,2,1,4.282098601752791,0,0,0,0,0,0,0,0,0,0,0.238095238095238,0,0,0,0.0,0,http://www.1lrlm36rm1cah13ob1he17rb9ok.net,0,0,0
29,20,1,6,0,2,1,3.952302977662386,1,0,0,0,0,0,0,0,0,0,0.2068965517241379,0,0,1,0.6592198256881883,0,https://att454545.weebly.com/,0,0,0
35,26,1,5,1,2,1,4.343289445392767,1,0,0,0,0,0,0,0,0,0,0.1428571428571428,0,0,1,0.5725377344877667,0,https://dfss-40827.firebaseapp.com/,0,0,0
103,19,77,16,0,4,1,4.6080112713807,0,0,0,0,0,0,0,0,0,0,0.1553398058252427,0,0,0,0.0,0,http://development.solt.in/docexademo/uploads/index.php/bofa/bofa/7219daac54a6e0360002ceb79/success.htm,1,0,0
20,12,0,0,0,2,1,3.6841837197791887,1,0,0,0,0,0,0,0,0,0,0.0,0,0,0,0.0,0,https://www.kandu.no,1,0,0
79,15,57,2,0,1,0,4.659634274135685,0,0,0,0,0,0,0,0,0,0,0.0253164556962025,0,2,0,0.0,0,http://braziltouch.com/kilo/mita/zbhtkcqsin4ee/yw5uewzlcnjlaxjhqhjkywzslmnvbq==,1,0,0
18,4,6,2,0,1,0,3.68354236243323,1,0,0,0,0,0,0,0,0,0,0.1111111111111111,0,0,1,0.7893136865052547,0,https://s.id/1qm4r,0,0,0
145,106,32,47,3,5,3,5.03641571605126,0,0,0,0,0,0,0,1,0,0,0.3241379310344827,0,0,0,0.0,0,http://cox.com-6159368de39251d7a-login.id-107sbtd9cbhsbtd5d80a13c0db1f546757jnq9j5754675778560504.kylelierman.com/iloystgnjfrgthteawvo/indexx.php,1,0,0
48,19,21,1,0,2,0,4.269974678246912,1,0,0,0,0,0,0,0,0,0,0.0208333333333333,0,0,1,0.9560742566973162,0,https://bengoassociates.com/view/ofc1/index.html,0,0,0
31,24,0,0,0,2,1,3.977916874693636,0,0,0,0,0,0,0,0,0,0,0.0,0,0,1,0.8339961845069648,0,http://www.errobikofestibala.fr,0,0,0
29,22,0,0,0,2,1,3.857306856898128,0,0,0,0,0,0,0,0,0,0,0.0,0,0,1,0.9013599462095504,0,http://www.ayrenhoney.fitness,0,0,0
30,14,1,0,1,1,0,4.148394345536403,0,0,0,0,0,0,0,0,0,0,0.0,1,2,0,0.0,0,http://com-find.store/?i=xntse,1,0,0
88,25,13,30,1,3,1,4.943552681664581,0,0,0,0,0,0,0,0,0,0,0.3409090909090909,1,2,0,0.0,0,http://fbtags-94212546.baraan.pk/profile.html?countuser=68da659722c52a78cc1f8d4b93e50570,1,0,0
34,19,8,0,0,2,1,3.85586569475248,0,0,0,0,0,0,0,1,0,0,0.0,0,0,0,0.0,0,http://accounts.xageek.com/account,1,0,0
29,22,0,0,0,2,1,3.6504103051739913,0,0,0,0,0,0,0,0,0,0,0.0,0,0,0,0.0,0,http://www.sikhsiyasatapp.net,0,0,0
55,47,0,18,4,3,2,4.5198310228836736,1,0,0,0,0,0,0,0,0,0,0.3272727272727272,0,0,1,0.540011674898269,0,https://d14a1dd3-a4f7-4de9-8560-c741fbc00af0.id.repl.co,0,0,0
101,39,13,23,1,4,2,4.815348647410622,0,0,0,0,0,0,0,1,0,0,0.2277227722772277,1,2,0,0.0,0,http://facebook.com-73850318.superprimavera.pt/nextvrf.html?location=aef7233924b43deb5e2aecb38eec2da1,1,0,0
23,15,0,0,0,2,1,3.936180434129756,1,0,0,0,0,0,0,1,0,0,0.0,0,0,0,0.0,0,https://www.netflix.com,0,0,0
23,15,0,0,0,2,1,3.588354347173233,1,0,0,0,0,0,0,0,0,0,0.0,0,0,0,0.0,0,https://www.staroetv.su,1,0,0
69,12,50,1,3,3,1,4.43222368978182,0,0,0,0,0,0,0,0,0,0,0.0144927536231884,0,7,0,0.0,0,http://apply.aui.ma/bachelor/include/huntington/_--==+-=__/2nglog.htm,1,0,0
34,25,1,6,1,2,1,4.314972767530033,1,0,0,0,0,0,0,0,0,0,0.1764705882352941,0,0,0,0.0,0,https://aol-106771.weeblysite.com/,0,0,0
276,19,84,103,2,4,1,4.937246485755559,0,0,0,0,0,0,0,1,0,0,0.3731884057971014,3,7,0,0.0,0,http://debeshlohani.com.np/.well-known/pki-validation/kasafinal/fud/f45e686983e10dc793e4a5f2e2998527/login.php?cmd=login_submit&amp;id=4201bf4f7d4b3b5a6d925fe807c6d9274201bf4f7d4b3b5a6d925fe807c6d927&amp;session=4201bf4f7d4b3b5a6d925fe807c6d9274201bf4f7d4b3b5a6d925fe807c6d927,1,0,0
24,10,6,0,0,1,0,3.9072682296173897,1,0,0,0,0,0,0,0,0,0,0.0,0,0,1,0.5417334631829118,0,https://zillow.com/about,0,0,0
28,21,0,0,0,3,2,3.7979026896829473,0,0,0,0,0,0,0,0,0,0,0.0,0,0,1,0.9236042079376848,0,http://www.beauti.welco.live,0,0,0
38,29,1,0,2,1,0,4.018215514675148,1,0,0,0,0,0,0,0,0,0,0.0,0,0,0,0.0,0,https://gouv-critair-verification.net/,0,0,0
31,14,10,11,0,4,2,3.977916874693636,0,0,0,1,0,0,0,0,0,0,0.3548387096774194,0,0,0,0.0,0,http://80.147.155.189/Photo.lnk,1,0,0
37,29,1,12,2,2,1,4.206225920256958,0,0,0,0,0,0,0,0,1,0,0.3243243243243243,0,0,1,0.5439967444432092,0,http://att-101435-107378.square.site/,0,0,0
35,28,0,0,0,2,1,4.161445788918473,0,0,0,0,0,0,0,0,0,0,0.0,0,0,0,0.0,0,http://www.barcaacademyistanbul.com,0,0,0
27,19,0,0,0,2,1,3.884155094595805,1,0,0,0,0,0,0,0,0,0,0.0,0,0,0,0.0,0,https://www.panicstream.com,1,0,0
20,12,0,0,0,2,1,3.484183719779189,1,0,0,0,0,0,0,0,0,0,0.0,0,0,0,0.0,0,https://www.sprc.org,1,0,0
26,11,7,0,0,2,0,3.474504988105429,1,0,0,0,0,0,0,0,1,0,0.0,0,0,0,0.0,0,https://fhreyer.top/jp.php,0,0,0
64,18,39,4,0,3,1,4.246924657837695,0,0,0,0,0,0,0,1,0,0,0.0625,0,0,0,0.0,0,http://et.interac.coupons/sh/ca72u10/cdnbnk/confirm/continue.php,1,0,0
39,31,0,0,0,4,3,4.009134590379753,1,0,0,0,0,0,0,0,0,0,0.0,0,0,1,0.752858243145754,0,https://amzon.co.jp.fotosvalladolid.com,0,0,0
36,29,0,0,1,2,1,4.127986806877675,0,0,0,0,0,0,0,1,1,0,0.0,0,0,1,0.9063637764105822,0,http://www.useridentity-confirm.info,0,0,0
23,16,0,0,0,2,1,3.708132064658602,0,0,0,0,0,0,0,0,0,0,0.0,0,0,0,0.0,0,http://www.jobwrite.com,0,0,0
384,36,53,124,6,12,1,5.2703708244259,0,0,0,0,0,0,0,2,0,0,0.3229166666666667,2,11,0,0.0,0,http://check-your-account.taber-abraser.com/login/2168084455277fe4e687f5db06fc94c6/up-dating.php?country.x=-&acct.x=id-ppl=pa324188.166.98.249=scrpg=a2fd04a725f85990d6a616b37c2a935e54361e04e8e449e2fe7c3074491920d4s=$1$btmd82sh$n0.54o3r8h.e9hj92..om/tzgajpuzfrkkgmbooub7mqjyivx1dplfrweq54hatyx3ve62ncswis0lnc8h9d6vljdcnfgzurk09tik7qcxawg2e5tpz1qsaupifmbbvdxmhj8yooh4nyslewr363023260788,1,0,0
183,17,91,48,2,3,1,4.918886110329972,0,0,0,0,0,0,0,2,0,0,0.2622950819672131,3,6,0,0.0,0,http://galerasbar.com.br/wp-content/plugins/zendesk-request/as/office366/9fe6a1fe3c1c47dc474934dcc3ed4a6b/login.php?websrc=59c275dc2e97dd3b896ed4ff2b82a8fd&dispatched=76&id=6699677782,1,0,0
29,22,0,0,0,3,2,3.8404025467025056,0,0,0,0,0,0,0,0,0,0,0.0,0,0,0,0.0,0,http://www.static.phongay.com,0,0,0
44,19,18,11,0,2,1,4.414564153840999,0,0,0,0,0,0,0,1,0,0,0.25,0,0,0,0.0,0,http://c1770209.ferozo.com/login/login/59a89,1,0,0
26,17,1,0,1,2,1,4.056020968057881,1,0,0,0,0,0,0,0,0,0,0.0,0,0,0,0.0,0,https://s.amazenru-jp.com/,0,0,0
27,13,6,0,0,1,0,3.852497577104201,1,0,0,0,0,1,0,0,0,0,0.0,0,0,1,0.694489779956721,0,https://pinterest.com/about,0,0,0
43,34,1,12,2,2,1,4.419655161326649,1,0,0,0,0,0,0,0,0,0,0.2790697674418604,0,0,1,0.7498334699488223,0,https://yahoo-109613-102033.weeblysite.com/,0,0,0
51,42,1,6,0,5,4,4.255977676137624,1,0,0,0,0,0,0,0,0,1,0.1176470588235294,0,0,1,0.5309243323454262,0,https://constantc9800corp.z13.web.core.windows.net/,0,0,0
27,19,0,0,0,2,1,3.958229168669879,1,0,0,0,0,0,0,0,0,0,0.0,0,0,0,0.0,0,https://www.ascasonline.org,1,0,0
32,15,10,12,0,3,2,4.101409765557392,0,0,0,1,0,0,0,1,0,0,0.375,0,0,0,0.0,0,http://190.211.254.196/banks/rbc,1,0,0
37,16,13,7,0,2,1,4.098117812148849,1,0,0,0,0,0,0,0,0,0,0.1891891891891892,0,0,0,0.0,0,https://urlhaus.abuse.ch/url/3745259/,1,0,0
49,40,1,5,3,2,1,4.319119161352677,1,0,0,0,0,0,0,0,0,0,0.1020408163265306,0,0,1,0.9597754984129988,0,https://fb-business-appeal-25766.firebaseapp.com/,0,0,0
98,36,13,28,1,3,1,4.938241033851549,0,0,0,0,0,0,0,0,0,0,0.2857142857142857,1,2,0,0.0,0,http://fbookcom-17484391.consultemerald.org/nextvrf.html?location=62339105c02c148b2b36c9ee35ada2fa,1,0,0
49,27,15,14,0,3,1,4.606871517885532,0,0,0,0,0,0,0,0,0,0,0.2857142857142857,0,0,0,0.0,0,http://09178368489163jokamen.my.id/forgotten.html,1,0,0
40,26,7,3,0,2,1,4.275070520364181,0,0,0,0,0,0,0,0,0,0,0.075,0,0,0,0.0,0,http://8poolballguide2.shortcm.li/lhf5or,1,0,0
27,20,0,7,0,3,2,3.856196298219381,0,0,0,0,0,0,0,0,0,0,0.2592592592592592,0,0,0,0.0,0,http://www.f0588040.xsph.ru,0,0,0
65,15,43,20,1,1,0,4.7332839677696725,0,0,0,0,0,0,0,0,0,0,0.3076923076923077,0,0,0,0.0,0,http://elboustical.org/1c08093nz20hynui-mgbt4i1xnz27s38t2lep00001,1,0,0
138,33,53,0,3,3,1,4.378443898001634,0,0,0,0,0,0,0,1,0,0,0.0,1,2,0,0.0,0,http://exim-import.sinergimulticipta.com/vendor/phpunit/phpunit/src/util/php/home/confirm.php?public/enroll/identifyuser-aspx-lob=rbglogon,1,0,0
28,13,7,0,0,3,1,3.553090083530328,1,0,0,0,0,0,0,0,0,0,0.0,0,0,1,0.9223309841514864,0,https://www.bpnnw.com/jp.php,0,0,0
77,32,38,0,0,5,1,4.19355379558081,0,0,0,0,0,0,0,1,0,0,0.0,0,0,0,0.0,0,http://businessmail.shrishtisoftech.com/url.return/bol.westpac/home/login.php,1,0,0
66,15,44,35,0,3,2,4.26159483265015,0,0,0,1,0,0,0,1,0,0,0.5303030303030303,0,0,0,0.0,0,http://162.243.165.155/banks/cibc/77b305066bb55503b855c7c9481deb77,1,0,0
29,18,4,1,2,1,0,3.883337460421007,0,0,0,0,0,0,0,0,1,0,0.0344827586206896,0,0,1,0.6215479766129584,0,http://pees-panelllr-7.gq/hk/,0,0,0
130,17,106,2,1,3,0,3.763202199039846,0,0,0,0,0,0,0,0,0,0,0.0153846153846153,0,0,0,0.0,0,http://ayurvedajeevan.in/adds/covid-19/invoice/toda/index.php/js/css/css/css/css/css/css/css/js/css/css/css/css/css/css/office.php,1,0,0
20,13,0,0,0,2,1,3.6841837197791887,0,0,0,0,0,0,0,0,1,0,0.0,0,0,1,0.787891144847975,0,http://www.himkon.cf,0,0,0
37,16,13,7,0,2,1,4.098117812148849,1,0,0,0,0,0,0,0,0,0,0.1891891891891892,0,0,0,0.0,0,https://urlhaus.abuse.ch/url/3746490/,1,0,0
23,12,4,0,0,1,0,3.638147696204827,0,0,0,0,0,0,0,0,0,0,0.0,0,1,0,0.0,0,http://autopair.net/m&t,1,0,0
26,12,6,0,0,2,1,3.8441065448145375,1,0,0,0,0,0,0,0,0,0,0.0,0,0,1,0.5558479837629062,0,https://www.ebay.com/about,0,0,0
24,16,0,5,0,2,1,3.938721875540868,1,0,0,0,0,0,0,0,0,0,0.2083333333333333,0,0,1,0.5888376095970335,0,https://www.188bet25.com,0,0,0
25,18,0,0,0,2,1,4.053660689688185,0,0,0,0,0,0,0,0,0,0,0.0,0,0,0,0.0,0,http://www.hugebricks.com,0,0,0
79,32,40,5,0,3,2,4.707411964146031,0,0,0,0,0,0,0,0,0,0,0.0632911392405063,0,0,0,0.0,0,http://delivery.attempt.intexlinkbd.net/public/bsrao08wxuikrty3z9wapajfkaodku6f,1,0,0
55,47,0,18,4,3,2,4.362466985937245,1,0,0,0,0,0,0,0,0,0,0.3272727272727272,0,0,0,0.0,0,https://a04854e8-0cca-4b74-80e6-aacb14a4a5f7.id.repl.co,0,0,0
47,38,1,7,2,3,2,4.5967260855360665,1,0,0,0,0,0,0,0,0,0,0.1489361702127659,0,0,0,0.0,0,https://hidden-voice-7738.6f8ox4my.workers.dev/,0,0,0
27,18,1,1,0,2,1,3.7262046313924566,1,0,0,0,0,0,0,0,0,0,0.037037037037037,0,0,1,0.605641562854683,0,https://obabanter6.web.app/,0,0,0
40,25,8,3,0,1,0,4.246439344671015,0,0,0,0,0,0,0,0,0,0,0.075,0,0,0,0.0,0,http://activityqlcognizancen.com/la06p6j,1,0,0
82,74,1,7,0,3,2,4.85440101722563,0,0,0,0,0,0,0,0,0,0,0.0853658536585365,0,0,0,0.0,0,http://bafybeibkgor6o4si6frcggxpnkpmanvk77xarnbvnzv5orsjlmefg3yqhm.ipfs.dweb.link/,0,0,0
41,14,20,15,0,4,2,4.031587907627833,0,0,0,1,0,0,0,0,0,0,0.3658536585365853,0,0,0,0.0,0,http://130.12.180.132/bins/87sbhas6as.sh4,1,0,0
38,29,1,0,1,2,1,4.14860021052734,1,0,0,0,0,0,0,0,0,0,0.0,0,0,1,0.8460424764753761,0,https://service-mitld.firebaseapp.com/,0,0,0
125,22,25,14,1,2,0,5.000824285454494,0,0,0,0,0,0,0,0,0,0,0.112,6,15,0,0.0,0,http://francescoflordelli.com/wappy/excelz/bizmail.php?email=&_rand=13vqcr8bp0gud&lc=1033&id=64855&mkt=en-us&cbcxt=mai&snsc=1,1,0,0
20,13,0,0,0,2,1,3.6464393446710153,0,0,0,0,0,0,0,0,0,0,0.0,0,0,0,0.0,0,http://www.eitjls.co,0,0,0
16,8,0,0,0,1,0,3.75,1,0,0,0,0,0,0,0,0,0,0.0,0,0,1,0.8922374546548157,0,https://uber.com,0,0,0
37,16,13,7,0,2,1,4.098117812148849,1,0,0,0,0,0,0,0,0,0,0.1891891891891892,0,0,0,0.0,0,https://urlhaus.abuse.ch/url/3739412/,1,0,0
51,34,9,0,2,3,2,4.265083429994686,1,0,0,0,0,0,0,0,0,0,0.0,0,0,1,0.7160121359531444,0,https://www.info-saiisosn-cards.txjmxfa.cn/web/sign,0,0,0
25,18,0,1,1,2,1,3.8332696895151073,0,0,0,0,0,0,0,0,0,0,0.04,0,0,0,0.0,0,http://www.jrc-kyoto2.org,0,0,0
124,19,48,21,0,3,1,4.860182316234,0,0,0,0,0,0,0,2,0,0,0.1693548387096774,3,8,0,0.0,0,http://disferonline.com.br/images/ara/nfc/wp/de97b8d12f734e0/back/home.php?cmd=_update&dispatch=ea3c3269391b813e7&locale=en_,1,0,0
90,25,58,6,0,4,2,4.4860808086072135,0,0,0,0,0,0,0,1,0,0,0.0666666666666666,0,2,0,0.0,0,http://certicod15.temp.swtest.ru/certicodeplus/la%20banque%20postale/files/login/login.php,1,0,0
292,17,84,95,0,15,1,5.046472023767671,0,0,0,0,0,0,0,1,0,0,0.3253424657534247,3,21,0,0.0,1,http://escolaopus.com.br/id3/linkedin%20secure/45bef261cb57dd859f80391ce4735d14/ruis4mq243sz5t2yltjc844l.php?rand=13inboxlightaspxn.1774256418&fid.4.1252899642&fid=1&fav.1&rand.13inboxlight.aspxn.1774256418&fid.1252899642&fid.1&fav.1&email=&emailid=&.rand=13inboxlight.aspx?n=1774256418&fid=4,1,0,0
30,22,1,0,1,2,1,4.031401845392171,0,0,0,0,0,0,0,0,0,0,0.0,0,0,1,0.6749835211250192,0,http://www.officialhex-go.com/,0,0,0
26,19,0,0,1,2,1,3.767183467891461,0,0,0,0,0,0,0,0,0,0,0.0,0,0,1,0.7357428567523331,0,http://www.vhupo-tours.com,0,0,0
25,17,0,2,0,4,3,3.7034651896016455,1,0,0,0,0,0,0,0,0,0,0.08,0,0,0,0.0,0,https://www.hsd.k12.or.us,1,0,0
22,14,0,0,0,2,1,3.879664004902593,1,0,0,0,0,0,0,0,0,0,0.0,0,0,0,0.0,0,https://www.codebar.io,1,0,0
41,13,21,10,0,4,2,4.013176017331164,0,0,0,1,0,0,0,0,0,0,0.2439024390243902,0,0,0,0.0,0,http://20.63.102.219/finance/tang/pin.php,1,0,0
47,8,32,0,0,3,0,4.074825553344984,0,0,0,0,0,0,0,1,0,0,0.0,0,0,0,0.0,1,http://cayca.cl/images/doc/google/index.php.htm,1,0,0
26,18,0,0,0,2,1,3.8252517372886503,1,0,0,0,0,0,0,0,0,0,0.0,0,0,0,0.0,0,https://www.roswellgov.com,1,0,0
42,19,15,0,0,2,1,4.0260298517012805,1,0,0,0,0,0,0,0,0,0,0.0,0,0,0,0.0,0,https://cn.cljpsnmrbsib.com/home/register/,1,0,0
29,22,0,0,0,2,1,4.116264615668023,0,0,0,0,0,0,0,1,0,0,0.0,0,0,1,0.8331470401919894,0,http://www.verifychecking.com,0,0,0
2886,15,2864,672,64,64,0,4.626959608612982,0,0,1,0,0,0,0,1,0,0,0.2328482328482328,0,0,0,0.0,0,http://cmdpgcollege.in/reviewandconfirmnow2023/contractagreemnt-2023-2024/joel04911646/3mail@b.c/cmdpgcollege.in/reviewandconfirmnow2023/contractagreemnt-2023-2024/joel04911646/3mail@b.c/cmdpgcollege.in/reviewandconfirmnow2023/contractagreemnt-2023-2024/joel04911646/3mail@b.c/cmdpgcollege.in/reviewandconfirmnow2023/contractagreemnt-2023-2024/joel04911646/3mail@b.c/cmdpgcollege.in/reviewandconfirmnow2023/contractagreemnt-2023-2024/joel04911646/3mail@b.c/cmdpgcollege.in/reviewandconfirmnow2023/contractagreemnt-2023-2024/joel04911646/3mail@b.c/cmdpgcollege.in/reviewandconfirmnow2023/contractagreemnt-2023-2024/joel04911646/3mail@b.c/cmdpgcollege.in/reviewandconfirmnow2023/contractagreemnt-2023-2024/joel04911646/3mail@b.c/cmdpgcollege.in/reviewandconfirmnow2023/contractagreemnt-2023-2024/joel04911646/3mail@b.c/cmdpgcollege.in/reviewandconfirmnow2023/contractagreemnt-2023-2024/joel04911646/3mail@b.c/cmdpgcollege.in/reviewandconfirmnow2023/contractagreemnt-2023-2024/joel04911646/3mail@b.c/cmdpgcollege.in/reviewandconfirmnow2023/contractagreemnt-2023-2024/joel04911646/3mail@b.c/cmdpgcollege.in/reviewandconfirmnow2023/contractagreemnt-2023-2024/joel04911646/3mail@b.c/cmdpgcollege.in/reviewandconfirmnow2023/contractagreemnt-2023-2024/joel04911646/3mail@b.c/cmdpgcollege.in/reviewandconfirmnow2023/contractagreemnt-2023-2024/joel04911646/3mail@b.c/cmdpgcollege.in/reviewandconfirmnow2023/contractagreemnt-2023-2024/joel04911646/3mail@b.c/cmdpgcollege.in/reviewandconfirmnow2023/contractagreemnt-2023-2024/joel04911646/3mail@b.c/cmdpgcollege.in/reviewandconfirmnow2023/contractagreemnt-2023-2024/joel04911646/3mail@b.c/cmdpgcollege.in/reviewandconfirmnow2023/contractagreemnt-2023-2024/joel04911646/3mail@b.c/cmdpgcollege.in/reviewandconfirmnow2023/contractagreemnt-2023-2024/joel04911646/3mail@b.c/cmdpgcollege.in/reviewandconfirmnow2023/contractagreemnt-2023-2024/joel04911646/3mail@b.c/cmdpgcollege.in/reviewandconfirmnow2023/contractagreemnt-2023-2024/joel04911646/3mail@b.c/cmdpgcollege.in/reviewandconfirmnow2023/contractagreemnt-2023-2024/joel04911646/3mail@b.c/cmdpgcollege.in/reviewandconfirmnow2023/contractagreemnt-2023-2024/joel04911646/3mail@b.c/cmdpgcollege.in/reviewandconfirmnow2023/contractagreemnt-2023-2024/joel04911646/3mail@b.c/cmdpgcollege.in/reviewandconfirmnow2023/contractagreemnt-2023-2024/joel04911646/3mail@b.c/cmdpgcollege.in/reviewandconfirmnow2023/contractagreemnt-2023-2024/joel04911646/3mail@b.c/cmdpgcollege.in/reviewandconfirmnow2023/contractagreemnt-2023-2024/joel04911646/3mail@b.c/cmdpgcollege.in/reviewandconfirmnow2023/contractagreemnt-2023-2024/joel04911646/3mail@b.c/cmdpgcollege.in/reviewandconfirmnow2023/contractagreemnt-2023-2024/joel04911646/3mail@b.c/cmdpgcollege.in/reviewandconfirmnow2023/contractagreemnt-2023-2024/joel04911646/3mail@b.c/cmdpgcollege.in/reviewandconfirmnow2023/contractagreemnt-2023-2024/joel04911646/3mail@b.c,1,0,0
24,17,0,1,0,3,2,4.0220552088742005,0,0,0,0,0,0,0,0,0,0,0.0416666666666666,0,0,0,0.0,0,http://www.3yq.xguvi.com,0,0,0
134,106,21,47,3,4,3,5.037390963665743,0,0,0,0,0,0,0,1,0,0,0.3507462686567164,0,0,0,0.0,0,http://cox.com-6159368de39251d7a-login.id-107sbtd9cbhsbtd5d80a13c0db1f546757jnq9j5754675780427216.kylelierman.com/iloystgnjfrgthteawvo,1,0,0
66,14,45,11,0,4,2,4.4603738550556615,0,0,0,1,0,0,0,2,0,0,0.1666666666666666,0,0,0,0.0,0,http://68.183.201.122/directing/simplii/mobile/accountconfirm.html,1,0,0
69,10,52,1,0,4,0,4.254435190228935,0,0,0,0,0,0,0,1,0,0,0.0144927536231884,0,0,0,0.0,0,http://ca6acc.com/secure/directing/www.atbonline.com/atb/question.php,1,0,0
20,13,0,0,0,2,1,3.6841837197791887,0,0,0,0,0,0,0,0,0,0,0.0,0,0,1,0.5147315791725211,0,http://www.sbdgb.com,0,0,0
80,7,65,11,0,1,0,4.807446651186468,1,0,0,0,0,0,0,0,0,0,0.1375,0,0,1,0.6353870058414335,0,https://ipfs.io/ipfs/bafkreihmb7mzer6ivnqrmoxys6ens4ojllnzjid54oex7xyf2q43pt2zbu,0,0,0
25,11,7,4,0,1,0,3.973660689688185,0,0,0,0,0,0,0,2,0,0,0.16,0,0,0,0.0,0,http://53secure.ru/53bank,1,0,0
27,20,0,0,0,2,1,3.986187965046304,0,0,0,0,0,0,0,0,0,0,0.0,0,0,1,0.9835620014762334,0,http://www.kickassproxy.com,0,0,0
29,22,0,0,0,2,1,4.017824858003425,0,0,0,0,0,0,0,0,0,0,0.0,0,0,1,0.5003439279707703,0,http://otwtmbrotq.duckdns.org,0,0,0
34,26,1,17,0,2,1,4.182907326480826,0,0,0,0,0,0,0,0,0,0,0.5,0,0,1,0.7537744115519048,0,http://cek58793690694674609.rf.gd/,0,0,0
65,36,22,7,1,2,1,4.524548637085513,0,0,0,0,0,0,0,0,0,0,0.1076923076923077,0,0,0,0.0,0,http://facinorous-spindle.000webhostapp.com/centurylink/7e717a/en,1,0,0
66,16,43,0,0,1,0,4.345076272109649,0,0,0,0,0,0,0,1,0,0,0.0,0,1,0,0.0,1,http://cedricoworld.com/burna/wellsfargo/wzlnde=/myaccount/uploads,1,0,0
37,16,13,7,0,2,1,4.152171866202903,1,0,0,0,0,0,0,0,0,0,0.1891891891891892,0,0,0,0.0,0,https://urlhaus.abuse.ch/url/3745189/,1,0,0
105,21,77,5,2,3,2,4.708925461358223,0,0,0,0,0,0,0,0,0,0,0.0476190476190476,0,0,0,0.0,0,http://academic.dc.irise.com/mua/user/scis/j6unvhzsitlyrxstpnfun4tssjgejkn7dldp6fxsjfxo/3d/no-back-button,1,0,0
113,15,91,23,1,1,0,4.870699321325099,0,0,0,0,0,0,0,1,0,0,0.2035398230088495,0,1,0,0.0,1,http://ebay-signin.com/signin/d216d7f5c235d4b0693dcfbd03c790c5ntgzotuwntzjmjywmzhjndy4zda2ymrlzty0odm0zme=/signin,1,0,0
51,18,26,3,3,2,1,4.351168910888081,0,0,0,0,0,0,0,0,0,0,0.0588235294117647,0,0,0,0.0,0,http://forum.lifan-car.ru/nnee/webmail-portal-rd337,1,0,0
24,14,3,6,0,2,1,3.823934896284056,0,0,0,0,0,0,0,0,0,0,0.25,0,0,0,0.0,0,http://cm79929.tw1.ru/vr,1,0,0
88,20,61,4,6,2,0,4.420136768327894,0,0,0,0,0,0,0,2,0,0,0.0454545454545454,0,0,0,0.0,1,http://compte-paypal-fr.net/home/fr/signin/a2187/connectez-vous-votre-compte-paypal.html,1,0,0
143,17,26,12,4,1,0,5.008799513653477,0,0,0,0,0,0,0,0,0,0,0.0839160839160839,3,6,0,0.0,0,http://dataworldwide.com/important-notice-from-uk/?s=kilmersdon&znrur=7403&fbclid=iwar1nv9uymnfothexpgi1zuiiilc6ksljpfxyryj18x-yyndatkp81wjkhru,1,0,0
78,14,33,6,0,2,0,4.514515726946117,0,0,0,0,0,0,0,0,0,0,0.0769230769230769,1,7,0,0.0,0,http://degustation.am/degustaton/hakam%20new/piled.php?dvapx=%7b%7bemail%7d%7d,1,0,0
65,17,41,27,0,1,0,4.8202298824528,0,0,0,0,0,0,0,0,0,0,0.4153846153846154,0,0,0,0.0,0,http://brotherdennis.org/zs4uvwk/17638c0b007664ad689392c65d342713,1,0,0
267,25,22,27,0,4,2,5.046834977471378,0,0,0,0,0,0,0,0,0,0,0.1011235955056179,2,7,0,0.0,0,http://arunnbe5sf.temp.swtest.ru/axewell/abs/error.php?hash=mtywmjk5nju1ntq1ng==&token=tw96awxsys81ljagkfdpbmrvd3mgtlqgni4xoybxt1c2nckgqxbwbgvxzwjlaxqvntm3ljm2ichlsfrntcwgbglrzsbhzwnrbykgq2hyb21llzm3ljaumja2mi4xmjagu2fmyxjplzuzny4znje5nc4ymdyunzcuntgymdixokf1zzpnb24=,1,0,0
93,11,41,18,0,1,0,4.823685091713674,0,0,0,0,0,0,0,1,0,0,0.1935483870967742,2,6,0,0.0,0,http://garhold.net/e3668c4b232ab6fabc71ff3214345cef/signin/?country=united+states&local=en_us,1,0,0
27,19,0,1,1,3,2,4.032303242743954,1,0,0,0,0,0,0,0,0,0,0.037037037037037,0,0,0,0.0,0,https://www.i2m.univ-amu.fr,1,0,0
26,19,0,0,1,3,2,3.661226256269789,0,0,0,0,0,0,0,0,0,0,0.0,0,0,1,0.6038609174134535,0,http://www.olinet.e-kei.pl,0,0,0
35,28,0,0,0,3,2,4.071581588126283,0,0,0,0,0,0,0,0,0,0,0.0,0,0,0,0.0,0,http://www.sports.firefoxupdata.com,0,0,0
46,37,1,2,0,3,2,4.1727148802435865,1,0,0,0,0,0,0,0,0,0,0.0434782608695652,0,0,1,0.8420041748533145,0,https://forkgalicialne.ourgal1ci4logc.repl.co/,0,0,0
23,16,0,0,0,2,1,3.588354347173233,0,0,0,0,0,0,0,0,0,0,0.0,0,0,0,0.0,0,http://www.rftjrsrv.net,0,0,0
37,16,13,7,0,2,1,4.0440637580947945,1,0,0,0,0,0,0,0,0,0,0.1891891891891892,0,0,0,0.0,0,https://urlhaus.abuse.ch/url/3735044/,1,0,0
67,17,43,5,0,1,0,4.57581349744338,0,0,0,0,0,0,0,1,0,0,0.0746268656716417,0,0,0,0.0,0,http://chainstrading.net/email/verify/uing/ynj1bxbmqgpvyjf1c2euy29t,1,0,0
60,21,32,0,1,2,0,4.317155962520949,0,0,0,0,0,0,0,0,0,0,0.0,0,0,0,0.0,0,http://andreyoungdesigns.com/wp-content/ssb/verification.htm,1,0,0
33,11,15,4,0,1,0,4.040775468486825,0,0,0,0,0,0,0,0,0,0,0.1212121212121212,0,0,0,0.0,0,http://easyport.in/dh/dhl2018/dhl,1,0,0
37,16,13,7,0,2,1,4.098117812148849,1,0,0,0,0,0,0,0,0,0,0.1891891891891892,0,0,0,0.0,0,https://urlhaus.abuse.ch/url/3746971/,1,0,0
25,17,0,0,0,3,2,3.943465189601646,1,0,0,0,0,0,0,0,0,0,0.0,0,0,0,0.0,0,https://www.dafyomi.co.il,1,0,0
83,74,1,11,0,3,2,4.772234389455374,1,0,0,0,0,0,0,0,0,0,0.1325301204819277,0,0,1,0.6077180585388392,0,https://bafybeicd7gr462pzwb4ileneu4ei5td7ja7r2ldpofdaooqnu7zazipmje.ipfs.dweb.link/,0,0,0
51,13,31,10,1,4,2,4.351168910888082,0,0,0,1,0,0,0,0,0,0,0.196078431372549,0,0,0,0.0,0,http://66.29.149.217/finance/bmo-mobile/antibot.php,1,0,0
42,33,1,0,0,2,1,4.20483401847097,1,0,0,0,0,0,0,0,0,0,0.0,0,0,1,0.7487447564553043,0,https://verifupdatindsxa.godaddysites.com/,0,0,0
57,11,39,5,0,1,0,4.444095988572983,0,0,0,0,0,0,0,0,0,0,0.087719298245614,0,1,0,0.0,0,http://dedcare.com/rg/new/css/qn05yc/c3nlz2fsqgnhcy5vcmc=,1,0,0
42,23,12,8,2,3,1,4.368042422572716,0,0,0,0,0,0,0,2,0,0,0.1904761904761904,0,0,0,0.0,1,http://dc-ef338292ea90.d-tv.tv/apple.login,1,0,0
35,9,19,4,0,2,0,4.150292659616668,0,0,0,0,0,0,0,0,0,0,0.1142857142857142,0,1,0,0.0,0,http://censor.be/wordpress/ca%203.0,1,0,0
52,33,12,0,4,2,1,4.058438218424666,0,0,0,0,0,0,0,0,0,0,0.0,0,0,0,0.0,0,http://adminammk-cyon-ch-ammk.pedesd.com/notbot-cyon,1,0,0
20,12,0,0,0,2,1,3.546439344671015,1,0,0,0,0,0,0,0,0,0,0.0,0,0,0,0.0,0,https://www.smvs.org,1,0,0
26,18,0,0,0,2,1,3.979097891134804,1,0,0,0,0,0,0,0,0,0,0.0,0,0,0,0.0,0,https://www.urbanspree.com,1,0,0
52,17,28,9,0,3,0,4.411602217974672,0,0,0,0,0,0,0,0,0,0,0.173076923076923,0,0,0,0.0,1,http://elenmistoprak.com/702799371/instagram.com.php,1,0,0
207,11,31,54,0,2,0,4.540087395447444,0,0,0,0,0,0,0,1,0,0,0.2608695652173913,3,7,0,0.0,1,http://69retro.com/chase/chasewithemail/login.php?cmd=login_submit&id=3ca0cf05c74cc4aefcbc55c8b20bc1df3ca0cf05c74cc4aefcbc55c8b20bc1df&session=3ca0cf05c74cc4aefcbc55c8b20bc1df3ca0cf05c74cc4aefcbc55c8b20bc1df,1,0,0
30,12,11,11,0,4,2,3.881727678869736,0,0,0,1,0,0,0,0,0,0,0.3666666666666666,0,0,0,0.0,0,http://77.83.39.207/RAY/Y1.ps1,1,0,0
18,11,0,0,0,2,1,3.350209029099897,0,0,0,0,0,0,0,0,0,0,0.0,0,0,1,0.882741439424169,0,http://www.kein.hk,0,0,0
50,31,12,0,0,6,4,4.105979129983102,0,0,0,0,0,0,0,0,1,1,0.0,0,0,1,0.9691890319097318,0,http://www.saisaocard.co.jp.hqeivx.top/ai/sign.php,0,0,0
27,13,7,10,0,4,2,3.708048150071232,0,0,0,1,0,0,0,0,0,0,0.3703703703703703,0,0,0,0.0,0,http://130.12.180.64/phi.sh,1,0,0
18,11,0,1,0,2,1,3.419381945646371,0,0,0,0,0,0,0,0,0,0,0.0555555555555555,0,0,1,0.517465628367693,0,http://www.li7.net,0,0,0
36,27,1,0,0,2,1,3.798145057407474,1,0,0,0,0,0,0,1,0,0,0.0,0,0,1,0.8964314465709782,0,https://loginrobinhnodui.gitbook.io/,0,0,0
72,21,17,0,0,4,1,4.22842908506506,1,0,1,0,0,0,0,0,0,0,0.0,1,2,1,0.9520341892755184,0,https://mailres.remodels.best/conceptions.html?grant=example@example.com,0,0,0
78,13,57,8,0,2,1,4.66719825110979,1,0,0,0,0,0,0,0,0,0,0.1025641025641025,0,0,1,0.527783154663392,0,https://fleek.ipfs.io/ipfs/qmuejzx2y1z7c5h8mzyfyhdcxxm3xpjdtxabfjp1pk8xff/hnu/,0,0,0
188,11,5,47,4,1,0,5.006545367499531,0,0,0,0,0,0,0,0,0,0,0.25,5,20,0,0.0,0,http://adexten.com/lp16?type=media&amp;pub_id=3408&amp;sub_id=4f68a580ebdc961384f2da4f48f34bac6ec976f9&amp;srcid=ca70c535-6bef-4945-a8dd-11ebe1ca89c1&amp;lang={{extra_param_2}}&amp;noepop=,1,0,0
26,19,0,0,1,2,1,4.008132025833399,0,0,0,0,0,0,0,0,0,0,0.0,0,0,1,0.7080822634957711,0,http://www.uyghur-news.com,0,0,0
39,30,1,0,0,3,2,3.8835808223736046,1,0,0,0,0,0,0,0,0,0,0.0,0,0,1,0.5903701844594944,0,https://lemonade.demontolivooo.repl.co/,0,0,0
27,19,0,0,0,3,2,3.8841550945958048,1,0,0,0,0,0,0,0,0,0,0.0,0,0,0,0.0,0,https://www.mdfdecor.com.br,1,0,0
60,37,16,3,1,2,1,4.206669454469438,0,0,0,0,0,0,0,0,0,0,0.05,0,0,0,0.0,0,http://bernardine-speakers.000webhostapp.com/dropbox/dropbox,1,0,0
31,23,1,0,0,2,1,4.082597923010943,0,0,0,0,0,0,0,0,0,0,0.0,0,0,1,0.6081023682902122,0,http://www.coinbasefortune.com/,0,0,0
82,30,44,0,2,3,1,4.18150745759473,1,0,0,0,0,0,0,0,0,0,0.0,0,0,1,0.7215567602446269,0,https://credofast-deal.elementor.cloud/wp-content/plugins/credofast/deal/credo.php,0,0,0
82,14,61,11,2,4,2,4.635877957182307,0,0,0,1,0,0,0,1,0,0,0.1341463414634146,0,0,1,0.6656201469273375,0,http://72.167.103.108/wp-includes/block-supports/nfcucaptchanu/dashboard/login.php,0,0,0
22,15,0,2,0,2,1,3.60693673217532,0,0,0,0,0,0,0,0,1,0,0.0909090909090909,0,0,1,0.5591990815437673,0,http://www.sp5it6dt.cf,0,0,0
65,11,5,17,4,1,0,4.6896110363655215,0,0,0,0,0,0,0,0,1,0,0.2615384615384615,1,2,0,0.0,0,http://youoapp.xyz/web/?uuid=d94aef8c-81ac-b6ba-e1f8-46837e34be01,0,0,0
30,23,0,0,0,2,1,3.981076011914608,0,0,0,0,0,0,0,0,0,0,0.0,0,0,1,0.5400263154129553,0,http://www.technicalakshay.com,0,0,0
27,18,1,1,1,2,1,4.032303242743954,1,0,0,0,0,0,0,0,0,0,0.037037037037037,0,0,1,0.9503194109858046,0,https://fp-tinxyz3.web.app/,0,0,0
70,37,26,6,1,2,1,4.452138868141286,0,0,0,0,0,0,0,0,0,0,0.0857142857142857,0,1,0,0.0,0,http://conciliar-exercises.000webhostapp.com/yh/yahoo%20(1)/yahoo/mail,1,0,0
47,24,16,0,2,2,1,4.189930011519816,0,0,0,0,0,0,0,0,0,0,0.0,0,0,0,0.0,0,http://ayila-parimala.github.io/netfilx-webpage,1,0,0
23,16,0,0,0,2,1,3.849223912390625,0,0,0,0,0,0,0,0,0,0,0.0,0,0,0,0.0,0,http://www.qhyingtu.com,0,0,0
92,13,14,33,0,3,2,4.734851631328885,0,0,0,1,0,0,0,2,0,0,0.358695652173913,2,4,0,0.0,0,http://157.230.37.22/banks/scotia/?sessionid=5e639134cbdf89db4243214a433b2426&securessl=true,1,0,0
37,16,13,7,0,2,1,4.098117812148849,1,0,0,0,0,0,0,0,0,0,0.1891891891891892,0,0,0,0.0,0,https://urlhaus.abuse.ch/url/3709228/,1,0,0
173,19,85,4,1,4,0,4.381536903207115,0,0,0,0,0,0,0,2,0,0,0.0231213872832369,0,3,0,0.0,0,http://bestfriendofman.com/wp-content/plugins/kingcomposer/mtb2020/onlinebankingmtb/securityauthentication.html?onlinebanking.mtb.com/login/mtbsignon?security+authentication,1,0,0
37,16,13,7,0,2,1,4.152171866202903,1,0,0,0,0,0,0,0,0,0,0.1891891891891892,0,0,0,0.0,0,https://urlhaus.abuse.ch/url/3709284/,1,0,0
48,13,28,11,0,4,2,4.285701501208651,0,0,0,1,0,0,0,1,0,0,0.2291666666666666,0,0,0,0.0,0,http://212.114.52.47/banks/desjardins/step1.html,1,0,0
29,22,0,0,1,2,1,3.9523029776623857,0,0,0,0,0,0,0,0,0,0,0.0,0,0,1,0.5470968770436131,0,http://www.moon-machinery.com,0,0,0
104,23,74,21,2,2,0,4.734617872238454,0,0,0,0,0,0,0,0,0,0,0.2019230769230769,0,0,0,0.0,0,http://caricature-traiteur.com/wp-includes/simplepie/http/ok/fefb3a6a0cb7dc1658574749c3791332/action.php,1,0,0
21,14,0,0,0,2,1,3.6537567082870006,0,0,0,0,0,0,0,0,1,0,0.0,0,0,0,0.0,0,http://www.methisd.ga,0,0,0
27,19,0,0,0,2,1,4.060262039120378,1,0,0,0,0,0,0,0,0,0,0.0,0,0,0,0.0,0,https://www.karenmillen.com,1,0,0
190,19,47,97,6,2,0,4.663082778732255,1,0,0,0,0,0,0,1,0,0,0.5105263157894737,0,2,1,0.560167363504551,0,https://centrostudicede.com/wp-content/22986463374/page_settings/login.php?home-us-userid987647864812334345484351818468-email-33626626641848798409874987049909840684980546840078965484/-second,0,0,0
36,28,0,0,0,2,1,4.065079515030718,1,0,0,0,0,0,0,0,0,0,0.0,0,0,0,0.0,0,https://www.aliceparkphotography.com,1,0,0
31,24,0,0,0,3,2,3.993730584231476,0,0,0,0,0,0,0,0,0,0,0.0,0,0,1,0.9194880523217996,0,http://www.ganymed.beeppool.org,0,0,0
91,19,65,17,0,3,1,4.49269289440425,0,0,0,0,0,0,0,0,0,0,0.1868131868131868,0,0,0,0.0,0,http://development.solt.in/docexademo/uploads/index.php/bofa/bofa/36c5556abb356e9a0eb568664,1,0,0
59,51,1,2,2,4,3,4.232503279255209,0,0,0,0,0,0,0,0,0,0,0.0338983050847457,0,0,1,0.7626745977352858,0,http://www.amazcazzm-co-jp.amazococn.bhouhje2qwhhjyz8.shop/,0,0,0
106,14,85,29,2,4,2,4.723289035851879,0,0,0,1,0,0,0,0,0,0,0.2735849056603773,0,0,0,0.0,0,http://174.138.36.207/carrierrefund/online/cibc/e34480e1fc27b44d0b500f2ca9f11eff/ebm-mobile-app/index.html,1,0,0
27,18,1,3,0,2,1,4.032303242743954,1,0,0,0,0,0,0,0,0,0,0.1111111111111111,0,0,1,0.7803379000097783,0,https://off365read.web.app/,0,0,0
38,12,18,0,0,2,0,4.201231789474708,1,0,0,0,0,0,0,0,0,0,0.0,0,0,0,0.0,0,https://susangerd.ir/refcheck/old.html,0,0,0
63,41,14,0,0,4,2,4.191510185975822,1,0,0,0,0,0,0,0,0,0,0.0,0,0,1,0.7539455494168443,0,https://inconsequentialalarmingel.acortda.repl.co/des/index.php,0,0,0
37,16,13,7,0,2,1,4.044063758094795,1,0,0,0,0,0,0,0,0,0,0.1891891891891892,0,0,0,0.0,0,https://urlhaus.abuse.ch/url/3739274/,1,0,0
48,34,6,10,3,4,3,4.321854365656768,1,0,0,0,0,0,0,1,0,0,0.2083333333333333,0,0,1,0.5030004459261646,0,https://secure.it.80-85-241-81.cprapid.com/app5/,0,0,0
44,14,23,11,0,4,2,4.377394335127369,0,0,0,1,0,0,0,2,0,0,0.25,0,0,0,0.0,0,http://165.227.198.11/banks/atb/confirm.html,1,0,0
76,31,38,12,1,2,1,4.2517880805131325,0,0,0,0,0,0,0,0,0,0,0.1578947368421052,0,4,0,0.0,1,http://chase-alert15.000webhostapp.com/chase%20alert%20_1/chase%20alert/auth,1,0,0
99,36,13,29,1,3,1,4.762193994142415,0,0,0,0,0,0,0,0,0,0,0.2929292929292929,1,2,0,0.0,0,http://fbnotification-500425735.becoffee.co/profile.html?countuser=920667f73f77d3df8e652ef88daad490,1,0,0
22,9,6,2,0,1,0,4.061482186720774,0,0,0,0,0,0,0,0,0,0,0.0909090909090909,0,0,0,0.0,0,http://dgxy.link/5hrz0,1,0,0
28,20,0,0,0,2,1,4.137537511266053,1,0,0,0,0,0,0,0,0,0,0.0,0,0,0,0.0,0,https://www.fidofriendly.com,1,0,0
43,31,5,3,0,3,2,4.3038307429232505,0,0,0,0,0,1,0,0,0,0,0.0697674418604651,0,0,1,0.8181184032758204,0,http://casinogamelifex.blogspot.com.ng/820/,0,0,0
79,32,40,4,0,2,1,4.672212988815317,0,0,0,0,0,0,0,0,0,0,0.050632911392405,0,4,0,0.0,0,http://breachmarketamplified.vercel.app/zl20vmdfjcji4entry=ttu&g_ep=egoymdi1mdm,1,0,0
46,19,20,12,0,2,1,4.5241235114692495,0,0,0,0,0,0,0,1,0,0,0.2608695652173913,0,0,0,0.0,0,http://c1780837.ferozo.com/login/postale/36526,1,0,0
19,11,0,0,0,2,1,3.5766176449086653,1,0,0,0,0,0,0,0,0,0,0.0,0,0,0,0.0,0,https://www.lob.com,1,0,0
19,12,0,0,0,2,1,3.5766176449086653,0,0,0,0,0,0,0,0,0,0,0.0,0,0,1,0.5039063903320362,0,http://www.virus.eu,0,0,0
60,18,35,3,0,4,2,4.417155962520949,0,0,0,0,0,0,0,1,1,0,0.05,0,0,0,0.0,0,http://adobe.com.invcs.gq/qah0wmzh3ls3d/validation/login.php,1,0,0
91,73,10,12,0,4,2,4.888473250788904,1,0,0,0,0,0,0,0,0,0,0.1318681318681318,0,0,1,0.9939228510336616,0,https://bafybeibsu27l2ndw3cputi5n7awa4oxxf2xbcuumwgktjkyqzn3gl6ph3i.ipfs.w3s.link/zpvx.html,0,0,0
34,19,7,0,1,3,1,3.755574237863743,1,0,0,0,0,0,0,0,1,0,0.0,0,0,1,0.7868061325560168,0,https://www.ekisenue-jp.top/jp.php,0,0,0
95,11,77,13,2,3,2,4.871958503634655,0,0,0,1,0,0,0,0,0,0,0.1368421052631579,0,0,0,0.0,0,http://3.19.241.87/mua/user/scis/j6unvhzsitlyrxstpnfun4tssjgejkn7dldp6fxsjfxo/3d/no-back-button,1,0,0
28,20,0,0,0,2,1,3.735926350629032,1,0,0,0,0,0,0,0,0,0,0.0,0,0,0,0.0,0,https://www.weltbienentag.de,1,0,0
64,25,12,17,0,2,1,4.897979296672175,0,0,0,0,0,0,0,0,1,0,0.265625,2,4,1,0.5340964357301263,0,http://tckodwlqiv.corn04wus.club/vnafvra97w/?q=3717065149&id=100,0,0,0
31,24,0,0,0,2,1,3.84888461662912,0,0,0,0,0,0,0,0,0,0,0.0,0,0,0,0.0,0,http://www.hesselawchambers.com,0,0,0
41,32,1,0,1,2,1,4.141105590449127,1,0,0,0,0,0,0,1,0,0,0.0,0,0,1,0.9117076247090784,0,https://sky-authenticate.firebaseapp.com/,0,0,0
23,15,0,0,0,2,1,3.849223912390625,1,0,0,0,0,0,0,0,0,0,0.0,0,0,1,0.9078128322915886,0,https://www.booking.com,0,0,0
95,26,19,19,0,3,1,4.879736135962654,0,0,0,0,0,0,0,2,0,0,0.2,1,3,0,0.0,0,http://fidelitysecure.duckdns.org/fidelity/login.php?primarymember_id=883567b82c53628149d5ec8f1,1,0,0
30,22,0,0,0,2,1,4.072905595320056,1,0,0,0,0,0,0,0,0,0,0.0,0,0,0,0.0,0,https://www.londonsvenskar.com,1,0,0
178,12,47,72,1,4,2,4.859812147634498,0,0,0,1,0,0,0,2,0,0,0.4044943820224719,3,7,0,0.0,0,http://140.82.27.13/bfa/verification/m49n927183n3cm8n7505/card.php?cmd=_account-details&session=1f7bc1722b33b96585109a3f41187654&dispatch=a5bc971485e3bee3bae1a79fa0591cc05931838e,1,0,0
112,16,68,29,2,3,1,4.710612312737394,0,0,0,0,0,0,0,0,0,0,0.2589285714285714,1,2,0,0.0,0,http://a0537332.xsph.ru/hjgjk-ca-qdgfyrtghed/dhhdfggjgsdjhhgfhtg/8a944897113af4a/region.php?auth=8a944897113af4a,1,0,0
191,26,128,37,1,2,1,5.25410157849321,0,0,0,0,0,0,0,0,0,0,0.193717277486911,1,3,0,0.0,0,http://cooperativasigloxxi.com.sv/wp-admin/gt/ik/of1/m8boq659xajdkfvtrsg73pc2ywli1hzu4n0eb8cvjsr5e3lo4ta01gipqkwhu6dzxm2n7y9f5jbtz1l982vh4ky7iamcd3eg6qsxfpr0ouwn?data=bwfza2vkqg1hc2tlzc5jb20=,1,0,0
23,16,0,0,2,2,1,3.882045108136863,0,0,0,0,0,0,0,0,1,0,0.0,0,0,0,0.0,0,http://www.sana-m-ir.cf,0,0,0
23,16,0,0,0,2,1,3.6424896731661263,0,0,0,0,0,1,0,0,0,0,0.0,0,0,1,0.5261487904210294,0,http://www.aonespot.com,0,0,0
55,17,31,4,1,1,0,4.481651650699858,0,0,0,0,0,0,0,0,0,0,0.0727272727272727,0,0,0,0.0,0,http://chronopostweb.net/colis-livraison/bibaztgkmv4117,1,0,0
24,17,0,0,0,1,0,3.855388542207534,0,0,0,0,0,0,0,0,1,0,0.0,0,0,0,0.0,0,http://genuineundead.xyz,0,0,0
104,15,81,12,1,2,0,4.785326410790937,1,0,0,0,0,0,0,0,0,0,0.1153846153846153,0,0,0,0.0,0,https://kursykuraray.pl/wp-content/plugins/foxrags/ease/verification/3e1cm420mdc35n0b2403/authorized.php,0,0,0
23,16,0,0,0,2,1,3.708132064658602,0,0,0,0,0,0,0,0,1,0,0.0,0,0,1,0.538243083745488,0,http://www.blitzhost.ga,0,0,0
31,13,10,0,1,1,0,3.962103165155795,1,0,0,0,0,0,0,0,0,0,0.0,0,0,1,0.8389884343577844,0,https://serviceman.ch/mtb-auth/,0,0,0
69,14,48,0,0,3,0,4.207676406110466,0,0,0,0,0,0,0,1,0,0,0.0,0,2,0,0.0,0,http://djfreshtech.in/alibaba/ali/login.php/__macosx/alibaba/dtma.txt,1,0,0
28,21,0,0,0,3,2,3.770942421748537,0,0,0,0,0,0,0,0,0,0,0.0,0,0,1,0.5554006154853257,0,http://www.digi.beeppool.org,0,0,0
26,19,0,0,0,2,1,3.873140679513132,0,0,0,0,0,0,0,0,0,0,0.0,0,0,1,0.7200675891273427,0,http://www.thomasreany.com,0,0,0
399,21,12,40,1,4,1,4.852465775911727,0,0,0,0,0,0,0,1,0,0,0.100250626566416,0,6,0,0.0,0,http://fifthy3bank.dd-dns.de/53b/ind.php?https://mail.com/mail/inbox/id/aaqkadyxnzm3othklwuymjmtngfhnc04ntlhlty3zdc3zmexndiyywaqaeo3jfsl4epso7q%2fhfxaiuuaaqkadyxnzm3othklwuymjmtngfhnc04ntlhlty3zdc3zmexndiyywaqaeo3jfsl4epso7q%2fhfxaiuuaaqkadyxnzm3othklwuymjmtngfhnc04ntlhlty3zdc3zmexndiyywaqaeo3jfsl4epso7q%2fhfxaiuuaaqkadyxnzm3othklwuymjmtngfhnc04ntlhlty3zdc3zmexndiyywaqaeo3jfsl4epso7q%2fhfxaiuu%3d,1,0,0
34,25,2,0,1,2,1,3.9513101799829657,0,0,0,0,0,0,0,0,1,0,0.0,0,0,0,0.0,0,http://ezdrivema.com-ioiakim.top/i,1,0,0
26,18,1,0,0,2,1,3.8441065448145375,0,0,0,0,0,0,0,0,0,0,0.0,0,0,0,0.0,0,http://www.bloomagric.com/,0,0,0
23,15,0,0,0,2,1,3.675310868912365,1,0,0,0,0,0,0,0,0,0,0.0,0,0,0,0.0,0,https://www.basmaty.com,1,0,0
145,106,32,47,3,5,3,5.050449742974289,0,0,0,0,0,0,0,1,0,0,0.3241379310344827,0,0,0,0.0,0,http://cox.com-6159368de39251d7a-login.id-107sbtd9cbhsbtd5d80a13c0db1f546757jnq9j5754675771845269.kylelierman.com/iloystgnjfrgthteawvo/indexx.php,1,0,0
98,31,52,19,1,4,2,4.793110232560489,1,0,0,0,0,0,0,1,0,0,0.1938775510204081,0,2,1,0.5595147295259577,1,https://www.secured1-chaase.duckdns.org/chase/e983e24b35af10f2fc9fd649fe9b4f07/disabled.php?error=,0,0,0
93,11,41,24,0,1,0,4.876960558836076,0,0,0,0,0,0,0,1,0,0,0.2580645161290322,2,6,0,0.0,0,http://garhold.net/744a37185fa8c4449a60bd11976f9045/signin/?country=united+states&local=en_us,1,0,0
131,24,1,9,2,1,0,4.938815033623137,1,0,0,0,0,0,0,0,0,0,0.0687022900763358,1,3,0,0.0,0,https://crosschainbridge-eth.com/?gclid=cjwkcaia5siebhbneiwar9oh2vy9yq0vuiatdgyarsqdbwlwezejyz3u2ljjjphfzmf2sgpv9hopiboco-wqavd_bwe,0,0,0
70,23,40,5,0,1,0,4.641952532109898,0,0,0,0,0,1,0,0,0,0,0.0714285714285714,0,0,0,0.0,0,http://deliverylifesupport.com/public/hlbkex8s9hszzl4c5b5kxrorxpgrcwwf,1,0,0
66,19,40,4,0,1,0,4.584082901061429,0,0,0,0,0,0,0,0,0,0,0.0606060606060606,0,0,1,0.7902751862454063,0,http://alhindjewellers.com/public/rq4ligylknpveupwoi2ccpe8xei7hhse,0,0,0
32,15,10,12,0,4,2,3.991729296672175,0,0,0,1,0,0,0,0,0,0,0.375,0,0,0,0.0,0,http://189.157.143.224/photo.lnk,1,0,0
37,29,0,0,0,3,2,3.905003027615696,1,0,0,0,0,0,0,0,0,0,0.0,0,0,0,0.0,0,https://www.perthpaellaparties.com.au,1,0,0
41,19,15,23,0,6,2,3.618912674980419,0,1,0,1,0,0,0,0,0,0,0.5609756097560976,0,0,0,0.0,0,http://115.190.235.92:8001/02.08.2022.exe,1,0,0
49,42,0,6,0,6,5,4.354007037771997,0,0,0,0,0,0,0,0,0,1,0.1224489795918367,0,0,1,0.692113646178857,0,http://www.ovz3.skazkatut2222.px7zm.vps.myjino.ru,0,0,0
27,20,0,0,0,2,1,3.884155094595805,0,0,0,0,0,0,0,0,0,0,0.0,0,0,1,0.9708680718911108,0,http://www.yourbookarts.com,0,0,0
18,10,0,0,0,1,0,3.683542362433231,1,0,0,0,0,0,0,0,0,0,0.0,0,0,1,0.5950553227437818,0,https://github.com,0,0,0
67,15,45,0,0,4,0,4.23767884024855,0,0,0,0,0,0,0,0,0,0,0.0,0,0,0,0.0,0,http://axetothemax.com/directing/www.atbonline.com/atb/question.php,1,0,0
23,15,0,0,0,2,1,3.795088586397733,1,0,0,0,0,0,0,0,0,0,0.0,0,0,0,0.0,0,https://www.lephenix.fr,1,0,0
29,22,0,0,0,2,1,3.767993392560786,0,0,0,0,0,0,0,0,0,0,0.0,0,0,0,0.0,0,http://dpqppdrdqh.duckdns.org,0,0,0
356,17,46,101,3,6,0,5.262794966513759,0,0,0,0,0,0,0,1,0,0,0.2837078651685393,2,13,0,0.0,0,http://garden-chapel.org/c/9ff33f8c847cfe60c5cf7cc03043c8c1/verify.php?country_x=-&acct_x=id-ppl=pa324181.214.2.142=scrpg=cd12f8ed8941031f22924aab49d01c3edf2aa5eb4e95acf49b5800d31ee12bfcs=$1$tq7xmqrk$yjterkwpsavtyj5ty2cj9.2qxadrdn6cjb4pkghoospy9ublevtg7x8lunsiwhmmz5jqfa3iv1yzfkew0crtncved6wu8i0qkbhgezo5dp4my1wshcjqxki7jps3xtvfg9t2fznlaomalyurbr7284888617,1,0,0
32,15,9,10,0,2,1,4.241729296672174,1,0,0,0,0,0,0,0,1,0,0.3125,0,0,1,0.6532517878156693,0,https://o1x.5412544.xyz/rlfzw0j1,0,0,0
24,13,4,10,0,3,2,3.823934896284056,0,0,0,1,0,0,0,0,0,0,0.4166666666666667,0,0,0,0.0,0,http://130.12.180.64/buf,1,0,0
21,14,0,0,0,2,1,3.689703732199547,0,0,0,0,0,0,0,0,1,0,0.0,0,0,1,0.9462004661414156,0,http://www.herzoge.cf,0,0,0
24,17,0,0,0,3,2,3.772055208874201,0,0,0,0,0,0,0,0,0,0,0.0,0,0,1,0.8025288979869657,0,http://www.memoria.od.ua,0,0,0
55,21,26,0,1,1,0,4.171444487270398,1,0,0,0,0,0,0,0,0,0,0.0,0,0,1,0.8885863156675119,0,https://mattersofheritage.com/wp-content/plugins/cerrb/,0,0,0
34,22,5,0,0,2,1,4.091159812399538,0,0,0,0,0,0,0,1,0,0,0.0,0,0,0,0.0,0,http://fnboverify.dnsdojo.com/fnbo,1,0,0
21,10,4,3,0,2,1,3.784941827437642,0,0,0,0,0,0,0,0,0,0,0.1428571428571428,0,0,0,0.0,0,http://cnc.504.su/aws,1,0,0
298,19,14,48,0,4,2,5.151260378275046,0,0,0,0,0,0,0,0,0,0,0.1610738255033557,0,2,0,0.0,0,http://admin.test.ayra.fun/authorize.php?3nzsw7oakdzjkr8rjzt0ddb16w2efwvque2dlqstlqfzcv5xf1hfckmvnxyrra3ccpfe6k6gy6dgyeiyeomj3gqiyvwvmpigaqo6wskncuaqnhv03js25qbflewrwo6q56mfigd5ijf9uc0la0ecctbhypknkodo8xc0b5xbhhup1byesw2vp0shelokdh2jwixcg63f54vuwewkyycdkicnjyxmwibna6lwuai0iv7emqdv9d6r7pao7cu5p05z=,1,0,0
20,13,0,0,0,2,1,3.446439344671015,0,0,0,0,0,0,0,0,0,0,0.0,0,0,0,0.0,0,http://www.hideme.be,0,0,0
25,18,0,0,0,2,1,3.5630741894285696,0,0,0,0,0,0,0,0,0,0,0.0,0,0,1,0.7968078886405601,0,http://www.omaromatic.com,0,0,0
64,25,12,16,0,2,1,4.960479296672175,0,0,0,0,0,0,0,0,1,0,0.25,2,4,0,0.0,0,http://tkmowpikuk.owl4fsrch.club/vnafvra97w/?q=3717065149&id=100,0,0,0
28,21,0,0,0,2,1,3.699513850319966,0,0,0,0,0,0,0,0,0,0,0.0,0,0,1,0.8774408897657059,0,http://www.winconnectors.com,0,0,0
42,26,8,4,1,2,1,4.415661470191764,1,0,0,0,0,0,0,0,0,0,0.0952380952380952,0,0,0,0.0,0,https://ebrookliyn1958.wixsite.com/my-site,0,0,0
98,31,52,23,1,4,2,4.813917375594241,1,0,0,0,0,0,0,1,0,0,0.2346938775510204,0,2,1,0.8704601860468952,1,https://www.secured1-chaase.duckdns.org/chase/fd2549923521e11e00fa496f78c33d8d/disabled.php?error=,0,0,0
33,26,0,0,0,2,1,3.74957424198874,0,0,0,0,0,0,0,0,0,0,0.0,0,0,0,0.0,0,http://www.europalettenkaufen.net,0,0,0
60,10,43,0,3,2,0,4.298499037874887,0,0,0,0,0,1,0,0,0,0,0.0,0,0,0,0.0,0,http://bawqat.com/handler-haunt-coercion-some/validation.php,1,0,0
28,21,0,0,1,2,1,3.967720100474499,0,0,0,0,0,0,0,0,0,0,0.0,0,0,1,0.5415428869963647,0,http://www.fantasy-radio.net,0,0,0
86,14,65,31,0,4,2,4.704207121815148,0,0,0,1,0,0,0,0,0,0,0.3604651162790697,0,0,0,0.0,0,http://209.97.172.139/folders/cibc/6f43cb1e8760f9643fc9a1adaa55959d/online/index2.html,1,0,0
195,34,76,6,3,3,1,4.5520130303185455,0,0,0,0,0,0,0,0,0,0,0.0307692307692307,3,14,0,0.0,0,http://demonology-chart.000webhostapp.com/century-lastn/century-last/century/jghkfdjgoh4t59/info/elpsycho/action.html?template=initiate&valid=true&session=$host$host$host$host$host$host$host$host,1,0,0
20,13,0,0,0,2,1,3.4841837197791885,0,0,0,0,0,0,0,0,0,0,0.0,0,0,1,0.8501630097086269,0,http://www.yoffc.com,0,0,0
31,24,0,0,0,2,1,3.9048632454520096,0,0,0,0,0,0,0,0,0,0,0.0,0,0,0,0.0,0,http://www.damynghetuanmanh.com,0,0,0
35,28,0,0,0,2,1,4.150292659616667,0,0,0,0,0,0,0,0,1,0,0.0,0,0,1,0.9462109090441349,0,http://www.mobilformonaydenzzii.top,0,0,0
86,18,45,3,0,2,0,4.490041124354561,0,0,1,0,0,0,0,0,1,0,0.0348837209302325,1,2,0,0.0,0,http://allgamingoffer.xyz/nji/mail/mail/https/mail/quota/upgrade/25gb/?email=3mail@b.c,1,0,0
51,31,12,3,0,2,1,4.201960274134418,1,0,0,0,0,0,0,1,0,0,0.0588235294117647,0,0,0,0.0,1,https://keamananfacebook122.wixsite.com/facebook/fb,0,0,0
36,19,9,0,0,4,2,4.072431251322119,1,0,0,0,0,0,0,0,0,0,0.0,0,0,1,0.5899680066090605,0,https://a.eddyx.workers.dev/dfe.html,0,0,0
73,14,52,20,0,1,0,4.381739889263022,0,0,0,0,0,1,0,0,0,0,0.273972602739726,0,0,0,0.0,0,http://abbas4rent.com/cgi/bofa/bofa/bofa/a293fd050ff6ffa1881d7a55a0a510e6,1,0,0
23,16,0,0,0,2,1,3.914866303883101,0,0,0,0,0,0,0,0,1,0,0.0,0,0,1,0.6792027318757332,0,http://www.suxjweyfb.gq,0,0,0
27,20,0,0,0,2,1,3.5878587982995085,0,0,0,0,0,0,0,0,0,0,0.0,0,0,1,0.958316303585214,0,http://www.dfdsfsdfasdf.com,0,0,0
96,16,73,18,3,3,1,4.660233262843733,0,0,0,0,0,0,0,1,1,0,0.1875,0,0,0,0.0,0,http://demo.djhost.info/review-account-set-up/aplle/ea9ae2c7ddee70c2e99a472e0080e619/vbvpage.php,1,0,0
27,19,0,0,0,2,1,3.958229168669879,1,0,0,0,0,1,0,0,0,0,0.0,0,0,0,0.0,0,https://www.araioflight.com,1,0,0
31,14,10,2,0,2,0,3.993730584231476,0,0,0,0,0,0,0,2,0,0,0.064516129032258,0,0,0,0.0,0,http://02accounts.com/login.php,1,0,0
23,16,0,0,0,2,1,3.675310868912365,0,0,0,0,0,0,0,0,0,0,0.0,0,0,1,0.7618155714591994,0,http://www.putnamob.com,0,0,0
52,22,23,4,0,1,0,4.284117785607542,0,0,0,0,0,0,0,0,0,0,0.0769230769230769,0,0,0,0.0,0,http://casasandiegopuerto.com/10aa/ingw3ll/ingw3ll/w,1,0,0
22,15,0,0,0,2,1,3.6978458230844113,0,0,0,0,0,0,0,0,0,0,0.0,0,0,1,0.6571004324585168,0,http://www.crophysi.ru,0,0,0
47,12,28,9,0,4,2,4.422263725105858,0,0,0,1,0,0,0,0,0,0,0.1914893617021276,0,0,0,0.0,0,http://20.151.65.84/finance/tang/questions.html,1,0,0
93,7,10,12,1,1,0,4.934057806837226,0,0,0,0,0,0,0,0,0,0,0.1290322580645161,1,2,0,0.0,0,http://cutt.us/porn-pool?fbclid=iwar2jlcyqomuir2krjbc8vkdrr9ebjzwusdnr2pgss27wt61dst87oqf2kge,1,0,0
79,7,64,6,0,2,0,4.797531147421522,1,0,0,0,0,0,0,0,0,0,0.0759493670886076,0,0,0,0.0,0,https://ipfs.io/ipfs/qmdpvrrdy3vngkuvvkg6guv4okfuxzxgya3cn9wamzkdu7/inndex.html,0,0,0
22,14,0,0,0,2,1,3.6635327548042538,1,0,0,0,0,0,0,0,0,0,0.0,0,0,0,0.0,0,https://www.passky.org,1,0,0
27,20,0,7,0,3,2,3.95822916866988,0,0,0,0,0,0,0,0,0,0,0.2592592592592592,0,0,1,0.8336359983104564,0,http://www.f0517576.xsph.ru,0,0,0
32,23,1,2,0,2,1,4.015319531114783,1,0,0,0,0,0,0,0,0,0,0.0625,0,0,0,0.0,0,https://lizc2f3.myportfolio.com/,0,0,0
37,9,21,0,1,1,0,4.057313082302175,0,0,0,0,0,0,0,0,1,0,0.0,0,0,0,0.0,0,http://bit-ly.ml/appatualizaseuitoken,1,0,0
15,8,0,0,0,2,1,2.872905595320056,0,0,0,0,0,0,0,0,0,0,0.0,0,0,0,0.0,0,http://www.t.gp,0,0,0
25,18,0,0,0,2,1,3.5434651896016467,0,0,0,0,0,0,0,0,0,0,0.0,0,0,1,0.6126835701338551,0,http://www.pcanywhere.net,0,0,0
24,17,0,0,0,2,1,3.855388542207534,0,0,0,0,0,0,0,0,0,0,0.0,0,0,1,0.9047692555582192,0,http://www.fairpayva.com,0,0,0
31,23,0,0,0,2,1,4.066784213473103,1,0,0,0,0,0,0,0,0,0,0.0,0,0,0,0.0,0,https://www.rachelpaulsfood.com,1,0,0
37,16,13,7,0,2,1,4.023661393171458,1,0,0,0,0,0,0,0,0,0,0.1891891891891892,0,0,0,0.0,0,https://urlhaus.abuse.ch/url/3734635/,1,0,0
428,12,21,85,2,13,2,5.279383375111555,0,0,0,1,0,0,0,4,0,0,0.1985981308411215,8,24,0,0.0,1,http://43.159.37.67/v3/signin/identifier?dsh=s1544056343:1679335279415643&followup=https://accounts.google.com/?&ifkv=awnogheza6vj1ymlq_-wd782qfn5bbjey79rujj1ciipmg2jcfyrzipi9g3rblhtpc_muol7o9v-uq&passive=1209600&xrealip=107.178.232.242&continue=https://accounts.google.com/?&xrealip=107.21.207.171&flowname=weblitesignin&flowentry=servicelogin&ifkv=awnogheyrwnqvh7ygysxxfexkh5w4qsthjsnemjrcuznondlpcfmri0zxvmhshzfkmjcemqu1dwrrw,1,0,0
35,27,0,0,0,3,2,3.92172123104524,1,0,0,0,0,0,0,0,0,0,0.0,0,0,0,0.0,0,https://www.steinereducation.edu.au,1,0,0
19,12,0,0,0,2,1,3.471354487013929,0,0,0,0,0,0,0,0,1,0,0.0,0,0,1,0.843376070505153,0,http://www.iopqo.cf,0,0,0
23,15,0,0,0,2,1,3.708132064658602,1,0,0,0,0,0,0,0,0,0,0.0,0,0,1,0.6770604269176118,0,https://www.harvard.edu,0,0,0
24,17,0,0,0,2,1,3.886842188131012,0,0,0,0,0,0,0,0,1,0,0.0,0,0,1,0.7148199189275624,0,http://www.bincryr.space,0,0,0
24,17,0,0,0,2,1,3.5739348962840563,0,0,0,0,0,0,0,0,0,0,0.0,0,0,1,0.5389811196166282,0,http://www.pedrojorge.pt,0,0,0
27,20,0,0,0,2,1,3.856196298219381,0,0,0,0,0,0,0,0,0,0,0.0,0,0,1,0.914709725509359,0,http://www.fameleathers.com,0,0,0
33,19,7,15,0,4,2,4.112427831414107,0,1,0,1,0,0,0,0,0,0,0.4545454545454545,0,0,0,0.0,0,http://175.30.71.238:44982/bin.sh,1,0,0
64,42,15,8,2,3,2,4.574087797403417,0,0,0,0,0,0,0,0,0,0,0.125,0,0,0,0.0,0,http://brave-rock-0cb82cb10.4.azurestaticapps.net/werrx01usahtml,1,0,0
26,17,1,0,1,1,0,4.026986833359286,1,0,0,0,0,0,0,0,0,0,0.0,0,0,1,0.5376082033808197,0,https://uniswap-event.org/,0,0,0
27,18,1,1,0,2,1,3.810081020521731,1,0,0,0,0,0,0,0,0,0,0.037037037037037,0,0,1,0.9165066779947016,0,https://htt3xgwica.web.app/,0,0,0
62,10,45,0,3,2,0,4.318710981092396,0,0,0,0,0,0,0,1,0,0,0.0,0,1,0,0.0,0,http://bcolm.mobi/bloqueos/userscis=login-dno-back-button.html,1,0,0
33,6,6,1,0,1,0,4.017900089633387,0,0,0,0,0,1,0,1,0,0,0.0303030303030303,0,1,0,0.0,0,http://bit.do/ft9pa?confirmations,1,0,0
95,33,13,19,1,3,1,4.980647218995629,0,0,0,0,0,0,0,0,0,0,0.2,1,2,0,0.0,0,http://fbookcom-myzxrzqu.xpertzgroup.com/nextvrf.html?location=bf64f7c50901c869b7cf0f3e454da9e1,1,0,0
22,15,0,4,0,2,1,3.732158891364569,0,0,0,0,0,0,0,0,0,0,0.1818181818181818,0,0,1,0.8805424975716449,0,http://www.wan4399.com,0,0,0
40,18,15,22,0,6,2,3.699581770147834,0,1,0,1,0,0,0,0,0,0,0.55,0,0,0,0.0,0,http://165.22.48.119:4444/02.08.2022.exe,1,0,0
68,9,52,26,0,2,0,4.521234996191254,0,0,0,0,0,0,0,0,0,0,0.3823529411764705,0,1,0,0.0,0,http://censor.be/wordpress/ca%203.0/b50dd32b0cd97fe03053b39b82128463,1,0,0
37,30,0,0,0,2,1,4.134468568039293,0,0,0,0,0,0,0,0,0,0,0.0,0,0,1,0.7628192546718586,0,http://www.farminginthefloodplain.com,0,0,0
37,16,13,7,0,2,1,4.044063758094795,1,0,0,0,0,0,0,0,0,0,0.1891891891891892,0,0,0,0.0,0,https://urlhaus.abuse.ch/url/3739217/,1,0,0
27,19,0,0,0,2,1,3.986187965046304,1,0,0,0,0,0,0,0,0,0,0.0,0,0,0,0.0,0,https://www.leblockhaus.com,1,0,0
297,13,19,53,0,4,2,5.162798539267283,0,0,0,1,0,0,0,0,0,0,0.1784511784511784,0,2,0,0.0,0,http://185.46.46.116/authorizef1d9.html?os9ahcwywgshabpl1cwbe6edv5fkzf80avjlwihx7sskmfi7q0fw4deaxvmfyu5zzxcnxnqaobgzjqimtk74axmslfpphut5tprmnvyvlxd6uuqqfw80jntohchgpxukh9c8hdiwjgpabt49fg24ebwljwmi0youderhtzu4sh8e1n6ohxqtkxnfxd0jacw1dyz9p63pahoj77ih21jzdbe6aujj7yzfl8cfvov3nsznefhwwfmrxhhgibbjaqnu=,1,0,0
67,7,53,0,2,1,0,4.252896004556817,0,0,0,0,0,0,0,0,0,0,0.0,0,0,0,0.0,0,http://alko.ar/wp-admin/wf-fonts/script/cacheiiwellsids/wfxnx/wfxnx,1,0,0
51,44,0,0,2,2,1,4.250281714265991,0,0,0,0,0,0,0,0,1,0,0.0,0,0,1,0.8386916624481345,0,http://www.transirirenern-semizafunic-nonivubed.biz,0,0,0
37,16,13,7,0,2,1,4.023661393171458,1,0,0,0,0,0,0,0,0,0,0.1891891891891892,0,0,0,0.0,0,https://urlhaus.abuse.ch/url/3744694/,1,0,0
31,24,0,0,0,3,2,4.15565155225257,0,0,0,0,0,0,0,0,0,0,0.0,0,0,0,0.0,0,http://www.gohvjgbrplkm.myfw.us,0,0,0
34,25,2,0,1,2,1,4.02085512047121,0,0,0,0,0,0,0,0,1,0,0.0,0,0,0,0.0,0,http://ezdrivema.com-ioiakvr.top/i,1,0,0
27,20,0,0,0,2,1,3.958229168669879,0,0,0,0,0,0,0,0,1,0,0.0,0,0,0,0.0,0,http://www.adobedocument.cf,0,0,0
39,31,1,0,0,2,1,4.12170791154804,0,0,0,0,0,0,0,0,0,0,0.0,0,0,1,0.7590675439510661,0,http://cookrknnlloggn.godaddysites.com/,0,0,0
144,105,32,46,3,5,3,5.046986555768894,0,0,0,0,0,0,0,1,0,0,0.3194444444444444,0,0,0,0.0,0,http://cox.com-6159368de39251d7a-login.id-107sbtd9cbhsbtd5d80a13c0db1f546757jnq9j575467574635259.kylelierman.com/iloystgnjfrgthteawvo/indexx.php,1,0,0
56,32,16,0,0,3,1,4.284422555715743,1,0,0,0,0,0,0,0,0,0,0.0,0,0,1,0.796377513506239,0,https://www.coimbatoreoffsetprinting.com/elca/index.html,0,0,0
33,26,0,0,2,2,1,4.081532376606413,0,0,0,0,0,0,0,0,0,0,0.0,0,0,1,0.6182144516138052,0,http://www.avon-katalog-online.cz,0,0,0
29,15,6,0,0,2,1,3.883337460421007,1,0,0,0,0,0,0,0,0,0,0.0,0,0,0,0.0,0,https://www.dropbox.com/about,0,0,0
163,11,17,43,1,7,1,5.16796655827849,0,0,0,0,0,0,0,1,0,0,0.263803680981595,1,9,0,0.0,0,http://ajltd.co.uk/office/login.php?l=_jehfuq_vjoxk0qwhtogydw1774256418&fid.13inboxlight.aspxn.1774256418&fid.125289964252813inboxlight99642_product-userid&userid=,1,0,0
58,33,1,4,1,3,2,4.386287091053585,1,0,0,0,0,0,0,0,0,0,0.0689655172413793,1,3,1,0.5507867746166589,0,https://onedrive-sp.pluto6496.workers.dev/?sso_reload=true,0,0,0
92,29,13,22,1,3,1,4.7834825822581895,0,0,0,0,0,0,0,0,0,0,0.2391304347826087,1,2,0,0.0,0,http://comfb-5d6ufpux6v.grupoacor.pe/profile.html?countuser=3a4ff5be5d69bd3b39737b7c13f31d66,1,0,0
21,14,0,0,0,2,1,3.6537567082870006,0,0,0,0,0,0,0,0,0,0,0.0,0,0,0,0.0,0,http://www.gtraff.com,0,0,0
41,32,1,12,2,2,1,4.500980895379943,1,0,0,0,0,0,0,0,0,0,0.2926829268292683,0,0,1,0.9454528761822448,0,https://att-103537-105829.weeblysite.com/,0,0,0
33,17,9,0,0,2,1,4.2107645737727895,0,0,0,0,0,0,0,0,0,0,0.0,0,0,0,0.0,0,http://bot.devnguvcl.dev/bins/arm,1,0,0
62,24,31,7,0,3,1,4.497684011615937,0,0,1,0,0,0,0,0,0,0,0.1129032258064516,0,0,0,0.0,0,http://american.websitdemos.cfd/apd/ird/apjazz943319/3mail@b.c,1,0,0
26,19,0,0,0,2,1,3.921029621737614,0,0,0,0,0,1,0,0,0,0,0.0,0,0,1,0.5342888856988766,0,http://www.enugeresult.com,0,0,0
230,80,46,51,14,5,3,5.167347332620725,1,0,0,0,0,0,0,1,0,0,0.2217391304347826,3,7,0,0.0,0,https://30-02-5g90-4395gh3vnb-0w8rgbf0-wbei-0ebf-0h.obs.ap-southeast-3.myhuaweicloud.com/bv3oi84-3gh95-08fihrbwfn-0w8irf-0wbe-fhw.html?awsaccesskeyid=sklopwpnkxzh1ld7wjsq&expires=1677693542&signature=cqseh6id8w3eh5u2o6sj5y73nga%3d,0,0,0
60,12,40,1,0,3,1,4.164468304875446,1,0,0,0,0,0,0,0,0,0,0.0166666666666666,0,0,1,0.5250667228880712,0,https://s3.jawab.app/chat/reports/firstopenreport/index.html,0,0,0
21,12,1,0,0,1,0,3.6537567082870006,1,0,0,0,0,0,0,0,0,0,0.0,0,0,1,0.9198976832220338,0,https://coursera.org/,0,0,0
49,19,22,2,4,2,0,4.336563099562337,1,0,0,0,1,0,0,0,0,0,0.0408163265306122,0,0,1,0.5480525631860967,0,https://xn--g1acv.xn--c1avg/new/outlook/index.php,0,0,0
32,23,1,6,1,2,1,4.179229296672174,1,0,0,0,0,0,0,0,1,0,0.1875,0,0,1,0.9068395004098172,0,https://mail-106710.square.site/,0,0,0
19,11,1,0,0,1,0,3.8924071185928746,0,0,0,0,0,0,0,0,0,0,0.0,0,0,0,0.0,0,http://juliegr.com/,0,0,0
257,15,35,80,2,6,2,4.965776201728584,0,0,0,1,0,0,0,0,0,0,0.311284046692607,4,11,0,0.0,1,http://162.241.157.223/~happyjax/wp-includes/oute_pag.php?online.wellsfargo.com=logon-verification&_pagelabel=submit&id=43ede447ceb3d8e9a602f508dbf7a88c43ede447ceb3d8e9a602f508dbf7a88c&session=43ede447ceb3d8e9a602f508dbf7a88c43ede447ceb3d8e9a602f508dbf7a88c,1,0,0
20,13,0,0,0,3,2,3.5086949695628418,0,0,0,0,0,0,0,0,0,0,0.0,0,0,0,0.0,0,http://www.rsk.co.tz,0,0,0
54,32,15,0,0,3,1,4.141268466797409,0,0,0,0,0,0,0,0,0,0,0.0,0,0,0,0.0,0,http://desiratnasaribiduandangdut.my.id/forgotten.html,1,0,0
34,13,14,0,0,1,0,4.098944003766904,0,0,0,0,0,0,0,1,0,0,0.0,0,0,0,0.0,0,http://fidinvoce.com/banks/simplii,1,0,0
155,15,55,16,0,4,2,4.653915424941779,0,0,0,1,0,0,0,0,0,0,0.1032258064516129,3,15,0,0.0,0,http://207.174.215.159/~pugeph4f/century/jghkfdjgoh4t59/info/hihj/action.html?template=initiate&valid=true&session=$host$host$host$host$host$host$host$host,1,0,0
21,14,0,0,0,2,1,3.784941827437642,0,0,0,0,0,0,0,0,1,0,0.0,0,0,1,0.6108063958311791,0,http://www.conradl.cf,0,0,0
36,14,15,1,0,1,0,3.961320140211008,0,0,0,0,0,0,0,0,1,0,0.0277777777777777,0,0,0,0.0,0,http://crew4mellc.top/elison/ourtime,1,0,0
31,23,0,0,0,2,1,3.824533406881911,1,0,0,0,0,0,0,0,0,0,0.0,0,0,0,0.0,0,https://www.northsouthmusic.org,1,0,0
81,59,15,10,3,5,3,4.6513542501623,0,0,0,0,0,0,0,0,0,0,0.1234567901234567,0,0,0,0.0,0,http://app-wiiuewrdfjyud1.f62stlkr1r-gok67p7dr652.p.temp-site.link/forgotten.html,1,0,0
25,17,0,0,0,2,1,4.053660689688185,1,0,0,0,0,0,0,0,0,0,0.0,0,0,0,0.0,0,https://www.lovepanky.com,1,0,0
25,18,0,0,0,2,1,3.863465189601646,0,0,0,0,0,0,0,0,0,0,0.0,0,0,0,0.0,0,http://www.sakrobazar.com,0,0,0
28,20,0,0,0,2,1,3.7803946541231945,1,0,0,0,0,0,0,0,0,0,0.0,0,0,0,0.0,0,https://www.warriorforum.com,1,0,0
34,25,2,0,1,2,1,4.079678649882975,0,0,0,0,0,0,0,0,1,0,0.0,0,0,0,0.0,0,http://ezdrivema.com-ioiakyz.top/i,1,0,0
31,23,1,0,1,3,2,3.993730584231476,0,0,0,0,0,0,0,1,0,0,0.0,0,0,1,0.5769527028649245,0,http://www.apple.com-srt.cloud/,0,0,0
212,14,65,47,3,6,0,5.163643515015171,0,0,0,0,0,0,0,1,0,0,0.2216981132075471,1,9,0,0.0,1,http://equipoecli.com/wordpress/wp-content/themes/office365-k/microsoftdocs/index2.php?l=_jehfuq_vjoxk0qwhtogydw1774256418&fid.13inboxlight.aspxn.1774256418&fid.125289964252813inboxlight99642_product-email&email=,1,0,0
98,35,13,23,3,3,1,4.765826779236856,0,0,0,0,0,0,0,0,0,0,0.2346938775510204,1,2,0,0.0,0,http://fbterms-hbds3his.ost-west-berlin.de/profile.html?countuser=30fd16c2cf6c60e8b2b1011585c43201,1,0,0
184,13,122,43,0,1,0,5.234046914794678,0,0,0,0,0,0,0,0,0,0,0.233695652173913,1,2,0,0.0,0,http://bijoycity.com/nbm/0412/721/uxpcz3wiv7kf6rs9og2d5qlmthyb8ej1a04nyh2q4n508elikfg6ajbtu1dz3cvowrsm7p9x9hz1vpjxfr46ug7a8ydoiwb5km2cnetl03sq?data=bwvsa3vuzguucnvwywxpqgdzcy56aw0uy29t,1,0,0
21,14,0,3,0,2,1,3.689703732199547,0,0,0,0,0,0,0,0,0,0,0.1428571428571428,0,0,1,0.8587013212498164,0,http://www.100dof.com,0,0,0
62,31,24,4,0,2,0,4.440511287290676,0,0,0,0,0,0,0,0,0,0,0.064516129032258,0,0,0,0.0,0,http://fantasyislandbrewingcompany.com/att2021/basic/index.php,1,0,0
20,11,1,1,0,1,0,3.484183719779189,1,0,0,0,0,0,0,0,1,0,0.05,0,0,0,0.0,0,https://etcsda4.top/,0,0,0
100,21,72,20,1,1,0,4.720498315916674,0,0,0,0,0,0,0,1,0,0,0.2,0,0,0,0.0,0,http://generatorsolutions.in/wp-admin/network/bankof/bofa/bofa/bofa/6dcc5e9f3c96e80e22268733c021ed4a,1,0,0
24,17,0,0,0,2,1,3.886842188131012,0,0,0,0,0,0,0,0,0,0,0.0,0,0,1,0.8584659942058985,0,http://www.hrbggames.com,0,0,0
32,25,0,6,0,3,2,4.241729296672174,0,0,0,0,0,0,0,0,1,0,0.1875,0,0,0,0.0,0,http://www.api083102.camerac.xyz,0,0,0
96,18,71,0,2,2,0,4.296454398796624,0,0,0,0,0,0,0,3,0,0,0.0,0,1,0,0.0,0,http://aspiresolutions.io/.well-known/pki-validation/authentication/updateverifyprss!/scotiabank,1,0,0
23,16,0,0,0,3,2,3.708132064658602,0,0,0,0,0,0,0,0,0,0,0.0,0,0,1,0.5241463505170297,0,http://www.al.yewhd.com,0,0,0
84,31,46,2,8,1,0,4.399459203537599,0,0,0,0,0,0,0,4,1,0,0.0238095238095238,0,1,0,0.0,1,http://dashboard-onlinelogin-site5.xyz/safe&secure-chase-bank-online-account-login-5,1,0,0
59,17,34,2,1,1,0,4.058208043659402,1,0,0,0,0,0,0,0,0,0,0.0338983050847457,0,0,1,0.6898595274990089,0,https://couponsonfire.com/wp-content/themes/it/intesa/6af1c,0,0,0
57,15,35,1,0,2,0,4.315284865673198,0,0,0,0,0,0,0,0,0,0,0.0175438596491228,0,1,0,0.0,0,http://eastwfredw.buzz/1st/americafirst.com_drthur/domain,1,0,0
92,17,68,2,1,3,0,4.255896497025975,0,0,0,0,0,0,0,0,0,0,0.0217391304347826,0,0,0,0.0,0,http://ayurvedajeevan.in/adds/covid-19/invoice/toda/index.php/js/css/css/assets/logs/far.txt,1,0,0
24,16,0,0,0,2,1,3.740601562950723,1,0,0,0,0,0,0,0,0,0,0.0,0,0,0,0.0,0,https://www.balistyka.ua,1,0,0
20,13,0,0,0,2,1,3.546439344671016,0,0,0,0,0,0,0,0,0,0,0.0,0,0,0,0.0,0,http://www.ialoo.com,0,0,0
29,21,0,0,0,2,1,4.073329701949522,1,0,0,0,0,0,0,0,0,0,0.0,0,0,0,0.0,0,https://www.califbusiness.com,1,0,0
71,52,11,0,0,4,2,4.198178811406262,1,0,0,0,0,0,0,0,0,0,0.0,0,0,1,0.5203718479875974,0,https://amusingunrulyinterfacestandard.tradertrading.repl.co/index.html,0,0,0
31,22,1,1,0,2,1,4.042433003725894,1,0,0,0,0,0,0,0,0,0,0.032258064516129,0,0,1,0.949252833219375,0,https://am2fcu.firebaseapp.com/,0,0,0
264,26,18,31,0,3,1,5.1121137793029785,0,0,0,0,0,0,0,1,0,0,0.1174242424242424,2,4,0,0.0,1,http://facebook.educatiionmba.com/app/facebook.com/?lang=nl&key=ay0oef61gsinwfontibssijfdqf1qavmvkqfuhxck9vg9i8yzkg43ahqfysmcqcpbdif5fw5kx5fmg8ofsrn9qv9s9rk3iehsdwqqjh7otdkbf2gchlq5ojl7jeznb3pdv0g2wnltfytgviedmxszg8qstbwwbiproyb2kmnskoizlxlud59lvafp01ckbuhzo6ombct,1,0,0
39,15,17,12,0,3,2,4.162980744225906,0,0,0,1,0,0,0,1,0,0,0.3076923076923077,0,0,0,0.0,0,http://178.128.133.222/banks/laurentian,1,0,0
30,22,0,0,0,3,2,3.923231428797621,1,0,0,0,0,0,0,0,0,0,0.0,0,0,0,0.0,0,https://www.cei.washington.edu,1,0,0
43,27,1,2,0,1,0,4.2549966622230215,0,0,0,0,0,0,0,1,0,0,0.0465116279069767,1,2,0,0.0,0,http://alldatasupportgroup01.click/?lang=ba,1,0,0
29,20,1,5,0,2,1,3.814371943179628,1,0,0,0,0,0,0,0,0,0,0.1724137931034483,0,0,1,0.5287704255601476,0,https://bellton00007.web.app/,0,0,0
47,14,26,4,1,2,0,4.106948425777472,0,0,0,0,0,0,0,0,0,0,0.0851063829787234,0,0,0,0.0,0,http://ca-accweb.best/sh/j0l30o/bdesj/desj2.php,1,0,0
25,18,0,0,0,2,1,3.973660689688185,0,0,0,0,0,0,0,0,0,0,0.0,0,0,0,0.0,0,http://www.narcologics.ru,0,0,0
19,10,1,0,0,1,0,3.681880802803402,1,0,0,0,0,0,0,0,0,0,0.0,0,0,1,0.9910697251019324,0,https://zillow.com/,0,0,0
24,16,0,0,0,2,1,3.855388542207534,1,0,0,0,0,0,0,0,0,0,0.0,0,0,0,0.0,0,https://www.taidaily.com,1,0,0
21,14,0,0,0,2,1,3.6537567082870006,0,0,0,0,0,0,0,0,0,0,0.0,0,0,0,0.0,0,http://www.dronerc.it,0,0,0
27,19,0,0,0,2,1,3.8841550945958048,1,0,0,0,0,0,0,0,0,0,0.0,0,0,0,0.0,0,https://www.lumbercartel.ca,1,0,0
46,19,19,16,0,4,2,4.480645250599684,1,1,0,1,0,0,0,0,0,0,0.3478260869565217,0,0,0,0.0,0,https://94.166.178.112:8443/sda1/GOT/Video.lnk,1,0,0
91,13,71,36,2,4,2,4.61516813646718,0,0,0,1,0,0,0,0,0,0,0.3956043956043956,0,0,0,0.0,0,http://68.183.86.127/online/cibc/8721642195556e6f1a6d52666569aa04/ebm-mobile-app/index.html,1,0,0
37,30,0,0,0,3,2,4.134468568039293,0,0,0,0,0,0,0,0,0,0,0.0,0,0,1,0.7261921202724169,0,http://www.helpdesk.autodefragapp.com,0,0,0
24,17,0,0,0,2,1,3.8035088547976783,0,0,0,0,0,0,0,0,0,0,0.0,0,0,1,0.8902067827998099,0,http://www.travelwau.com,0,0,0
22,15,0,0,0,2,1,3.606936732175321,0,0,0,0,0,0,0,0,0,0,0.0,0,0,0,0.0,0,http://www.olawyer.net,0,0,0
33,25,0,0,0,2,1,4.12728313431329,1,0,0,0,0,0,0,0,0,0,0.0,0,0,0,0.0,0,https://www.drinkanddrugsnews.com,1,0,0
25,18,0,0,0,2,1,3.863465189601646,0,0,0,0,0,0,0,1,0,0,0.0,0,0,0,0.0,0,http://www.datenbank.mobi,0,0,0
37,18,12,0,1,3,1,3.918252351823076,0,0,0,0,0,0,0,2,0,0,0.0,0,0,0,0.0,1,http://cpcontacts.d-tv.tv/apple.login,1,0,0
34,25,1,4,1,2,1,4.175123135113461,1,0,0,0,0,0,0,0,0,0,0.1176470588235294,0,0,1,0.9976167825027468,0,https://sbi-b5954.firebaseapp.com/,0,0,0
25,18,0,0,0,2,1,4.053660689688185,0,0,0,0,0,0,0,0,0,0,0.0,0,0,1,0.5549679472866731,0,http://www.domikivlesu.ru,0,0,0
24,16,0,0,0,2,1,3.501629167387823,1,0,0,0,0,0,0,0,0,0,0.0,0,0,0,0.0,0,https://www.woodloch.com,1,0,0
33,24,1,0,1,2,1,3.934418650173887,1,0,0,0,0,0,0,1,0,0,0.0,0,0,1,0.728088082452382,0,https://sky-authenticate.web.app/,0,0,0
37,16,13,7,0,2,1,4.098117812148849,1,0,0,0,0,0,0,0,0,0,0.1891891891891892,0,0,0,0.0,0,https://urlhaus.abuse.ch/url/3684459/,1,0,0
19,11,0,0,0,1,0,3.576617644908665,1,0,0,0,0,0,0,0,0,0,0.0,0,0,1,0.52182976588604,0,https://spotify.com,0,0,0
97,25,53,11,2,4,2,4.541154886028223,0,0,0,0,0,0,0,0,0,0,0.1134020618556701,0,1,0,0.0,0,http://agianmailr.temp.swtest.ru/ago/c-agricole/c-agricole/45e788044f9af65/region.php?particulier,1,0,0
30,12,11,9,0,3,2,4.056564762130954,0,0,0,1,0,0,0,1,0,0,0.3,0,0,0,0.0,0,http://139.59.89.57/banks/cibc,1,0,0
24,15,1,1,1,2,1,3.8553885422075354,1,0,0,0,0,0,0,0,0,0,0.0416666666666666,0,0,1,0.5042255547652719,0,https://sbcx-4v.web.app/,0,0,0
23,15,0,0,0,2,1,3.9690016298759936,1,0,0,0,0,0,0,0,0,0,0.0,0,0,0,0.0,0,https://www.biguine.com,1,0,0
33,24,1,0,0,2,1,3.884858891889048,1,0,0,0,0,0,0,0,0,0,0.0,0,0,0,0.0,0,https://polkasupport.netlify.app/,0,0,0
33,26,0,0,0,2,1,4.043801694853791,0,0,0,0,0,0,0,0,0,0,0.0,0,0,1,0.7245687914845294,0,http://www.modexcommunications.eu,0,0,0
292,10,89,81,1,14,0,5.005837603595729,0,0,0,0,0,0,0,1,0,0,0.2773972602739726,3,21,0,0.0,0,http://dujabd.org/ssnbsnbsb/jsjhsh/cmd-login=6d0fecb66fbca13ec8bea4e3d33d5a40/tn1j3rqsa4pstdd8chsnjh2a.php?rand=13inboxlightaspxn.1774256418&fid.4.1252899642&fid=1&fav.1&rand.13inboxlight.aspxn.1774256418&fid.1252899642&fid.1&fav.1&email=&loginpage=&.rand=13inboxlight.aspx?n=1774256418&fid=4,1,0,0
40,13,20,1,0,3,0,4.315311532225102,0,0,0,0,0,0,0,0,1,0,0.025,0,0,0,0.0,1,http://clarkssef.biz/w1/m.wellsfargo.com,1,0,0
24,17,0,4,0,2,1,3.855388542207534,0,0,0,0,0,0,0,0,0,0,0.1666666666666666,0,0,1,0.8760313674933138,0,http://www.46vi8yt4i.cfd,0,0,0
31,24,0,4,1,1,0,4.147114052043201,0,0,0,0,0,0,0,0,0,0,0.1290322580645161,0,0,0,0.0,0,http://syneoshealth-iso9001.com,0,0,0
328,14,307,7,0,1,0,4.555394179232527,0,0,0,0,0,0,0,0,0,0,0.0213414634146341,0,2,0,0.0,0,http://calimgrabs.com/timbergrey/meiney/hairy/jedd/gjhfkghfgfghfhjfghfjghjfghfhgfhghfjhdfjhjdfdf/fjghfjhguhurhgjghjfgjdhjdhghfghkfgjkdghjgljklhjkykutukhkfhgjfghdhghdgfhgegdghjdfghjhgjdgh/jjacopzykfzdskmccunnoqhendgapkrghxrchwgzdnlgpvuwzpynxwehgstrkpovvrklprjbmmtuspxsilaphkttzvfrxpzpsirr/y29szubmb3j0cmvzc3dlywx0agdyb3vwlmnvbq==,1,0,0
38,12,18,6,0,2,0,4.005314856894279,1,0,0,0,0,0,0,0,0,0,0.1578947368421052,0,1,1,0.5308071174612377,0,https://port9302.com/1/my_gov/otp2.php,0,0,0
20,13,0,0,0,2,1,3.6841837197791887,0,0,0,0,0,0,0,0,0,0,0.0,0,0,1,0.935107153730383,0,http://www.gliss.com,0,0,0
27,13,6,0,0,2,1,3.8282375018429553,1,0,0,0,0,0,0,0,0,0,0.0,0,0,1,0.8910908239927247,0,https://www.quora.com/about,0,0,0
29,21,0,0,0,2,1,3.909368063943885,1,0,0,0,0,0,0,0,0,0,0.0,0,0,0,0.0,0,https://www.sanluisobispo.com,1,0,0
573,14,552,136,0,9,2,4.480780714682864,0,0,0,1,0,0,0,2,0,0,0.2373472949389179,0,63,0,0.0,0,http://212.104.43.201/errors/53/ndex.php/''''''''http:/212.104.43.201/errors/53/fifth%20third%20banking%20login%20_%20fifth%20third%20bank_files/fifth%20third%20banking%20login%20_%20fifth%20third%20bank_files/fifth%20third%20banking%20login%20_%20fifth%20third%20bank_files/js(7)/fifth%20third%20banking%20login%20_%20fifth%20third%20bank_files/fifth%20third%20banking%20login%20_%20fifth%20third%20bank_files/fifth%20third%20banking%20login%20_%20fifth%20third%20bank_files/fifth%20third%20banking%20login%20_%20fifth%20third%20bank_files/sh.f48a1a04fe8dbf021b4cda1d.html,1,0,0
167,16,18,43,1,6,0,5.180351534577219,0,0,0,0,0,0,0,1,0,0,0.2574850299401197,1,9,0,0.0,0,http://coctilshaker.com/alibaba/login.php?l=_jehfuq_vjoxk0qwhtogydw1774256418&fid.13inboxlight.aspxn.1774256418&fid.125289964252813inboxlight99642_product-email&email=,1,0,0
23,16,0,0,0,3,2,3.468576629687865,0,0,0,0,0,0,0,0,0,0,0.0,0,0,0,0.0,0,http://www.cq.tqomz.com,0,0,0
184,37,62,6,2,3,1,4.569929416583725,0,0,0,0,0,0,0,0,0,0,0.0326086956521739,3,14,0,0.0,0,http://favored-combination.000webhostapp.com/century-last/century/jghkfdjgoh4t59/info/elpsycho/action.html?template=initiate&valid=true&session=$host$host$host$host$host$host$host$host,1,0,0
35,26,1,0,2,2,1,4.150292659616667,1,0,0,0,0,0,0,0,0,0,0.0,0,0,1,0.5261158740228051,0,https://www-info-orico.kilnpay.com/,0,0,0
42,35,0,8,0,2,1,4.243158791671845,0,0,0,0,0,0,0,0,0,0,0.1904761904761904,0,0,1,0.940093609565423,0,http://www.18wp8zb1axq2qdxusp2u18djbta.net,0,0,0
91,7,76,18,0,2,0,4.925055289656409,1,0,0,0,0,0,0,0,0,0,0.1978021978021978,0,0,0,0.0,0,https://ipfs.io/ipfs/bafybeicjrx4m6f335zbsb5b5c42uo7hyk2czte7rxvwqjqdf67aob2vwvm/111bt.html,0,0,0
73,26,40,8,0,2,1,4.862511504228221,0,0,0,0,0,0,0,0,0,0,0.1095890410958904,0,0,0,0.0,0,http://delivery.imaginedbyjess.co/public/qftw5wr7mrz3l0b3q0jtnynvcczx0c8s,1,0,0
130,24,70,12,1,7,2,4.813618985815546,0,0,0,0,0,0,0,0,0,0,0.0923076923076923,1,3,0,0.0,0,http://budzislaw.parafia.net.pl/images/runpayroll.adp.com/verification/68mea16mnna742n619mb/index.php?country.x=us-united%20states,1,0,0
30,23,0,0,0,2,1,3.856564762130954,0,0,0,0,0,0,0,0,0,0,0.0,0,0,1,0.6404133107123888,0,http://www.tripadvisorsapp.com,0,0,0
38,31,0,4,2,2,1,4.221097250057957,0,0,0,0,0,0,0,0,0,0,0.1052631578947368,0,0,1,0.6401198525157057,0,http://www.securitycamera-at-2022.life,0,0,0
421,171,243,175,4,6,4,4.964082470600784,0,0,1,0,0,0,0,0,0,1,0.4156769596199525,0,0,0,0.0,0,http://7d749aa7a102846ab64491e37f83af61c319bf59a46710e5538420.71993e6f8e87e5d4c6b1219e0503a95b17c21f.7d749aa7a102846ab64491e37f83af61c319bf59a46710e5538420.okfpoipodf.duckdns.org/b-jackifairall@hotmail.com-eabdcf2fc867562b935bb429fcecc4277be3919fd23b2d8d770609a193d6ec30f2c894eabe45-g0kdv66obrg21a59adgmpu4xadv3s697hlk64jjdbjrr5ifdahz7gumthwkhtsyhwebu-ufetgiedagsrx5fsg61hnmn9ohghhh8ay6jidkfslb4tcpcwb7d5hsv3qjo8ghdfgs4as,1,0,0
127,20,100,24,0,5,1,4.702074492579256,0,0,0,0,0,1,0,0,0,0,0.1889763779527559,0,1,0,0.0,0,http://044088d.wcomhost.com/www.santanader.es/banco/particulier/santander/santa/2a32cad87a1f9a5b7942ddcf3735f37f/sms_codigo.php,1,0,0
24,10,6,0,0,1,0,3.720175521464345,1,0,0,0,0,0,0,0,0,0,0.0,0,0,1,0.8194423502279199,0,https://github.com/about,0,0,0
42,19,15,16,0,4,2,4.261132303628119,1,1,0,1,0,0,0,0,0,0,0.3809523809523809,0,0,0,0.0,0,https://118.210.123.60:8443/sda2/Video.scr,1,0,0
234,17,78,83,0,2,0,4.791184537277351,0,0,0,0,0,0,0,0,0,0,0.3547008547008547,0,1,0,0.0,0,http://fujiyamatreks.com/pdf/payments/advicepaid/financialreport/sharedbalance/verificationattempt.php?sf58gfd1s689sxd2sdf8angf264s9df23sd2f1n495k3l2c151645172991f1477dbd26917ef3822423f62e984a91f1477dbd26917ef3822423f62e984a91f1477dbd,1,0,0
34,20,7,16,0,4,2,3.962031591059445,0,1,0,1,0,0,0,0,0,0,0.4705882352941176,0,0,0,0.0,0,http://27.207.217.144:36912/bin.sh,1,0,0
28,21,0,0,0,2,1,3.753434386188784,0,0,0,0,0,0,0,0,0,0,0.0,0,0,1,0.6237514565567394,0,http://www.engagedcapital.ca,0,0,0
166,43,1,24,0,3,2,4.917053557284077,0,0,0,0,0,0,0,0,0,0,0.144578313253012,1,8,0,0.0,0,http://3999guillaume.hebert.jumpmutchsskelyton.com/?vgh=z3vpbgxhdw1llmhlymvydebzew50yxguy29t?q=ahr0chm6ly93d3cuz29vz2xllmnvbq==?q=z3vpbgxhdw1llmhlymvydebzew50yxguy29t,1,0,0
37,11,19,8,1,3,2,4.432294243948857,0,0,0,1,0,0,0,0,0,0,0.2162162162162162,0,0,0,0.0,0,http://52.161.0.37/finance/bmo-mobile,1,0,0
30,22,0,0,2,2,1,4.32323142879762,1,0,0,0,0,0,0,0,0,0,0.0,0,0,1,0.7962851516604222,0,https://www.bendiqo-log-au.com,0,0,0
38,29,1,0,0,2,1,3.918208434154616,1,0,0,0,0,0,0,0,0,0,0.0,0,0,1,0.706980612251487,0,https://protocoldapps.firebaseapp.com/,0,0,0
51,42,1,0,3,2,1,4.32871308681501,1,0,0,0,0,0,0,0,0,0,0.0,0,0,1,0.8727712415617417,0,https://currently-att-yahoo-upgradesite.webflow.io/,0,0,0
32,17,1,0,0,2,1,3.851409765557392,1,0,0,0,0,0,0,0,0,0,0.0,0,1,1,0.5977299837934489,0,https://uniswap.pages.dev/#/swap,0,0,0
27,18,1,0,0,1,0,3.986187965046305,1,0,0,0,0,0,0,0,0,0,0.0,0,0,1,0.8412534688981872,0,https://hellenicfedmed.org/,0,0,0
21,14,0,0,0,2,1,3.6537567082870006,0,0,0,0,0,0,0,0,0,0,0.0,0,0,1,0.7954241012950313,0,http://www.azmtool.us,0,0,0
77,37,33,11,5,3,1,4.544121567784587,0,0,0,0,0,0,0,0,0,0,0.1428571428571428,0,0,0,0.0,0,http://fb-54646431471-com.preview-domain.com/payments/add-payments-method.htm,1,0,0
32,25,0,0,0,2,1,4.140319531114783,0,0,0,0,0,0,0,0,0,0,0.0,0,0,0,0.0,0,http://www.formandbackground.com,0,0,0
31,14,10,11,0,3,2,3.9779168746936353,0,0,0,1,0,0,0,1,0,0,0.3548387096774194,0,0,0,0.0,0,http://134.209.118.49/banks/atb,1,0,0
169,36,38,28,0,8,5,5.013079249483798,0,0,0,0,0,1,0,1,0,1,0.165680473372781,1,11,0,0.0,1,"http://8.81.199.35.bc.googleusercontent.com/itau/home/webapps_aplicationtoken.php?brazil=%3c?php%2013:00:23=date('h,i,s,a,z,n,m,u,d,g,o,l');%20echo'13:00:23';%20?%3e.dll",1,0,0
28,14,6,0,0,2,1,3.9677201004745,1,0,0,0,0,1,0,0,0,0,0.0,0,0,1,0.6219063156227971,0,https://www.reddit.com/about,0,0,0
46,28,10,0,1,3,1,4.189125478116705,1,0,0,0,0,0,0,1,0,0,0.0,0,0,1,0.8217581769877242,0,https://srv-blugasepower.gktgroup.it/login.php,0,0,0
82,16,58,32,0,3,1,4.721830707429567,1,0,0,0,0,0,0,1,0,0,0.3902439024390244,0,1,1,0.8155808426111677,1,https://s3.amazonaws.com/appforest_uf/f1677629607163x696445706039154900/saved.html,0,0,0
65,14,28,11,0,4,2,4.614922529099777,0,0,0,1,0,0,0,0,0,0,0.1692307692307692,0,6,0,0.0,0,http://91.240.202.251/finance/mobilesco/index.php?name=&sin=&dob=,1,0,0
93,34,52,3,1,3,1,4.558405151250695,0,0,0,0,0,0,0,1,0,0,0.032258064516129,0,1,0,0.0,0,http://duplicative-wear.000webhostapp.com/hgjhgf/xcvbnm/tmpi/home/myaccount/zvhmgu=/error.php,1,0,0
179,39,13,81,3,3,2,4.714167616248537,1,0,0,0,0,1,0,0,0,0,0.4525139664804469,2,4,1,0.5452129203818958,0,https://139-144-35-136.ip.linodeusercontent.com/clique/track?rdx=24t2x2z2w294v2x203e4c4c4w5l4x514q4i483y416l5p51454h4j4r294r4e4b4d4l454l474n5a4o4s524m494j4r5c4h4s2j5t5m4&lnx=16349,0,0,0
32,24,0,0,0,2,1,4.101409765557392,1,0,0,0,0,0,0,0,0,0,0.0,0,0,0,0.0,0,https://www.wideanglecloseup.com,1,0,0
49,30,11,3,1,3,1,4.1599299968673655,1,0,0,0,0,0,0,0,0,0,0.0612244897959183,0,0,1,0.9481532096991984,0,https://dev-ficoshtr64.pantheonsite.io/token3.php,0,0,0
27,19,0,0,0,2,1,3.9121138909722304,1,0,0,0,0,0,0,1,0,0,0.0,0,0,0,0.0,1,https://www.buyappleply.com,1,0,0
35,18,10,2,1,2,1,4.1934290883117225,0,0,0,0,0,0,0,0,0,0,0.0571428571428571,0,0,0,0.0,0,http://api.safeeen-us.com/r/qe71hto,1,0,0
28,21,0,4,0,4,3,3.9677201004744993,0,0,0,0,0,0,0,0,0,0,0.1428571428571428,0,0,1,0.7699080527152522,0,http://www.ftp.2014.zzux.com,0,0,0
37,29,0,0,0,3,2,4.046762824854522,1,0,0,0,0,0,0,0,0,0,0.0,0,0,0,0.0,0,https://www.rotherhamadvertiser.co.uk,1,0,0
88,25,13,28,1,3,1,4.944656335158345,0,0,0,0,0,0,0,0,0,0,0.3181818181818182,1,2,0,0.0,0,http://fbtags-09358904.baraan.pk/profile.html?countuser=42d7827f9d2c4fc565baa21916683bac,1,0,0
88,16,65,12,1,5,1,4.602643590755491,0,0,0,0,0,0,0,1,0,0,0.1363636363636363,0,1,0,0.0,0,http://a0514599.xsph.ru/votre.facture.orange/orange_authen/customer-idpp00c354/login.php,1,0,0
37,28,1,0,0,2,1,3.894020001762542,1,0,0,0,0,0,0,0,0,0,0.0,0,0,1,0.7482442358835422,0,https://redemenbreme.firebaseapp.com/,0,0,0
66,10,49,6,1,1,0,4.549378445675772,0,0,0,0,0,0,0,0,0,0,0.0909090909090909,0,0,0,0.0,0,http://eas-lb.com/cole/new/css/uoqx2m/y3ludghpys5ncmfudebyb3muy29t,1,0,0
26,19,0,0,0,3,2,3.8731406795131327,0,0,0,0,0,0,0,0,0,0,0.0,0,0,1,0.901495592180034,0,http://www.na.monerise.com,0,0,0
33,26,0,0,0,2,1,4.104407755459851,0,0,0,0,0,0,0,0,0,0,0.0,0,0,1,0.8699249419922804,0,http://www.exnorauniversities.com,0,0,0
22,13,1,0,0,1,0,3.720128777433187,1,0,0,0,0,0,0,0,0,0,0.0,0,0,1,0.6925707689693485,0,https://glassdoor.com/,0,0,0
70,11,52,4,1,1,0,4.582416232123624,0,0,0,0,0,0,0,0,0,0,0.0571428571428571,0,0,0,0.0,0,http://cf-ipfs.com/ipfs/qmzcbnmckgktu2qw34efnnqccezxszcjespjkap3kqtudh,1,0,0
19,10,1,0,0,1,0,3.681880802803402,1,0,0,0,0,0,0,0,0,0,0.0,0,0,1,0.8947526684265625,0,https://ipwczba.cn/,0,0,0
20,13,0,0,1,2,1,3.6841837197791887,0,0,0,0,0,0,0,0,0,0,0.0,0,0,1,0.7471641116462227,0,http://www.au-ok.com,0,0,0
24,16,0,0,0,2,1,3.6572682296173897,1,0,0,0,0,0,0,0,0,0,0.0,0,0,0,0.0,0,https://www.rssboard.org,1,0,0
75,19,49,29,2,4,2,4.549936731017299,0,1,0,1,0,0,0,0,0,0,0.3866666666666666,0,4,0,0.0,0,http://177.70.102.232:8090/TmpFTP/01/Recep%C3%A7%C3%A3o/2020-09-28/info.zip,1,0,0
31,24,0,0,0,2,1,4.026619294188054,0,0,0,0,0,0,0,0,0,0,0.0,0,0,1,0.9682371870400122,0,http://www.twogirlscleaning.com,0,0,0
19,6,6,0,0,1,0,3.642149881636903,0,0,0,0,0,1,0,0,0,0,0.0,0,0,0,0.0,0,http://bit.do/fhkqg,1,0,0
34,25,1,6,1,2,1,4.373796296941798,1,0,0,0,0,0,0,0,0,0,0.1764705882352941,0,0,1,0.8717637743068127,0,https://aol-101675.weeblysite.com/,0,0,0
28,21,0,0,0,2,1,3.9677201004744993,0,0,0,0,0,0,0,0,0,0,0.0,0,0,1,0.7728224775406372,0,http://www.appliancebuddy.in,0,0,0
24,16,0,0,0,2,1,3.886842188131012,1,0,0,0,0,0,0,0,0,0,0.0,0,0,0,0.0,0,https://www.kinnarps.com,1,0,0
31,23,0,0,0,2,1,4.066784213473103,1,0,0,0,0,0,0,0,0,0,0.0,0,0,0,0.0,0,https://www.borduurbloempje.com,1,0,0
62,37,18,3,1,3,1,4.28873855286782,0,0,0,0,0,0,0,1,0,0,0.0483870967741935,0,0,0,0.0,0,http://cinnabarine-discrep.000webhostapp.com/validate/mail.htm,1,0,0
24,12,5,9,0,3,2,3.855388542207534,0,0,0,1,0,0,0,0,0,0,0.375,0,0,0,0.0,0,http://67.207.91.39/clbc,1,0,0
193,19,10,21,1,2,0,5.125583466844725,0,0,0,0,0,0,0,1,0,0,0.1088082901554404,2,4,0,0.0,0,http://delivery-dhlfix.com/login.php?sslchannel=true&sessionid=dpftkmikffcyhn7ua7d1rakysxh5mwjipf8zrrmz7kaa01wstlyq2rcrzben1p0ssdzgv4vhn4ljbo6kkfkpx39bwljzmxwkwvelm2qxcfmpwlvhs0y9xcjh1rircwn9oz,1,0,0
26,19,0,0,1,2,1,3.8731406795131327,0,0,0,0,0,0,0,0,0,0,0.0,0,0,0,0.0,0,http://www.cyber-peace.org,0,0,0
48,14,27,5,0,3,1,4.110087760732172,0,0,0,0,0,0,0,0,0,0,0.1041666666666666,0,0,0,0.0,0,http://et.interac.tax/sh/i489c5/orange/next1.php,1,0,0
20,13,0,0,0,2,1,3.6841837197791887,0,0,0,0,0,0,0,0,1,0,0.0,0,0,1,0.9815299607043668,0,http://www.pmdu.info,0,0,0
87,15,65,6,2,1,0,4.606754520185728,0,0,0,0,0,0,0,0,0,0,0.0689655172413793,0,0,0,0.0,0,http://ctr-hosting.net/wp-includes/now/auth/fyoilj/ywfyb25aynjpzgdly2fwcgfydg5lcnmuy29t,1,0,0
186,48,10,47,2,5,3,5.001461042946617,1,0,0,0,0,1,0,5,0,0,0.2526881720430107,3,7,1,0.8402811032397716,1,https://paypal-support.com.desenvolvedortheosbank.com.br/login.php?cmd=_account-details&amp;session=259251b41082fa71832907d32d30acb5&amp;dispatch=953222e620edc7fd1a2c31f946d9e15cb64c9fdd,0,0,0
35,28,0,0,0,3,2,3.943289445392767,0,0,0,0,0,0,0,2,0,0,0.0,0,0,1,0.5420918392457562,1,http://www.news.applesoftupdate.com,0,0,0
132,42,51,37,3,3,1,4.802087089983076,1,0,0,0,0,0,0,0,0,0,0.2803030303030303,0,3,0,0.0,0,https://wordpress-911617-3164522.cloudwaysapps.com/wp-admin/maint/agricole/d35919cc5d30959/region.php?particulier#_d35919cc5d3095965,0,0,0
143,27,13,53,1,3,1,4.8135322261276405,0,0,0,0,0,0,0,1,0,0,0.3706293706293706,3,7,0,0.0,0,http://giffgaff.pds2-securefa5.com/address4.php?&uri=f46408d958094b87d63180b5cf496798&sessionid=897694fc5b08136d78b490859d80464f&securessl=true,1,0,0
38,31,0,0,0,3,2,4.050301855434981,0,0,0,0,0,0,0,0,0,0,0.0,0,0,1,0.5654336663842324,0,http://www.outletdosaquecedores.com.br,0,0,0
78,20,51,15,0,1,0,4.522286276904918,0,0,0,0,0,0,0,0,0,0,0.1923076923076923,0,1,0,0.0,0,http://deltacorporativo.com/videos/profile/hj_de2f2740cae70d0b31fca4dc9c7dcc29,1,0,0
65,36,22,9,1,2,1,4.559389598723826,0,0,0,0,0,0,0,0,0,0,0.1384615384615384,0,0,0,0.0,0,http://facinorous-spindle.000webhostapp.com/centurylink/606207/en,1,0,0
31,24,0,0,0,3,2,4.106949132758152,0,0,0,0,0,0,0,0,0,0,0.0,0,0,0,0.0,0,http://www.db.firefoxupdata.com,0,0,0
24,17,0,3,0,2,1,3.823934896284056,0,0,0,0,0,0,0,1,0,0,0.125,0,0,1,0.5200152538631507,0,http://www.secure256.net,0,0,0
22,14,0,0,0,2,1,3.6069367321753214,1,0,0,0,0,0,0,0,0,0,0.0,0,0,0,0.0,0,https://www.ucpaas.com,1,0,0
65,16,42,24,1,1,0,4.58508815145058,0,0,0,0,0,0,0,0,0,0,0.3692307692307692,0,0,0,0.0,0,http://aluministand.com/1u0u089nx605yf13-hv9391xyf00a2ah4il100001,1,0,0
25,17,0,0,1,2,1,3.9434651896016457,1,0,0,0,0,0,0,0,0,0,0.0,0,0,0,0.0,0,https://www.your-site.com,1,0,0
21,14,0,0,0,1,0,3.6537567082870006,0,0,0,0,0,0,0,0,0,0,0.0,0,0,1,0.5055690804728196,0,http://metsamaslk.com,0,0,0
33,24,1,0,0,1,0,3.8242528312829855,1,0,0,0,0,0,0,0,0,0,0.0,0,0,1,0.6898064440178199,0,https://aggiornamentasistema.com/,0,0,0
73,38,28,0,0,2,0,4.258757614897441,0,0,0,0,0,0,0,0,1,0,0.0,0,0,0,0.0,0,http://coxemailserviccecomnunicaltlkmdckio.ga/.uthe/stepcoxmail/log/sycho,1,0,0
58,19,31,2,1,2,1,4.361930996279866,1,0,0,0,0,0,0,0,0,0,0.0344827586206896,0,1,1,0.928724429464898,0,https://srkacha.duckdns.org/opp/gov%20tele/my-gov/restore/,0,0,0
35,26,1,2,0,2,1,4.264578373902382,1,0,0,0,0,0,0,0,0,0,0.0571428571428571,0,0,1,0.8578533251160683,0,https://syk1pe9wox.firebaseapp.com/,0,0,0
29,20,2,16,0,3,2,3.784897702756409,0,1,0,1,0,0,0,0,0,0,0.5517241379310345,0,0,0,0.0,0,http://116.139.178.94:58160/i,1,0,0
78,14,57,25,0,4,2,4.561329630207697,0,0,0,1,0,0,0,1,0,0,0.3205128205128205,0,0,0,0.0,0,http://206.189.87.184/online/atb/b85d0bf5bc85ae21cc5aba6210fdda6c/confirm.html,1,0,0
37,16,13,7,0,2,1,4.023661393171458,1,0,0,0,0,0,0,0,0,0,0.1891891891891892,0,0,0,0.0,0,https://urlhaus.abuse.ch/url/3747578/,1,0,0
30,23,0,0,0,2,1,3.8980685120588383,0,0,0,0,0,0,0,0,0,0,0.0,0,0,1,0.7382426736818763,0,http://www.bellaitaliatour.com,0,0,0
20,11,1,0,0,2,1,3.446439344671015,1,0,0,0,0,0,0,0,0,0,0.0,0,0,1,0.5017638666244904,0,https://www.zoom.us/,0,0,0
55,29,19,0,2,3,1,4.394438351024769,0,0,0,0,0,0,0,0,0,0,0.0,0,0,0,0.0,0,http://butternut-spiky-zoo.glitch.me/public/jurusaw.htm,1,0,0
27,18,1,2,0,2,1,3.8100810205217313,1,0,0,0,0,0,0,0,0,0,0.074074074074074,0,0,0,0.0,0,https://agencebp07.web.app/,0,0,0
27,20,0,7,0,3,2,3.930270372293455,0,0,0,0,0,0,0,0,0,0,0.2592592592592592,0,0,1,0.6211496648047501,0,http://www.a0552459.xsph.ru,0,0,0
47,16,22,10,0,3,1,4.487802351945348,0,0,0,0,0,0,0,0,0,0,0.2127659574468085,0,1,0,0.0,0,http://a0651574.xsph.ru/bnac/adfs/ls19c5.html?b,1,0,0
19,11,0,0,0,1,0,3.8924071185928746,1,0,0,0,0,0,0,1,0,0,0.0,0,0,1,0.6560401517201719,0,https://netflix.com,0,0,0
22,14,0,0,0,2,1,3.663532754804254,1,0,0,0,0,0,0,0,0,0,0.0,0,0,0,0.0,0,https://www.isrctn.com,1,0,0
22,15,0,0,0,2,1,3.663532754804253,0,0,0,0,0,0,0,0,0,0,0.0,0,0,1,0.967720833988426,0,http://www.phaetus.com,0,0,0
207,52,4,23,0,6,5,4.964875520495481,0,0,0,0,0,0,0,2,1,1,0.1111111111111111,5,15,0,0.0,0,http://www.kueronekayaeotn.co.jp.kuerocekayaaoto.jruavm.top/ai/?authenticated=true&amp;openid/gp/signin/x&amp;i=a&amp;oauth=m&amp;i?ie=utf8&amp;ref_=rhf_custrec_signine5b87fa12b7c756deffd8be242438fbe0723dd25,0,0,0
43,32,1,3,3,2,1,4.173373987703791,1,0,0,0,0,0,0,0,0,0,0.0697674418604651,0,1,1,0.75525188265647,0,https://fb-business-appeal-269ce.web.app/#/,0,0,0
25,17,0,0,0,2,1,3.813660689688185,1,0,0,0,0,0,0,0,0,0,0.0,0,0,0,0.0,0,https://www.thebitbag.com,1,0,0
46,11,28,0,1,2,0,4.308903195602073,0,0,0,0,0,0,0,0,1,0,0.0,0,0,0,0.0,0,http://cr-asec.xyz/finance/mobilesco/index.php,1,0,0
56,25,24,0,0,4,2,4.177279698572886,0,0,0,0,0,0,0,1,0,0,0.0,0,0,0,0.0,0,http://authcrcads.temp.swtest.ru/i/files/login/login.php,1,0,0
34,25,1,6,1,2,1,4.23100944481611,1,0,0,0,0,0,0,0,1,0,0.1764705882352941,0,0,1,0.6194597637205528,0,https://attcom-105971.square.site/,0,0,0
28,19,1,1,0,2,1,3.9407598325400905,1,0,0,0,0,0,0,0,0,0,0.0357142857142857,0,0,0,0.0,0,https://letwagroug8.web.app/,0,0,0
18,10,1,4,0,1,0,3.350209029099897,0,0,0,0,0,1,0,0,0,0,0.2222222222222222,0,0,0,0.0,0,http://1775tt.com/,1,0,0
43,35,0,0,0,2,1,3.94313830096216,1,0,0,0,0,0,0,0,0,0,0.0,0,0,0,0.0,0,https://www.instituteforapprenticeships.org,1,0,0
20,13,0,0,0,2,1,3.6841837197791887,0,0,0,0,0,0,0,0,0,0,0.0,0,0,1,0.8738890942167459,0,http://www.cvard.com,0,0,0
20,13,0,4,0,2,1,3.6841837197791887,0,0,0,0,0,0,0,0,0,0,0.2,0,0,1,0.8611119876894016,0,http://www.23o95.com,0,0,0
102,24,48,0,0,7,2,4.276846363009241,1,0,1,0,0,0,0,1,0,0,0.0,0,1,0,0.0,0,https://storage.cloud.google.com/maintainancecomponeta.appspot.com/kayindex.html#eimaste@stinpriza.org,0,0,0
32,24,0,0,0,2,1,4.030639062229566,1,0,0,0,0,1,0,0,0,0,0.0,0,0,0,0.0,0,https://www.hyderabadairport.com,1,0,0
33,26,0,4,0,3,2,4.104407755459851,0,0,0,0,0,0,0,0,0,0,0.1212121212121212,0,0,1,0.5532480443503283,0,http://www.delphi3135.gorodok.net,0,0,0
93,74,11,8,0,4,2,4.651018193970196,1,0,0,0,0,0,0,0,0,0,0.086021505376344,0,0,1,0.5737768472314462,0,https://bafybeie2zq4nsxnsx2bybfgfpxti7perhnssk7apfle4hheiuemjmy75aq.ipfs.dweb.link/index.html,0,0,0
65,18,40,7,0,2,1,4.801074305563007,0,0,0,0,0,0,0,0,0,0,0.1076923076923077,0,0,0,0.0,0,http://demo.netrategy.com/public/hbhohjcadf60sq15n4npkyroua8jzih5,1,0,0
24,17,0,2,0,2,1,3.855388542207534,0,0,0,0,0,0,0,0,0,0,0.0833333333333333,0,0,0,0.0,0,http://www.migturxe01.me,0,0,0
23,15,0,0,0,2,1,3.795088586397733,1,0,0,0,0,0,0,0,0,0,0.0,0,0,0,0.0,0,https://www.kuzmin.asia,1,0,0
164,46,104,15,4,3,1,4.905516227377009,0,0,0,0,0,0,0,0,0,0,0.0914634146341463,0,3,0,0.0,0,http://centre-affaires-lyonnais.services-neocamino.fr/wp-content/plugins/rafda/ca1/phpmailer//pub/css/css_n62s3jzpvxyvhhycrpckpxcpsmd1w93dpv75j_gvs6c94b2.css?q2zf1f,1,0,0
36,29,0,0,0,3,2,4.107017709595356,0,0,0,0,0,0,0,0,0,0,0.0,0,0,1,0.8637299527893267,0,http://www.unicexyemen.herokuapp.com,0,0,0
314,12,21,65,1,10,2,5.199400297527813,0,0,0,1,0,0,0,4,0,0,0.2070063694267516,8,21,0,0.0,1,http://43.159.41.87/v3/signin/identifier?dsh=s1610875191:1662516887230099&continue=https://accounts.google.com/?&xrealip=81.95.5.42&followup=https://accounts.google.com/?&passive=1209600&flowname=glifwebsignin&flowentry=servicelogin&ifkv=aqn2rmummuaxszuy2378bwjvn846cbug6zro3r5nsvvnrw_gpb9slcfg_464cnk-ifozsl_srgiv,1,0,0
24,17,0,0,0,2,1,3.720175521464345,0,0,0,0,0,0,0,0,0,0,0.0,0,0,1,0.9754042177482678,0,http://www.billielaw.com,0,0,0
31,16,7,0,0,1,0,4.091135423220312,1,0,0,0,0,0,0,0,0,0,0.0,0,0,0,0.0,0,https://foxmediabase.com/widgt/,0,0,0
25,18,0,0,1,2,1,3.8634651896016456,0,0,0,0,0,0,0,0,1,0,0.0,0,0,1,0.8861680888423412,0,http://www.typing-rush.ga,0,0,0
22,15,0,0,0,2,1,3.788754913993503,0,0,0,0,0,0,0,0,0,0,0.0,0,0,0,0.0,0,http://www.cslesani.ir,0,0,0
37,28,1,0,0,2,1,4.080414513985239,1,0,0,0,0,0,0,0,0,0,0.0,0,0,1,0.6723634469971296,0,https://bcactuverhen.firebaseapp.com/,0,0,0
114,30,15,6,1,2,0,4.88616482586141,1,0,0,0,0,0,0,0,0,0,0.0526315789473684,1,5,1,0.6094215595781649,0,https://consultarviaportal-online1.net/luiza/home.php?userid=&amp;uri=vwnsgafuxftthejwzctodrzis8sj3ktd2nbxi4rpc9i=,0,0,0
33,24,1,1,0,2,1,4.248495255525412,1,0,0,0,0,0,0,0,0,0,0.0303030303030303,0,0,0,0.0,0,https://sunking3.firebaseapp.com/,0,0,0
40,31,1,4,1,2,1,4.434183719779189,1,0,0,0,0,0,0,0,0,0,0.1,0,0,1,0.9850044725322648,0,https://onedrive1-2cb06.firebaseapp.com/,0,0,0
30,19,4,3,0,2,1,4.098068512058839,0,0,0,0,0,0,0,0,0,0,0.1,0,0,0,0.0,0,http://draft22.duckdns.org/sh4,1,0,0
26,15,4,2,0,1,0,4.132944044980958,0,0,0,0,0,0,0,0,0,0,0.0769230769230769,0,0,0,0.0,0,http://disclosure.link/w33,1,0,0
52,44,1,1,1,4,3,4.272273131477816,0,0,0,0,0,0,0,0,0,0,0.0192307692307692,0,0,0,0.0,0,http://www.cajlatrujilllo.empersas-web.a2hosted.com/,0,0,0
44,35,1,8,3,2,1,4.118078209349709,1,0,0,0,0,0,0,0,0,0,0.1818181818181818,0,0,0,0.0,0,https://meta-business-team-19899921.web.app/,0,0,0
23,16,0,0,0,3,2,3.522711955680758,0,0,0,0,0,1,0,0,0,0,0.0,0,0,0,0.0,0,http://www.pl.scpbt.com,0,0,0
34,21,5,5,1,2,1,3.972282048282879,1,0,0,0,0,0,0,0,0,0,0.1470588235294117,0,0,1,0.7046263472216715,0,https://att-5471.formaloo.net/att7,0,0,0
207,28,172,57,12,4,2,4.9877657542302645,0,0,0,0,0,0,0,1,1,0,0.2753623188405797,0,2,0,0.0,1,http://ebay.com-itm.list7654sft.xyz/newest-2020-apple-macbook-pro-apple-m1-512gb-ssd-16gb-ram-warranty/2354235dgfs345234532itmdhgdasdsdfrgh1130401fg75995hashitem1a51b83373a5laosw34564uuxaudbi&sacat0&nkw.html,1,0,0
27,20,0,0,0,3,2,3.930270372293455,0,0,0,0,0,0,0,0,0,0,0.0,0,0,1,0.7631258146973494,0,http://www.radiantcs.com.pk,0,0,0
115,15,15,39,0,1,0,4.854830243539261,0,0,0,0,0,0,0,1,0,0,0.3391304347826087,1,3,0,0.0,0,http://cgi3message.com/login/webmail/?&originaluri=bac923515d481fbfa46d1d7e9763d5b0bac923515d481fbfa46d1d7e9763d5b0,1,0,0
45,19,19,23,0,4,2,4.089199419023814,0,1,0,1,0,0,0,0,0,0,0.5111111111111111,0,0,0,0.0,0,http://111.59.254.165:8084/20250722/Photo.lnk,1,0,0
35,26,1,0,0,2,1,4.050013373778755,1,0,0,0,0,0,0,0,0,0,0.0,0,0,1,0.8807390005068483,0,https://attttfsndfajfah.weebly.com/,0,0,0
28,21,0,0,0,2,1,3.9407598325400897,0,0,0,0,0,0,0,0,1,0,0.0,0,0,1,0.6369383550091271,0,http://www.kunduhotelleri.ml,0,0,0
119,44,67,16,4,4,2,4.740770042468907,1,0,0,0,0,0,0,0,0,0,0.134453781512605,0,0,1,0.5566241257288687,0,https://objectstorage.ap-singapore-1.oraclecloud.com/n/axo19n6cjxrb/b/bucket-20230214-2330/o/bigialopopoqueueindex.html,0,0,0
52,26,18,0,1,3,1,4.320162073702297,1,0,0,0,0,0,0,2,0,0,0.0,0,0,1,0.5058462034654584,1,https://amazon-kutyttt.mefound.com/mobile/signin.php,0,0,0
47,30,9,0,1,5,3,4.118760267520956,1,0,0,0,0,0,0,0,1,0,0.0,0,0,0,0.0,0,https://www.ekie-nat.ekaste.cmvwsy.top/load.php,0,0,0
24,16,0,0,0,2,1,3.636842188131012,1,0,0,0,0,0,0,0,0,0,0.0,0,0,0,0.0,0,https://www.waltmann.com,1,0,0
34,26,0,0,0,3,2,4.1162996057016965,1,0,0,0,0,0,0,0,0,0,0.0,0,0,0,0.0,0,https://www.presidentoffice.gov.dm,1,0,0
23,16,0,0,0,2,1,3.4800836951874485,0,0,0,0,0,0,0,0,0,0,0.0,0,0,1,0.6538056803679059,0,http://www.datawyse.net,0,0,0
35,28,0,0,0,3,2,4.014438730983427,0,0,0,0,0,0,0,0,0,0,0.0,0,0,1,0.8167058830046887,0,http://www.otp.blackberrycluter.com,0,0,0
64,25,12,16,0,2,1,4.897979296672175,0,0,0,0,0,0,0,0,1,0,0.25,2,4,1,0.7634733535990214,0,http://ufgrlxaaax.hard4sewe.club/vnafvra97w/?q=3717065149&id=100,0,0,0
31,23,0,0,0,2,1,3.80871969734407,1,0,0,0,0,0,0,0,0,0,0.0,0,0,0,0.0,0,https://www.stompandstammer.com,1,0,0
32,25,0,0,0,3,2,4.030639062229566,0,0,0,0,0,0,0,1,0,0,0.0,0,0,1,0.97410293892718,0,http://www.accounts.googel.email,0,0,0
23,16,0,0,0,2,1,3.7294461949052566,0,0,0,0,0,0,0,0,0,0,0.0,0,0,0,0.0,0,http://www.aaktrade.com,0,0,0
39,31,0,0,2,2,1,4.169766962341045,1,0,0,0,0,0,0,0,0,0,0.0,0,0,0,0.0,0,https://www.belgian-beatles-society.com,1,0,0
21,10,4,0,0,1,0,3.975418017913833,0,0,0,0,0,0,0,0,0,0,0.0,0,0,0,0.0,0,http://busdaw.com/new,1,0,0
91,29,13,26,1,4,2,4.802580047593478,0,0,0,0,0,0,0,0,0,0,0.2857142857142857,1,2,0,0.0,0,http://fbook.com-37413179.mrubens.mx/nextvrf.html?location=6f25fc73b16c4cf7c7b38a1acd67f343,1,0,0
36,21,8,0,1,2,1,4.048688113203415,0,0,0,0,0,0,0,1,0,0,0.0,0,0,0,0.0,1,http://akhilesh-ts.github.io/netflix,1,0,0
88,29,52,3,2,3,1,4.44494987548747,0,0,0,0,0,0,0,1,0,0,0.034090909090909,0,0,0,0.0,0,http://acsec-onlne.000webhostapp.com/bankoxcv/bako/bankofification-security/home/qes.php,1,0,0
29,22,0,0,0,3,2,3.883337460421007,0,0,0,0,0,0,0,0,0,0,0.0,0,0,1,0.8196646562524046,0,http://www.moongallery.com.tw,0,0,0
53,10,35,0,0,2,0,4.2205560128286566,1,0,0,0,0,0,0,2,0,0,0.0,0,1,1,0.702584146508051,1,https://acdecon.be/nf/nf/tw/netflix/myaccount_sms.php,0,0,0
57,13,37,10,2,4,2,4.533958434913727,0,0,0,1,0,0,0,1,0,0,0.175438596491228,0,0,0,0.0,0,http://165.22.98.110/banks/cibc/ebm-mobile-app/index.html,1,0,0
36,29,0,0,0,3,2,4.117861029749889,0,0,0,0,0,0,0,0,0,0,0.0,0,0,1,0.8795502109656741,0,http://www.windows.firefoxupdata.com,0,0,0
99,37,13,28,2,3,1,4.947341409018789,0,0,0,0,0,0,0,0,0,0,0.2828282828282828,1,2,0,0.0,0,http://content-fbook-91089427.roggiehouse.it/nextvrf.html?location=4b45ea355621423add27b238a07da5ff,1,0,0
47,15,25,7,0,1,0,4.333651022204145,0,0,0,0,0,0,0,0,0,0,0.1489361702127659,0,2,0,0.0,0,http://aforauditor.com/share%20poit%20office365,1,0,0
34,27,0,0,0,2,1,3.984234164652488,0,0,0,0,0,0,0,0,0,0,0.0,0,0,1,0.6166689228650593,0,http://www.blackcreekwatershed.com,0,0,0
32,24,0,0,0,2,1,3.882048827786958,1,0,0,0,0,0,0,0,0,0,0.0,0,0,0,0.0,0,https://www.programmingfonts.org,1,0,0
34,25,1,6,1,2,1,4.373796296941798,1,0,0,0,0,0,0,0,0,0,0.1764705882352941,0,0,0,0.0,0,https://aol-107988.weeblysite.com/,0,0,0
122,21,94,14,2,2,0,4.9881151099175165,0,0,0,0,0,0,0,0,0,0,0.1147540983606557,0,0,0,0.0,0,http://business-page-ads.com/5zydjbp6cspgcp01ebyu55544caxzijxagsrewc9qqiihhxtudyd58oocst7xkyrmvnrmz6rzozlckqutrangdau.html,1,0,0
26,19,0,0,0,2,1,3.661226256269789,0,0,0,0,0,0,0,0,0,0,0.0,0,0,1,0.7830621401730524,0,http://www.scotchnovin.com,0,0,0
32,25,0,0,0,4,3,3.670958593344349,0,0,0,0,0,0,0,0,0,0,0.0,0,0,1,0.8134391693229088,0,http://www.ftp.macfee.mrface.com,0,0,0
18,10,0,0,0,1,0,3.683542362433231,1,0,0,0,0,1,0,0,0,0,0.0,0,0,1,0.5115343440337635,0,https://reddit.com,0,0,0
25,17,0,0,0,2,1,3.973660689688185,1,0,0,0,0,0,0,0,0,0,0.0,0,0,0,0.0,0,https://www.dudafresh.com,1,0,0
33,25,0,0,0,3,2,3.801377452429549,1,0,0,0,0,0,0,0,0,0,0.0,0,0,0,0.0,0,https://www.westmont.illinois.gov,1,0,0
43,36,0,4,0,2,1,4.158140917190916,0,0,0,0,0,0,0,0,0,0,0.0930232558139534,0,0,1,0.5533547971687103,0,http://makeitintowallet2022metamask.work.gd,0,0,0
25,18,0,0,0,2,1,3.563074189428569,0,0,0,0,0,0,0,0,0,0,0.0,0,0,0,0.0,0,http://www.neothecode.com,0,0,0
144,106,31,47,3,5,3,5.032757950662871,0,0,0,0,0,0,0,1,0,0,0.3263888888888889,0,0,0,0.0,0,http://cox.com-6159368de39251d7a-login.id-107sbtd9cbhsbtd5d80a13c0db1f546757jnq9j5754675754467336.kylelierman.com/iloystgnjfrgthteawvo/index.php,1,0,0
37,16,13,7,0,2,1,4.098117812148849,1,0,0,0,0,0,0,0,0,0,0.1891891891891892,0,0,0,0.0,0,https://urlhaus.abuse.ch/url/3748127/,1,0,0
56,21,28,0,0,3,2,4.110291307063722,0,0,0,0,0,0,0,0,0,0,0.0,0,0,0,0.0,0,http://bkv.zei.mybluehost.me/super/huntington/huntington,1,0,0
53,14,32,13,0,4,2,4.628587199723757,0,0,0,1,0,0,0,0,0,0,0.2452830188679245,0,0,0,0.0,0,http://143.20.185.245/windyluvexecutor/executor.arm64,1,0,0
34,25,1,6,1,2,1,4.231009444816111,1,0,0,0,0,0,0,0,0,0,0.1764705882352941,0,0,0,0.0,0,https://att-108550.weeblysite.com/,0,0,0
95,36,52,30,2,3,2,4.792128935998087,0,0,0,0,0,0,0,0,0,0,0.3157894736842105,0,0,0,0.0,0,http://ftp-cauth-s01d50005.ce03562.tmweb.ru/zdghjklhtybcu05gun/9922fcbb9efeb8aa3d83831ea88bb7c5,1,0,0
21,14,0,6,0,2,1,3.8801799226757367,0,0,0,0,0,0,0,0,0,0,0.2857142857142857,0,0,1,0.5210875364584371,0,http://www.915783.com,0,0,0
62,14,40,2,3,2,0,4.469694697204491,1,0,0,0,0,0,0,0,0,0,0.032258064516129,0,0,1,0.852396127178727,0,https://2alb-atfal.com/wp-content/mu-plugins/mygov/index2.html,0,0,0
37,29,0,0,0,2,1,3.9023039608559698,1,0,0,0,0,0,0,0,0,0,0.0,0,0,0,0.0,0,https://www.southaustraliantrails.com,1,0,0
16,7,1,0,0,1,0,3.577819531114783,1,0,0,0,0,0,0,0,0,0,0.0,0,0,1,0.921322411403232,0,https://edx.org/,0,0,0
31,22,1,0,0,2,1,4.106949132758152,1,0,0,0,0,0,0,0,0,0,0.0,0,0,1,0.625500998454223,0,https://www.coinbasefuture.com/,0,0,0
35,26,1,0,0,2,1,3.7754522173662752,1,0,0,0,0,0,0,0,1,0,0.0,0,0,0,0.0,0,https://adttnetagadfar.square.site/,0,0,0
21,13,0,0,0,3,2,3.617809684374455,1,0,0,0,0,0,0,0,0,0,0.0,0,0,0,0.0,0,https://www.trl.co.uk,1,0,0
20,12,0,0,0,1,0,3.484183719779189,1,0,0,0,0,1,0,0,0,0,0.0,0,0,1,0.512686972285787,0,https://snapchat.com,0,0,0
62,36,19,8,1,2,1,4.679687439279553,0,0,0,0,0,0,0,0,0,0,0.1290322580645161,0,0,0,0.0,0,http://facinorous-spindle.000webhostapp.com/centurylink/2c8365,1,0,0
33,11,15,0,0,1,0,4.150158513166729,0,0,0,0,0,1,0,0,0,0,0.0,0,0,1,0.6141570639848939,0,http://tinyurl.com/bperassistenza,0,0,0
28,20,0,0,0,2,1,3.682005814760213,1,0,0,0,0,0,0,0,0,0,0.0,0,0,0,0.0,0,https://www.manycontacts.com,1,0,0
59,42,9,0,1,3,1,3.8845021101765735,1,0,0,0,0,0,0,0,0,0,0.0,0,0,0,0.0,0,https://dev-gestiondesoporteonline.pantheonsite.io/home.php,0,0,0
24,17,0,0,0,3,2,3.625814583693912,0,0,0,0,0,0,0,0,0,0,0.0,0,0,1,0.5841587200305557,0,http://www.lct.fbcode.co,0,0,0
46,28,11,12,1,2,1,4.197049999347146,0,0,0,0,0,0,0,1,0,0,0.2608695652173913,0,0,0,0.0,1,http://appleid-558815.apple1.report/id74900the,1,0,0
96,31,50,26,1,4,2,4.805356356016414,1,0,0,0,0,0,0,1,0,0,0.2708333333333333,0,2,1,0.8901063257789307,1,https://www.secured1-chaase.duckdns.org/chase/63f401e156e312f688eb25657ad36375/index2.php?error=,0,0,0
31,23,0,0,0,2,1,3.873235826376329,1,0,0,0,0,0,0,0,0,0,0.0,0,0,0,0.0,0,https://www.realmacsoftware.com,1,0,0
102,18,76,0,2,6,1,4.365972245040047,1,0,0,0,0,0,0,0,0,0,0.0,0,1,1,0.8923875233204175,1,https://www.bei-galfes.com/wp-content/plugins/awjuegy/includes/wellsfargo.com.asp.aws/wells/pafe_a.php,0,0,0
56,16,33,5,0,2,0,4.58984046728289,0,0,0,0,0,0,0,0,0,0,0.0892857142857142,0,1,0,0.0,0,http://blackarrowcz.com/dn/iuuso/nrd/60e453a/sign_in.php,1,0,0
59,22,30,2,1,5,3,4.151202745659787,0,0,0,0,0,0,0,0,1,0,0.0338983050847457,0,0,0,0.0,0,http://et.s.interac.ca-l.club/sh/r0jos2/bdesj/lastlast.html,1,0,0
31,24,0,2,0,3,2,3.990509117453738,0,0,0,0,0,0,0,0,0,0,0.064516129032258,0,0,1,0.8298124381720968,0,http://www.et68tretyj.page.link,0,0,0
22,14,0,0,0,2,1,3.606936732175321,1,0,0,0,0,0,0,0,0,0,0.0,0,0,0,0.0,0,https://www.tudelft.nl,1,0,0
32,18,6,1,0,1,0,3.8164280318460246,1,0,0,0,0,0,0,0,0,0,0.03125,0,0,1,0.5794618414636099,0,https://cogsassociates.com/web1/,0,0,0
24,16,1,0,0,2,1,3.5739348962840563,0,0,0,0,0,0,0,0,0,0,0.0,0,0,1,0.8406584840847939,0,http://www.shopeeox.com/,0,0,0
46,13,26,14,0,4,2,4.62117554291947,0,0,0,1,0,0,0,0,0,0,0.3043478260869565,0,1,0,0.0,0,http://80.253.251.73/Documents/3cxprov_104.lnk,1,0,0
26,10,9,7,0,3,2,3.767183467891461,0,0,0,1,0,0,0,1,0,0,0.2692307692307692,0,0,0,0.0,0,http://47.74.89.4/banks/td,1,0,0
33,26,0,0,0,4,3,4.043801694853791,0,0,0,0,0,0,0,1,0,0,0.0,0,0,1,0.7045830205161302,1,http://www.alma.apple.cloudns.org,0,0,0
30,23,0,0,0,3,2,4.072905595320056,0,0,0,0,0,0,0,0,0,0,0.0,0,0,1,0.9466298800210472,0,http://www.scc.purpledaily.com,0,0,0
28,20,0,0,0,3,2,4.012188403968661,1,0,0,0,0,0,0,0,0,0,0.0,0,0,0,0.0,0,https://www.raskmedia.com.au,1,0,0
34,26,1,0,2,2,1,3.995715327169053,0,0,0,0,0,0,0,1,0,0,0.0,0,0,1,0.6522256186279616,0,http://bfi-wien.bfiwien-login.com/,0,0,0
93,15,71,36,2,4,2,4.631008845223864,0,0,0,1,0,0,0,0,0,0,0.3870967741935484,0,0,0,0.0,0,http://206.189.141.182/online/cibc/f8d0e17969da447b192489ad23931940/ebm-mobile-app/index.html,1,0,0
22,14,0,0,0,2,1,3.550340709546388,1,0,0,0,0,0,0,0,0,0,0.0,0,0,0,0.0,0,https://www.warhol.org,1,0,0
27,19,0,0,0,2,1,3.736006946447656,1,0,0,0,0,0,0,0,0,0,0.0,0,0,1,0.844421020431085,0,https://s.smcbazmsouaau.icu,0,0,0
32,25,0,0,0,3,2,4.007048827786958,0,0,0,0,0,0,0,1,0,0,0.0,0,0,1,0.8593404066243435,1,http://www.applemusic.itemdb.com,0,0,0
49,29,12,1,1,3,1,4.165858446978658,1,0,0,0,0,0,0,0,0,0,0.0204081632653061,0,0,0,0.0,0,https://dev-provincia.pantheonsite.io/index1.html,0,0,0
129,41,12,14,3,4,1,5.039183505060655,0,0,0,0,0,0,0,0,0,0,0.1085271317829457,1,5,0,0.0,0,http://checkpoint-manager-corporation-2020.my.id/m.index.htm?fbclid=iwar0dphzymmr9q1m8hvlx3o_fu5alkrory_qhizhaxwrn13ldvn_3y1sqfjo,1,0,0
24,16,0,0,0,2,1,3.8553885422075354,1,0,0,0,0,0,0,0,0,0,0.0,0,0,0,0.0,0,https://www.estraviz.org,1,0,0
64,55,1,0,5,2,1,4.068392047769036,1,0,0,0,0,0,0,0,0,0,0.0,0,0,1,0.8823605117578992,0,https://atandt-dynamic-iamlrr-lrrcontroller-iam-op.yolasite.com/,0,0,0
78,17,54,2,1,3,0,4.231720579636586,0,0,0,0,0,0,0,0,0,0,0.0256410256410256,0,0,0,0.0,0,http://ayurvedajeevan.in/adds/covid-19/invoice/toda/index.php/js/css/count.txt,1,0,0
109,20,82,6,3,2,0,4.506839378072727,0,0,0,0,0,0,0,0,0,0,0.055045871559633,0,1,0,0.0,0,http://connect-formation.fr/wordpress/wp-includes/images/smilies/cloud/customer_center/user-982641/locked.php,1,0,0
46,37,1,1,0,2,1,4.189125478116705,1,0,0,0,0,0,0,0,0,0,0.0217391304347826,0,0,1,0.6853639691965014,0,https://houserenovationfiles5.firebaseapp.com/,0,0,0
37,16,13,7,0,2,1,3.969607339117404,1,0,0,0,0,0,0,0,0,0,0.1891891891891892,0,0,0,0.0,0,https://urlhaus.abuse.ch/url/3711312/,1,0,0
76,32,37,12,0,2,1,4.6005904672149125,0,0,0,0,0,0,0,0,0,0,0.1578947368421052,0,5,0,0.0,0,http://feedbacktrendbuilders.vercel.app/3a36efff&cf6=5a&1eg=k9dhf3da4b=d400e,1,0,0
25,17,0,0,1,2,1,3.943465189601645,1,0,0,0,0,0,0,1,1,0,0.0,0,0,1,0.8680683819611674,1,https://www.apple-us.info,0,0,0
89,7,52,12,0,2,0,4.883052465102866,1,0,0,0,0,0,0,0,0,0,0.1348314606741573,1,2,1,0.5271436482242114,0,https://ipfs.io/ipfs/qmz5rlxf2pvkdcrevxq8vlz7dxm9sktxg9fqguat58ae3q?filename=pfor022.html,0,0,0
42,13,21,3,0,1,0,4.27042657804629,1,0,0,0,0,0,0,0,0,0,0.0714285714285714,0,0,1,0.8128035174295509,0,https://burakfilo.com/u/neteasehardest/900,0,0,0
55,18,16,1,2,2,0,4.197840005710098,0,0,0,0,0,0,0,0,1,0,0.0181818181818181,1,2,1,0.9852328575247848,0,http://pees-panelllr-1.ml/tmo/unlock.html?type=mnemonic,0,0,0
27,10,10,0,0,1,0,3.986187965046304,0,0,0,0,0,0,0,0,0,0,0.0,0,0,0,0.0,0,http://frajns.com/new/mazon,1,0,0
34,25,1,6,1,2,1,4.314972767530033,1,0,0,0,0,0,0,0,0,0,0.1764705882352941,0,0,1,0.8373455160744192,0,https://aol-109108.weeblysite.com/,0,0,0
23,16,0,0,0,2,1,3.849223912390625,0,0,0,0,0,0,0,0,0,0,0.0,0,0,0,0.0,0,http://www.jfastore.com,0,0,0
33,24,1,4,1,2,1,4.27137063437885,1,0,0,0,0,0,0,0,0,0,0.1212121212121212,0,0,1,0.9747566264491652,0,https://pdfdocument3-242.web.app/,0,0,0
39,30,1,4,1,2,1,4.246188756990946,1,0,0,0,0,0,0,0,0,0,0.1025641025641025,0,0,1,0.5861219746747495,0,https://metafb-442nf3o.firebaseapp.com/,0,0,0
29,22,0,0,0,2,1,3.952302977662385,0,0,0,0,0,0,0,0,0,0,0.0,0,0,0,0.0,0,http://www.bluedemonlodge.com,0,0,0
24,17,0,0,0,2,1,3.772055208874201,0,0,0,0,0,0,0,0,0,0,0.0,0,0,0,0.0,0,http://www.musedesign.eu,0,0,0
24,17,0,1,0,3,2,3.470175521464345,0,0,0,0,0,0,0,0,0,0,0.0416666666666666,0,0,0,0.0,0,http://www.ws2.stati.bid,0,0,0
24,17,0,0,0,2,1,3.772055208874201,0,0,0,0,0,1,0,0,0,0,0.0,0,0,1,0.7282444899406357,0,http://www.divarchat.com,0,0,0
34,27,0,0,0,2,1,3.9513101799829657,0,0,0,0,0,0,0,0,0,0,0.0,0,0,1,0.8095462433590325,0,http://www.businessesspromoted.com,0,0,0
31,23,0,0,0,2,1,3.86469832616696,1,0,0,0,0,0,0,0,0,0,0.0,0,0,0,0.0,0,https://www.bristolapproach.org,1,0,0
29,12,10,9,0,3,2,4.073329701949522,0,0,0,1,0,0,0,0,0,0,0.3103448275862069,0,0,0,0.0,0,http://89.32.41.172/bins/mpsl,1,0,0
20,8,5,1,0,1,0,3.846439344671015,0,0,0,0,0,0,0,0,1,0,0.05,0,0,0,0.0,0,http://bitly.ws/ckn5,1,0,0
97,20,70,21,2,3,1,4.870740837145699,0,0,0,0,0,0,0,0,0,0,0.2164948453608247,0,0,0,0.0,0,http://crypto.zeus.exchange/online/ci/4112353d061895b6d4ae1cd62e7f3fbf/ebm-mobile-app/index2.html,1,0,0
68,15,46,3,0,3,1,4.342340922126833,0,0,0,0,0,0,0,1,0,0,0.0441176470588235,0,1,0,0.0,0,http://freeform.com.br/dados_de/office365/outlook/authentication.php,1,0,0
212,13,33,23,2,4,1,5.078879231095265,0,0,0,0,0,0,0,0,0,0,0.1084905660377358,1,3,0,0.0,0,http://gamevan.co.za/.tmb/it/n26_fr-m3tri/n26-log.php?token=tw96awxsys81ljagke1hy2ludg9zadsgsw50zwwgtwfjie9tifggmtbfmtrfnckgqxbwbgvxzwjlaxqvnja1ljeumtugketive1mlcbsawtliedly2tvkte4oc4xnjyuotgumjq5mjaymjpnyxi6vgh1,1,0,0
21,6,7,3,0,1,0,3.8801799226757376,1,0,0,0,0,0,0,0,0,0,0.1428571428571428,0,0,0,0.0,0,https://ume.la/7a4k3k,0,0,0
22,15,0,1,0,3,2,3.7544418457133446,0,0,0,0,0,0,0,0,0,0,0.0454545454545454,0,0,0,0.0,0,http://www.6.duogz.com,0,0,0
137,18,62,16,0,2,0,4.780370895026728,0,0,1,0,0,0,0,3,0,0,0.1167883211678832,3,8,0,0.0,0,http://bodrogiirodahaz.hu/sites/default/files/@@/@@/3918e0db78a7daf/account/account.php?cmd=_update&dispatch=903cfbd7cc0e29b4b&locale=en_,1,0,0
70,11,52,7,1,1,0,4.773656545665236,0,0,0,0,0,0,0,0,0,0,0.1,0,0,0,0.0,0,http://cf-ipfs.com/ipfs/qmvgb5wwkvzzu2gcxdyqj3d3dc9x1cdohuumhypjuvxj7o,1,0,0
29,22,0,0,0,3,2,3.857306856898129,0,0,0,0,0,0,0,0,1,0,0.0,0,0,1,0.617565199484347,0,http://www.eeeruh.pplink.club,0,0,0
27,20,0,0,0,2,1,3.754163427768881,0,0,0,0,0,0,0,0,0,0,0.0,0,0,1,0.9227843471689222,0,http://www.simplatecplc.com,0,0,0
142,22,113,27,0,5,2,4.843386273324544,0,0,0,0,0,0,0,0,0,0,0.1901408450704225,0,0,0,0.0,0,http://2481.30.anbarvahdat.ir/.hyll9ottvk.ahr0chm6ly9saw1llxplbml0ac1syw50yw5hlmdsaxrjac5tzs85ndqwmzauahrtbd9lbt1nbwfqb3jad3d3awxsawftcy5jb20j,1,0,0
30,23,0,0,0,2,1,4.098068512058839,0,0,0,0,0,0,0,0,0,0,0.0,0,0,0,0.0,0,http://www.kairaliagencies.com,0,0,0
29,20,2,16,0,3,2,3.689901581992151,0,1,0,1,0,0,0,0,0,0,0.5517241379310345,0,0,0,0.0,0,http://123.11.243.151:37568/i,1,0,0
33,25,0,0,0,3,2,4.028946391954607,1,0,0,0,0,0,0,0,0,0,0.0,0,0,0,0.0,0,https://www.opalsdownunder.com.au,1,0,0
21,14,0,0,1,2,1,3.6537567082870006,0,0,0,0,0,0,0,0,1,0,0.0,0,0,0,0.0,0,http://www.lsp-pey.cf,0,0,0
47,12,28,0,0,1,0,3.987594373129881,0,0,0,0,0,0,0,1,0,0,0.0,0,0,0,0.0,0,http://autograff.ro/asig/uploads/css/securefile,1,0,0
117,13,24,12,2,4,2,4.951418036400818,0,0,0,1,0,0,0,0,0,0,0.1025641025641025,3,7,0,0.0,0,http://52.23.167.236/consulte-sua-fatura.php?cartoes=home&id=otnjyjvlyjmzmtyzzwyyzjnkmzfln2ixyjmzzgm3zdi=&the=theking,1,0,0
38,22,8,6,0,2,1,4.346225868535944,1,0,0,0,0,0,0,1,0,0,0.1578947368421052,0,0,1,0.8978449561214317,1,https://soumya252000.github.io/netflix,0,0,0
97,13,77,15,2,3,2,4.830173121334055,0,0,0,1,0,0,0,0,0,0,0.1546391752577319,0,0,0,0.0,0,http://54.159.65.155/mua/user/scis/j6unvhzsitlyrxstpnfun4tssjgejkn7dldp6fxsjfxo/3d/no-back-button,1,0,0
109,23,63,28,1,2,0,4.799372857875133,0,0,0,0,0,0,0,0,0,0,0.2568807339449541,1,3,0,0.0,0,http://diretoriodeartistas.com/ven-c404/_/dir/cf90b594608634d8dd02db5d90364841/execution.html?validation=e1s1,1,0,0
23,16,0,0,1,1,0,3.8492239123906247,0,0,0,0,0,0,0,0,0,0,0.0,0,0,1,0.5210020609599386,0,http://crypto-nodes.org,0,0,0
43,24,12,0,0,1,0,4.133017301808218,0,0,0,0,0,0,0,0,0,0,0.0,0,0,1,0.8086652647920791,0,http://terminatorsvideogame.com/u/mygovnew/,0,0,0
73,13,53,0,0,1,0,4.314920155583877,0,0,0,0,0,0,0,0,0,0,0.0,0,0,0,0.0,0,http://drdehghan.com/templates/atomic/benzo/bekindtoeverybodyalwaysbekind,1,0,0
21,13,0,0,0,2,1,3.594465636961452,1,0,0,0,0,0,0,0,0,0,0.0,0,0,0,0.0,0,https://www.pughs.com,1,0,0
47,38,1,0,1,2,1,3.865565915821165,1,0,0,0,0,0,0,0,0,0,0.0,0,0,1,0.6030320548240335,0,https://dev-sistemaitauenlinea.pantheonsite.io/,0,0,0
47,20,20,0,2,2,0,4.263715777995571,0,0,0,0,0,0,0,0,0,0,0.0,0,1,0,0.0,0,http://beat-style-matrix.de/unsual_activity.php,1,0,0
21,12,1,0,0,2,1,3.748994803525096,1,0,0,0,0,0,0,0,0,0,0.0,0,0,0,0.0,0,https://www.uber.com/,0,0,0
42,33,1,8,4,3,2,4.445307005854539,1,0,0,0,0,0,0,0,0,0,0.1904761904761904,0,0,1,0.8348694678689996,0,https://jolly-ride.190-61-4-74.plesk.page/,0,0,0
99,37,55,14,1,3,1,4.714425752190894,0,0,0,0,0,0,0,0,0,0,0.1414141414141414,0,0,0,0.0,0,http://bloodthirsty-fiftie.000webhostapp.com/lossunt/lost/like/daa/fkjhe7rw792384ewuro28rh/1/1.html,1,0,0
84,15,56,4,2,2,0,4.631909053958198,0,0,0,0,0,0,0,0,0,0,0.0476190476190476,0,3,0,0.0,0,http://asjmiyazaki.com/wordpress/wp-content/plugins/upspy/dhl-2020/dhl_doc.php?mail=,1,0,0
63,18,38,5,0,3,1,4.297402242201706,0,0,0,0,0,0,0,1,0,0,0.0793650793650793,0,0,0,0.0,0,http://cloud.rodemsys.com/wordpress/volks/volks/91119/login.php,1,0,0
242,20,116,19,17,3,1,4.975745811179507,1,0,0,0,0,0,0,0,0,0,0.0785123966942148,1,6,0,0.0,0,https://www.poderdebusca.com/item/cooktop-5-bocas-brastemp-gourmand-inox-com-duplachama-e-trempe-com-ferro-fundido-%252d-bdk90dr-%252d-220v.html?gclid=cjwkcaialp2fbhbpeiwa2q10d5vhesxynvkksnouwaarsxkwi_xxqjdc-n3wzfrhzvlou8nylyssnbocnicqavd_bwe,0,0,0
80,13,19,19,0,2,1,4.95007052036418,0,0,0,0,0,0,0,0,0,0,0.2375,2,4,0,0.0,0,http://ebiuro.org.pl/ob3f555748d46802b/?muu=ral&mur=cg9sbhkucm9iaw5zb25antmuy29t,1,0,0
41,20,13,0,1,2,1,4.031587907627833,1,0,0,0,0,0,0,0,0,0,0.0,0,0,1,0.7368928279801612,0,https://www.gambolthemes.net/wp-admin/mi/,0,0,0
47,12,10,12,0,3,2,4.554172894046704,0,0,0,1,0,0,0,0,0,0,0.2553191489361702,1,2,0,0.0,0,http://20.42.97.132/shopping/?cart=mzc1mjg0mje2,1,0,0
97,46,44,8,3,5,4,4.543744875295976,0,0,0,0,0,0,0,1,0,1,0.0824742268041237,0,0,0,0.0,0,http://account.safety.spotifly.case02669.themeadd.com/spotify/aronxvictims/spotify-656-byxaron-tn,1,0,0
23,16,0,0,0,2,1,3.675310868912364,0,0,0,0,0,0,0,0,0,0,0.0,0,0,0,0.0,0,http://www.ioaindia.com,0,0,0
26,18,0,0,0,2,1,3.7192945256669785,1,0,0,0,0,0,0,0,0,0,0.0,0,0,0,0.0,0,https://www.natematias.com,1,0,0
88,28,14,25,1,3,1,4.598945545763531,0,0,0,0,0,0,0,0,0,0,0.2840909090909091,1,2,0,0.0,0,http://accban-92202211.kahulasup.ch/apprevert.php?toapp=cb1b677e133795a26ef5af0b90ea1eda,1,0,0
47,13,27,6,1,2,0,4.2506694364618,0,0,0,0,0,0,0,0,0,0,0.1276595744680851,0,0,0,0.0,0,http://ca-nowpay.net/sh/ca90520/bdesj/desj2.php,1,0,0
36,28,1,1,0,2,1,4.065079515030719,0,0,0,0,0,0,0,0,0,0,0.0277777777777777,0,0,1,0.6101233195498705,0,http://geminilogo9.mystrikingly.com/,0,0,0
24,17,0,0,0,2,1,3.855388542207534,0,0,0,0,0,0,0,0,0,0,0.0,0,0,0,0.0,0,http://www.magenmail.com,0,0,0
37,16,13,7,0,2,1,4.098117812148849,1,0,0,0,0,0,0,0,0,0,0.1891891891891892,0,0,0,0.0,0,https://urlhaus.abuse.ch/url/3658810/,1,0,0
123,11,105,29,1,7,0,4.482061135424332,0,0,1,0,0,0,0,0,0,0,0.2357723577235772,0,0,1,0.8162339647426837,0,http://1636365.com/assets/40intlify.595663c5.js/assets/@floating-ui.4bc9703a.js/assets/@popperjs.36402333.js/assets/assets/,0,0,0
72,19,46,34,0,4,2,4.406123356168827,0,1,0,1,0,0,0,0,0,0,0.4722222222222222,0,0,0,0.0,0,http://201.16.194.227:2550/TmpFTP/EXTCONS/1/0021/20102020083404/info.zip,1,0,0
98,35,13,22,3,3,1,4.825106079386415,0,0,0,0,0,0,0,0,0,0,0.2244897959183673,1,2,0,0.0,0,http://fbcom-policies-4umoowt53.tr-hcg.com/profile.html?countuser=53463acd99e44ee5a251b0e74cab284c,1,0,0
30,23,0,0,0,2,1,4.006238928653389,0,0,0,0,0,0,0,0,0,0,0.0,0,0,1,0.8966868970768312,0,http://www.guatevacaciones.com,0,0,0
25,18,0,1,0,3,2,3.783465189601646,0,0,0,0,0,0,0,0,1,0,0.04,0,0,1,0.99810928973404,0,http://www.cattree.1x.biz,0,0,0
19,11,0,0,0,2,1,3.5368867237421666,1,0,0,0,0,0,0,0,0,0,0.0,0,0,0,0.0,0,https://www.uia.net,1,0,0
125,33,76,21,1,4,1,4.767287607401614,0,0,0,0,0,0,0,1,0,0,0.168,0,1,0,0.0,0,http://assumptive-ways.000webhostapp.com/sun/sun.zell/service/verify/id/6r2gfb6sfh6b14s6w546bh541tsw64b1hsw/1/1.html?redacted,1,0,0
37,11,19,8,1,3,2,4.324186135840749,0,0,0,1,0,0,0,0,0,0,0.2162162162162162,0,0,0,0.0,0,http://20.151.7.75/finance/bmo-mobile,1,0,0
21,14,0,0,0,2,1,3.6537567082870006,0,0,0,0,0,0,0,0,1,0,0.0,0,0,0,0.0,0,http://www.amestar.gq,0,0,0
97,25,52,7,2,4,2,4.510888266969244,0,0,0,0,0,0,0,0,0,0,0.0721649484536082,0,2,0,0.0,0,http://cagricoleg.temp.swtest.ru/c-agricoleeee/c-agricole/ff4f30f64b6b7fb/region.php?particulier=,1,0,0
34,25,1,6,1,2,1,4.34865650363964,1,0,0,0,0,0,0,0,0,0,0.1764705882352941,0,0,0,0.0,0,https://att-104275.weeblysite.com/,0,0,0
35,13,15,0,3,1,0,4.036006945330954,0,0,0,0,0,0,0,0,1,0,0.0,0,0,0,0.0,0,http://aims-jobs.top/cgi--bin/ppddf,1,0,0
23,16,0,3,0,2,1,3.344456935241198,0,0,0,0,0,0,0,0,0,0,0.1304347826086956,0,0,1,0.6783050033723939,0,http://www.111xxxxx.com,0,0,0
25,16,1,0,0,2,1,3.753269689515108,1,0,0,0,0,0,0,0,0,0,0.0,0,0,1,0.8162034309580288,0,https://www.coursera.org/,0,1,0
141,29,105,24,0,6,3,5.001293885151441,0,0,0,0,0,0,0,0,0,0,0.1702127659574468,0,1,0,0.0,0,http://7f8cxbedwj.3846.genzai.com.co/.7f8cxbedwj.ahr0chm6ly9ndhn0ywzmcg9ydgfslmnvbs8uy3nzl2thdghszwvuay9ryxrobgvlbmtabmv3cg9ydgfzc2v0cy5jb20=,1,0,0
30,23,0,0,0,2,1,3.7232314287976207,0,0,0,0,0,1,0,0,0,0,0.0,0,0,1,0.6151534694328752,0,http://www.wasatchcrossfit.com,0,0,0
35,27,1,0,1,3,2,3.88973793165199,0,0,0,0,0,0,0,0,0,0,0.0,0,0,0,0.0,0,http://www.rakcten-cocb.llecloh.cn/,0,0,0
29,22,0,0,0,2,1,4.073329701949522,0,0,0,0,0,0,0,0,0,0,0.0,0,0,0,0.0,0,http://www.transferlights.com,0,0,0
28,21,0,0,0,2,1,3.94075983254009,0,0,0,0,0,0,0,0,1,0,0.0,0,0,1,0.8151862472042697,0,http://www.tradeadspace.info,0,0,0
73,35,31,5,0,3,2,4.293311244169409,0,0,0,0,0,0,0,0,0,0,0.0684931506849315,0,0,0,0.0,0,http://bettermarten.build067.wpsandbox.app/miso/post/internet/group/e6d7a,1,0,0
133,24,102,11,0,3,2,4.95460494513183,0,0,0,0,0,0,0,0,0,0,0.0827067669172932,0,0,0,0.0,0,http://ff.membership.gearena.vn/vlonlcohuigtiermss3lpfxgmpukcijx7wgyszteccltrly7vnuiaj3loj2egw3n8wlcsh1ktoufqzgwqcma9t4h4zmhkvcbigdkf,1,0,0
22,15,0,0,0,2,1,3.879664004902593,0,0,0,0,0,0,0,0,1,0,0.0,0,0,1,0.8014454279862273,0,http://www.budskpvc.ga,0,0,0
31,24,0,0,1,3,2,3.837125649642013,0,0,0,0,0,0,0,0,0,0,0.0,0,0,1,0.7173135663061859,0,http://www.exp-api.beeppool.org,0,0,0
21,14,0,0,0,2,1,3.689703732199547,0,0,0,0,0,0,0,0,0,0,0.0,0,0,1,0.925774548625928,0,http://www.lulego.com,0,0,0
59,30,21,1,1,1,0,4.314787227937808,1,0,0,0,0,0,0,0,0,0,0.0169491525423728,0,0,0,0.0,0,https://liveyourpainthroughpurpose.com/wp-includes/id3/dhi/,0,0,0
37,28,1,0,0,3,2,3.9927087708004674,1,0,0,0,0,0,0,1,0,0,0.0,0,0,0,0.0,0,https://inlnebanklng.galecia.repl.co/,0,0,0
18,10,0,0,0,2,1,3.2810361125534238,1,0,0,0,0,0,0,0,0,0,0.0,0,0,0,0.0,0,https://www.pw.org,1,0,0
24,17,0,0,0,2,1,3.688721875540867,0,0,0,0,0,0,0,0,0,0,0.0,0,0,1,0.662776160947568,0,http://www.othisanna.com,0,0,0
52,25,20,0,0,1,0,3.99844945921767,0,0,0,0,0,0,0,0,0,0,0.0,0,0,0,0.0,1,http://arkansasanimefestival.com/l/linkedin/linkedin,1,0,0
25,18,0,0,0,2,1,3.6234651896016463,0,0,0,0,0,0,0,0,0,0,0.0,0,0,1,0.8228100874011506,0,http://www.lottoplays.com,0,0,0
27,20,0,0,0,2,1,4.106377316818028,0,0,0,0,0,0,0,0,0,0,0.0,0,0,1,0.8255592304218858,1,http://www.ukrainebayra.com,0,0,0
93,13,52,6,0,2,0,4.748176554387733,1,0,0,0,0,0,0,0,0,0,0.064516129032258,1,2,1,0.5387405335250769,0,https://crustipfs.art/ipfs/qmsp6phgaswdcxzceza7yv3yvpg8csuausbvjc66dyrhia?filename=jpaul.html,0,0,0
38,29,1,6,1,2,1,4.240962710641206,1,0,0,0,0,0,0,0,0,0,0.1578947368421052,0,0,0,0.0,0,https://webmail-102101.weeblysite.com/,0,0,0
29,22,0,1,0,3,2,3.9002417706166295,0,0,0,0,0,1,0,0,0,0,0.0344827586206896,0,0,0,0.0,0,http://www.n4acc.blogspot.com,0,0,0
22,15,0,0,0,2,1,3.6635327548042538,0,0,0,0,0,0,0,0,0,0,0.0,0,0,0,0.0,0,http://www.alhelli.com,0,0,0
28,20,0,0,0,3,2,3.628085278891394,1,0,0,0,0,0,0,0,0,0,0.0,0,0,0,0.0,0,https://www.starvision.in.th,1,0,0
37,28,1,0,0,2,1,4.1416216087552495,1,0,0,0,0,0,0,0,0,0,0.0,0,0,0,0.0,0,https://yodsecinserv.firebaseapp.com/,0,0,0
20,12,0,0,0,2,1,3.6841837197791887,1,0,0,0,0,0,0,0,0,0,0.0,0,0,0,0.0,0,https://www.nilan.dk,1,0,0
79,40,32,7,2,4,2,4.418316072220761,0,0,0,0,0,0,0,0,0,0,0.0886075949367088,0,0,0,0.0,0,http://espace-client-france.c1571164.ferozo.com/particulars/identification.html,1,0,0
27,15,4,3,0,1,0,3.852497577104201,1,0,0,0,0,0,0,0,0,0,0.1111111111111111,0,0,1,0.8015356583902175,0,https://totalproject.cl/894,0,0,0
25,18,0,0,0,2,1,3.733660689688185,0,0,0,0,0,0,0,0,0,0,0.0,0,0,0,0.0,0,http://www.atolimited.com,0,0,0
69,28,34,16,1,5,1,4.704265717798732,0,0,0,0,0,0,0,0,0,0,0.2318840579710145,0,0,0,0.0,1,http://f3fa3561e8-1914399.nxcli.net/smp/linkedin2.0.6/source/root.php,1,0,0
57,24,9,1,0,2,1,4.543244838650233,0,0,0,0,0,0,0,0,0,0,0.0175438596491228,2,4,0,0.0,1,http://faceluck.lovestoblog.com/archive/?id=instagram&i=1,1,0,0
31,17,6,0,0,1,0,4.091135423220311,1,0,0,0,0,0,0,0,0,0,0.0,0,0,1,0.9638014809415464,0,https://stackoverflow.com/about,0,0,0
33,25,0,0,0,2,1,4.104407755459851,1,0,0,0,0,0,0,0,0,0,0.0,0,0,0,0.0,0,https://www.listondesignbuild.com,1,0,0
86,15,64,20,1,2,1,4.754883512331225,0,0,0,0,0,0,0,0,0,0,0.2325581395348837,0,0,0,0.0,0,http://fordauto.com.br/wp-content/plugins/lulzsec/app/e6793cba18a3dc25a12d60e7ea277076,1,0,0
43,34,1,4,2,2,1,4.315231324217973,1,0,0,0,0,0,0,0,0,0,0.0930232558139534,0,0,1,0.5978829769645668,0,https://check-status-31f89.firebaseapp.com/,0,0,0
58,18,32,17,0,4,2,4.674719090246698,1,1,0,1,0,0,0,0,0,0,0.293103448275862,0,1,0,0.0,0,https://203.206.29.46:8443/sda5/Installers%20APK/Video.lnk,1,0,0
27,13,7,10,0,4,2,3.810081020521731,0,0,0,1,0,0,0,0,0,0,0.3703703703703703,0,0,0,0.0,0,http://138.188.44.55/av.lnk,1,0,0
69,52,9,0,0,4,2,4.115165038425504,1,0,0,0,0,0,0,0,0,0,0.0,0,0,0,0.0,0,https://amusingunrulyinterfacestandard.tradertrading.repl.co/data.php,0,0,0
145,106,32,47,3,5,3,5.061820367055286,0,0,0,0,0,0,0,1,0,0,0.3241379310344827,0,0,0,0.0,0,http://cox.com-6159368de39251d7a-login.id-107sbtd9cbhsbtd5d80a13c0db1f546757jnq9j5754675788297349.kylelierman.com/iloystgnjfrgthteawvo/indexx.php,1,0,0
26,19,0,0,0,2,1,3.748328660365574,0,0,0,0,0,0,0,0,0,0,0.0,0,0,0,0.0,0,http://www.windefender.org,0,0,0
28,21,0,0,0,2,1,4.208966082694623,0,0,0,0,0,0,0,0,0,0,0.0,0,0,1,0.7888164306507479,0,http://www.yedirenkajans.com,0,0,0
287,13,17,56,4,10,2,5.195043382133495,0,0,0,1,0,0,0,3,0,0,0.1951219512195122,7,19,0,0.0,1,http://43.156.75.220/interactivelogin?continue=https://accounts.google.com/?&dsh=s-16245958:1678814942104464&flowentry=servicelogin&followup=https://accounts.google.com/?&ifkv=awnoghes_53nney-oakeemq7d2ene0aritv1lagb-_-fvc_f2i7ij07wuofg6hxm1ha0qozzupvr&nojavascript=1&xrealip=38.122.5.34,1,0,0
16,7,1,0,0,1,0,3.327819531114783,1,0,0,0,0,0,0,0,0,0,0.0,0,0,0,0.0,0,https://zoom.us/,0,0,0
35,26,1,0,0,2,1,3.875731503204188,1,0,0,0,0,0,0,0,0,0,0.0,0,0,0,0.0,0,https://viveirodoiscorregos.com.br/,0,0,0
49,20,22,2,0,1,0,4.328596578632476,0,0,0,0,0,0,0,0,0,0,0.0408163265306122,0,1,0,0.0,0,http://eduardoxmartinez.com/jennifer%20isom/mazon,1,0,0
200,13,93,53,0,3,1,5.1848277120468005,0,0,0,0,0,0,0,0,0,0,0.265,3,8,0,0.0,0,http://canblog.co.za/jk/gfilepro/sp12/sp/smnytgzokb5l96s0cmjfklx7_hdarwhdzaue8ypi1vr3qobwix4ev&cnft2/personal.php?loqln=sbmit&id=7b5e21d6f6736cd102d2d41ea5306b&session=2625d328da2c8025d5ab3e39e9401d42,1,0,0
21,14,0,0,1,2,1,3.6537567082870006,0,0,0,0,0,0,0,0,1,0,0.0,0,0,1,0.8602412745952728,0,http://www.bots-me.ml,0,0,0
132,7,52,24,0,1,0,4.92296017315127,1,0,0,0,0,0,0,0,0,0,0.1818181818181818,1,2,1,0.6204064664011899,0,https://ipfs.io/ipfs/qmces6a9z43kj6g7g73hazbwkngt1ntbkypb7ykx1uj8vh?filename=synqmces6a9z43kj6g7g7syn3hazbwkngt1ntbkypb7ykx1uj8vhsyn,0,0,0
21,14,0,0,0,2,1,3.594465636961452,0,0,0,0,0,0,0,0,0,0,0.0,0,0,0,0.0,0,http://www.barmash.ru,0,0,0
34,25,1,1,1,2,1,4.116299605701696,1,0,0,0,0,0,0,0,0,0,0.0294117647058823,0,0,0,0.0,0,https://so-sogen1.firebaseapp.com/,0,0,0
44,14,23,11,0,4,2,4.422848880581914,0,0,0,1,0,0,0,2,0,0,0.25,0,0,0,0.0,0,http://209.97.166.152/banks/atb/confirm.html,1,0,0
28,21,0,2,0,3,2,3.967720100474499,0,0,0,0,0,0,0,0,0,0,0.0714285714285714,0,0,1,0.6673816863611588,0,http://www.wp01.devanshp.com,0,0,0
24,17,0,0,0,2,1,3.834962500721156,0,0,0,0,0,0,0,0,0,0,0.0,0,0,1,0.9581357057687652,0,http://www.yeswesing.com,0,0,0
61,22,32,0,0,2,0,4.11322878935603,0,0,0,0,0,0,0,0,0,0,0.0,0,0,0,0.0,0,http://devendrafoundation.org/img/admin/volt/verification.php,1,0,0
59,50,1,0,5,2,1,4.159783041027187,1,0,0,0,0,0,0,0,0,0,0.0,0,0,1,0.7540912862818101,0,https://micro-file-share-device-drive-view.firebaseapp.com/,0,0,0
102,9,63,11,0,3,0,4.9506321170422645,1,0,1,0,0,0,0,0,0,0,0.1078431372549019,1,2,1,0.5877214414905985,0,https://dweb.link/ipfs/qmvgc6tefgus4y2mv1i6v35r2knb6zhstz3v6brtldmtzd/index.html?email=noc@protocol.ai,0,0,0
211,52,4,21,2,4,3,4.975863034813148,0,0,0,0,0,0,0,2,1,0,0.0995260663507109,5,15,1,0.6367546297466289,0,http://www.kuerennkaycoato-co-jp.kuercnokayccata.rzyddn.top/ai/?authenticated=true&amp;amp;openid/gp/signin/x&amp;i=a&amp;oauth=m&amp;i?ie=utf8&amp;ref_=rhf_custrec_signinc3c9e4b3d5723edfabbbdb684f7299da568cf9c8,0,0,0
19,11,0,0,0,2,1,3.6818808028034016,1,0,0,0,0,0,0,0,0,0,0.0,0,0,0,0.0,0,https://www.zed.com,1,0,0
30,23,0,0,0,2,1,4.098068512058839,0,0,0,0,0,0,0,0,0,0,0.0,0,0,1,0.7953509055731318,0,http://www.braintrainersuk.com,0,0,0
42,33,1,0,1,2,1,4.159592720140253,1,0,0,0,0,0,0,1,0,0,0.0,0,0,1,0.5829968719060528,0,https://zimbra-accountsec.firebaseapp.com/,0,0,0
51,19,25,5,0,2,0,4.474005430623188,0,0,0,0,0,0,0,0,0,0,0.0980392156862745,0,0,0,0.0,0,http://alkhayaringroup.com/wallet/e5b4886/info.html,1,0,0
395,13,10,18,0,24,2,4.691671828634499,0,0,1,1,0,0,0,2,0,0,0.0455696202531645,9,38,0,0.0,1,http://182.16.44.138/ap/signin?key=a@b.c&openid.assoc_handle=jpflex&openid.claimed_id=http://specs.openid.net/auth/2.0/identifier_select&openid.identity=http://specs.openid.net/auth/2.0/identifier_select&openid.mode=checkid_setup&openid.ns=http://specs.openid.net/auth/2.0&openid.pape.max_auth_age=0&openid.return_to=https://www.amazon.co.jp/?ref_%3dnav_em_hd_re_signin&ref_=nav_em_hd_clc_signin,1,0,0
33,25,0,0,0,2,1,4.0060710131011685,1,0,0,0,0,0,0,0,0,0,0.0,0,0,0,0.0,0,https://www.harlemgospelchoir.com,1,0,0
20,13,0,1,0,2,1,3.6841837197791887,0,0,0,0,0,0,0,0,0,0,0.05,0,0,1,0.5270826030848403,0,http://www.y1xml.com,0,0,0
48,18,23,1,0,2,0,4.14967389677155,0,0,0,0,0,0,0,0,1,0,0.0208333333333333,0,1,0,0.0,0,http://bibirpetualang7.ml/notification_help.html,1,0,0
67,10,50,22,0,2,0,4.67663271389358,0,0,0,0,0,0,0,0,1,0,0.3283582089552239,0,0,0,0.0,0,http://crimtan.gq/online.com/pdftt/0c7391c6c48ea12489fb354ff7232e23,1,0,0
25,17,0,0,0,2,1,3.8634651896016456,1,0,0,0,0,0,0,0,0,0,0.0,0,0,0,0.0,0,https://www.cashinator.de,1,0,0
40,19,14,0,2,2,1,4.227567157116929,0,0,0,0,0,0,0,1,0,0,0.0,0,0,0,0.0,1,http://debo-saha.github.io/netflix-clone,1,0,0
110,30,73,5,1,4,2,4.420675373266166,0,0,0,0,0,0,0,0,0,0,0.0454545454545454,0,0,0,0.0,0,http://evolque2020.lon.wafaicloud.com/tic/tok/legal/itaupersonalite/acesso-desktop/gripnet/senha6incorreta.php,1,0,0
23,16,0,0,0,2,1,3.708132064658602,0,0,0,0,0,0,0,0,0,0,0.0,0,0,1,0.7874985329958912,0,http://www.dotxbitz.com,0,0,0
34,25,1,2,1,2,1,4.197325708706504,1,0,0,0,0,0,0,0,0,0,0.0588235294117647,0,0,1,0.8025845783286274,0,https://a3h-mkd3d.firebaseapp.com/,0,0,0
109,20,82,7,3,2,0,4.475727881370389,0,0,0,0,0,0,0,0,0,0,0.0642201834862385,0,1,0,0.0,0,http://connect-formation.fr/wordpress/wp-includes/images/smilies/cloud/customer_center/user-653431/3dcard.php,1,0,0
95,12,76,7,0,1,0,4.816775676948573,0,0,0,0,0,0,0,0,0,0,0.0736842105263157,0,4,0,0.0,0,http://conaireg.com/new/auth/sf_rand_string_lowercase6/z3jvc2vuc3rlaw5acxvhbgl0ewvuzxjnes5uzxq=,1,0,0
24,17,0,2,0,3,2,4.0220552088742005,0,0,0,0,0,0,0,0,0,0,0.0833333333333333,0,0,1,0.8293844058786939,0,http://www.a54.sdybv.com,0,0,0
47,38,1,11,0,2,1,3.096589525750754,1,0,0,0,0,0,0,0,0,0,0.2340425531914893,0,0,0,0.0,0,https://belllllllllllllllll00000000024.web.app/,0,0,0
53,31,14,0,1,3,1,3.9117913340248776,1,0,0,0,0,0,0,0,0,0,0.0,0,0,1,0.7150645419618913,0,https://dev-bolsitebise.pantheonsite.io/des/index.php,0,0,0
27,20,0,0,0,2,1,3.485825927849009,0,0,0,0,0,0,0,0,0,0,0.0,0,0,1,0.6673313194014594,0,http://www.alanoitaliano.pl,0,0,0
29,22,0,1,0,3,2,4.021268494903765,0,0,0,0,0,0,0,0,0,0,0.0344827586206896,0,0,1,0.9257932306398824,0,http://www.mx5.blocktrail.com,0,0,0
56,48,1,2,3,2,1,4.3985361186722285,0,0,0,0,0,0,0,0,0,0,0.0357142857142857,0,0,1,0.8551656118470428,0,http://pancake-frontend-6hdusry7s-chefmomota.vercel.app/,0,0,0
74,16,30,27,0,3,1,4.487830522166009,0,0,0,0,0,0,0,0,0,0,0.3648648648648648,1,2,0,0.0,0,http://a0609371.xsph.ru/up/01bf0f7499d096b/region.php?auth=01bf0f7499d096b,1,0,0
22,15,0,0,0,2,1,3.447401504705915,0,0,0,0,0,0,0,0,0,0,0.0,0,0,1,0.767833004133354,0,http://www.pupusas.net,0,0,0
29,21,0,0,0,2,1,3.857306856898128,1,0,0,0,0,0,0,0,0,0,0.0,0,0,0,0.0,0,https://www.stoneskimming.com,1,0,0
34,15,12,0,0,3,1,3.8221819586428727,0,0,0,0,0,0,0,0,0,0,0.0,0,0,0,0.0,0,http://netrip.ddns.net/massload.sh,1,0,0
34,20,7,16,0,4,2,4.079678649882975,0,1,0,1,0,0,0,0,0,0,0.4705882352941176,0,0,0,0.0,0,http://180.190.203.38:37594/bin.sh,1,0,0
29,20,1,0,0,1,0,3.883337460421007,1,0,0,0,0,0,0,0,0,0,0.0,0,0,0,0.0,0,https://pelargomorphaes.live/,0,0,0
239,14,17,45,0,10,2,5.178441213509121,0,0,0,1,0,0,0,3,0,0,0.1882845188284518,5,13,0,0.0,1,http://129.226.211.41/interactivelogin?continue=https://accounts.google.com/?&followup=https://accounts.google.com/?&passive=1209600&xrealip=107.178.236.29&ifkv=aqmjq7sbc722evifszodfsd8j4lvbclyuirwylxp7q_wag73a8jgh5ipkokay4m30fmftepu2j6mja,1,0,0
28,21,0,0,0,3,2,3.797902689682947,0,0,0,0,0,0,0,0,0,0,0.0,0,0,1,0.955337781334448,0,http://www.gtbnonline.uni.me,0,0,0
28,21,0,0,0,2,1,4.066108939837481,0,0,0,0,0,0,0,0,0,0,0.0,0,0,0,0.0,0,http://www.grandeveryday.com,0,0,0
115,16,47,35,0,2,1,4.947305707960202,0,0,0,0,0,0,0,1,0,0,0.3043478260869565,2,6,0,0.0,0,http://a0566417.xsph.ru/61314f59fe4090d3fcd29bc0ec9b089e/particuliers/?view=login&appidkey=fcd00c0656cc490&country=,1,0,0
31,23,0,0,0,2,1,4.026619294188053,1,0,0,0,0,1,0,0,0,0,0.0,0,0,0,0.0,0,https://www.beautyalchemist.com,1,0,0
29,20,1,0,0,2,1,3.745406425938248,1,0,0,0,0,0,0,0,0,0,0.0,0,0,1,0.7291010431811878,0,https://katimplastics.com.au/,0,0,0
38,17,14,1,1,1,0,4.273728829005326,0,0,0,0,0,0,0,0,0,0,0.0263157894736842,0,0,1,0.6257472956378465,0,http://compralofacil.net/wp-includes/1,0,0,0
90,7,75,8,0,2,0,4.72536532586599,1,0,0,0,0,0,0,0,0,0,0.0888888888888888,0,0,1,0.5392418150843517,0,https://ipfs.io/ipfs/bafybeihi3szunnyytzc5tl7gcccusbmbpsgsy2x5qkqqw7qnqnk6u3rrba/link.html,0,0,0
42,25,10,0,0,2,0,4.141619208183979,0,0,0,0,0,1,0,1,0,0,0.0,0,0,0,0.0,0,http://cancelnewpayeerequest.com/login.php,1,0,0
35,20,8,2,0,2,1,3.978864088188097,0,0,0,0,0,0,0,1,0,0,0.0571428571428571,0,0,0,0.0,1,http://chase.connects12.com/l/login,1,0,0
28,14,6,0,0,2,1,3.91379956460568,1,0,0,0,0,0,0,0,0,0,0.0,0,0,1,0.5444507653278763,0,https://www.medium.com/about,0,0,0
21,13,1,0,0,1,0,3.6178096843744543,0,0,0,0,0,0,0,0,0,0,0.0,0,0,1,0.7590213765691762,0,http://aaodating.com/,0,0,0
22,15,0,0,0,2,1,3.6069367321753214,0,0,0,0,0,0,0,0,0,0,0.0,0,0,1,0.5147642354880988,0,http://www.hexacam.com,0,0,0
21,14,0,0,0,3,2,3.4273334938982645,0,0,0,0,0,0,0,0,1,0,0.0,0,0,1,0.8154682145821013,0,http://www.js.csad.cc,0,0,0
31,24,0,0,0,2,1,4.0022680844408445,0,0,0,0,0,0,0,0,0,0,0.0,0,0,1,0.9149784583766114,0,http://www.adobemanager.digital,0,0,0
45,37,0,0,0,2,1,3.841171431052033,1,0,0,0,0,0,0,0,0,0,0.0,0,0,0,0.0,0,https://www.enterpriseintegrationpatterns.com,1,0,0
21,14,0,0,0,2,1,3.6537567082870006,0,0,0,0,0,0,0,0,1,0,0.0,0,0,1,0.9688518834114213,0,http://www.methisy.cf,0,0,0
37,25,5,6,0,4,2,4.134468568039292,0,0,0,0,0,0,0,0,0,0,0.1621621621621621,0,0,0,0.0,0,http://www.srv892825.hstgr.cloud/c.sh,1,0,0
89,55,27,9,4,3,2,4.587034414498769,0,0,0,0,0,0,0,1,0,0,0.1011235955056179,0,0,0,0.0,0,http://express-pagamento20021-999d0d.ingress-erytho.easywp.com/wp-admin/pay/account/files,1,0,0
134,30,18,19,0,3,1,4.76401561003771,0,0,0,0,0,0,0,2,0,0,0.1417910447761194,2,7,0,0.0,1,http://cpcontacts.freehealthstudy.icu/sos/chase/vbv.php?servid=service_login_&_authentication=d9fca8b3996baa7399c05ad692ffd1ee7ee5fbe6,1,0,0
100,14,79,33,2,4,2,4.819079570624176,0,0,0,1,0,0,0,0,0,0,0.33,0,0,0,0.0,0,http://134.209.158.88/plugnew/online/cibc/97f523901846b075a67ad034d4aa4b7c/ebm-mobile-app/index.html,1,0,0
155,23,125,22,0,4,1,5.055189829845864,0,0,0,0,0,0,0,0,0,0,0.1419354838709677,0,0,0,0.0,0,http://5301.jvcapitalgroup.com/.ffwh4oxquj.ahr0chm6ly9xdwfpbnqtz2xpc3rlbmluzy1qb2lulmdsaxrjac5tzs85ndmyns5odg1sp2vtpxiudg93bmvuzeb3awxsawftam9zzxbolmnvbqkj,1,0,0
133,17,41,32,0,2,0,4.818252637752447,0,0,0,0,0,0,0,2,0,0,0.2406015037593984,3,6,0,0.0,0,http://cmhpsychiatry.com/auto/deposit/bank/cibc/cibc/qestions.php?websrc=b120cb4616a2bb25a3489a0c7d1d483b&dispatched=93&id=4475230823,1,0,0
25,18,0,2,0,3,2,3.753269689515107,0,0,0,0,0,0,0,0,0,0,0.08,0,0,0,0.0,0,http://www.l58t.pciqh.com,0,0,0
193,14,21,31,0,2,0,5.103638186457933,0,0,0,0,0,1,0,0,0,0,0.160621761658031,0,2,0,0.0,0,http://cyclicslot.com/office_auto/auth.php?9658ojx1zonaav9umakx0yybzuhreh2fmtthy7rhlsqdw7gza1j0u3izinsihr56g0kma0f0kp05pqchsrlyqfjqdnlusins5twwwq33kvnhrixh9pir1nqltpi7zlpsre2z0x3sl6fro4kaejawco,1,0,0
37,16,13,7,0,2,1,4.044063758094795,1,0,0,0,0,0,0,0,0,0,0.1891891891891892,0,0,0,0.0,0,https://urlhaus.abuse.ch/url/3747584/,1,0,0
234,24,78,27,2,4,1,5.071252710421351,0,0,0,0,0,0,0,0,0,0,0.1153846153846153,1,3,0,0.0,0,http://drmarciovaleriano.com.br/wp-content/languages/plugins/de-de/meine/7qwjpywosz19g3e1c/meine.anmelden.php?cgi_auth=emlag5usp4llmbpyvaz5fmzqn2i5mips45bwgnjhfknx9uffmznghauqc09ebmc1tnu5cf3wk4rgqmqlyoq8q0zxgdz5q2rlqc9rg9trvfchmz1qx8r,1,0,0
185,15,12,70,0,6,2,4.74735332482395,0,0,0,1,0,0,0,2,0,0,0.3783783783783784,2,9,0,0.0,0,http://178.128.119.160/banks/cibc/?securessl=true&securessl=truehttp://178.128.119.160/banks/cibc/?&sessionid=5e639134cbdf89db4243214a433b2426&sessionid=5e639134cbdf89db4243214a433b2426,1,0,0
24,17,0,1,0,3,2,3.653107168362811,0,0,0,0,0,0,0,0,0,0,0.0416666666666666,0,0,1,0.7126940130257309,0,http://www.6rw.zwmdv.com,0,0,0
23,16,0,1,0,2,1,3.708132064658602,0,0,0,0,0,0,0,0,1,0,0.0434782608695652,0,0,1,0.5878558856715195,0,http://www.werenot3.xyz,0,0,0
100,16,77,1,1,6,1,4.323752595509599,0,0,0,0,0,0,0,3,0,0,0.01,0,0,0,0.0,1,http://et.thcscapes.com/bofaoa/secure.bankofamerica.comloginsign-insignonv2screen.go/overviewshn.php,1,0,0
34,25,1,0,0,2,1,4.079678649882975,1,0,0,0,0,0,0,0,0,0,0.0,0,0,1,0.7715927858285372,0,https://fomnptlex.firebaseapp.com/,0,0,0
23,13,3,10,0,3,2,3.6424896731661263,0,0,0,1,0,0,0,0,0,0,0.4347826086956521,0,0,0,0.0,0,http://130.12.180.64/po,1,0,0
27,20,0,0,0,2,1,3.986187965046304,0,0,0,0,0,0,0,1,0,0,0.0,0,0,0,0.0,0,http://www.kmskonseling.com,0,0,0
37,16,13,7,0,2,1,4.098117812148849,1,0,0,0,0,0,0,0,0,0,0.1891891891891892,0,0,0,0.0,0,https://urlhaus.abuse.ch/url/3740175/,1,0,0
215,52,4,37,2,4,3,4.963315102632145,0,0,0,0,0,0,0,2,1,0,0.1720930232558139,1,18,0,0.0,0,http://www.kuerennkaycoato-co-jp.kuercnokayccata.rzyddn.top/ai/?authenticated=true&amp;openid%2fgp%2fsignin%2fx%26i%3da%26oauth%3dm%26i%3fie%3dutf8%26ref_%3drhf_custrec_signinc3c9e4b3d5723edfabbbdb684f7299da568cf9c8,0,0,0
67,20,40,9,0,2,1,4.791699966797262,0,0,0,0,0,0,0,0,0,0,0.1343283582089552,0,0,0,0.0,0,http://delhome.rvjradio.com/public/5wk1fd64juo1drdnb1q79ez4lnvlkvqn,1,0,0
72,17,47,16,1,1,0,4.415804343546515,1,0,0,0,0,0,0,0,0,0,0.2222222222222222,0,0,0,0.0,0,https://thuocdietmuoi.net/wp-content/aa/7fef51ca0d4050d2cabe0067d0fc5e0f,0,0,0
29,15,6,0,0,2,1,3.9523029776623866,1,0,0,0,0,0,0,0,0,0,0.0,0,0,1,0.74011222645997,0,https://www.booking.com/about,0,0,0
46,39,0,0,0,3,2,4.188215826378305,0,0,0,0,0,0,0,0,0,0,0.0,0,0,0,0.0,0,http://www.lacocinadefrabisa.lavozdegalicia.es,0,0,0
38,10,21,0,0,2,0,3.8474201200521736,0,0,0,0,0,0,0,1,0,0,0.0,0,0,0,0.0,0,http://bimmbd.com/mygov/login/otp.html,1,0,0
78,14,28,0,0,2,0,4.530147533982959,0,0,1,0,0,0,0,1,0,0,0.0,1,4,0,0.0,0,http://datashapers.io/zcfadxa/auto_double_loginx/?email=nobody@mycraftmail.com,1,0,0
236,42,65,34,2,3,1,4.921490077228118,0,0,0,0,0,0,0,4,0,0,0.1440677966101695,1,9,0,0.0,0,http://creativestate-fy2010.leftbankcompanies.com/wp-includes/pomo/tmp/tmpasm/onlined/secure/secure/auth/index.php?securitysteps_5f512a34358ae4d3_access_verify_i5f512a34358ae4d3_token9833jnm246hhjmssw_onlinebanking_do7dtkwisdfg=capatcha,1,0,0
106,42,56,6,2,5,3,4.558800912425652,1,0,0,0,0,0,0,1,0,0,0.0566037735849056,0,0,1,0.690798086868853,1,https://dhhdhdhdhddd.s3.eu-central-1.amazonaws.com/aaqkagnmmzdhmtdiltaxmmetnguwmy05ymu0ltkwngnhyzy1zj.html,0,0,0
32,8,17,0,0,2,0,4.038909765557392,0,0,0,0,0,0,0,1,1,0,0.0,0,0,0,0.0,0,http://giulp.ml/mtbank/verif.php,1,0,0
88,28,14,29,1,3,1,4.689116777965,0,0,0,0,0,0,0,0,0,0,0.3295454545454545,1,2,0,0.0,0,http://accban-40195092.kahulasup.ch/apprevert.php?toapp=2e6c37b8ea33480504ac8f5f1686af20,1,0,0
60,30,23,27,0,2,0,4.434578988481229,0,0,0,0,0,0,0,2,1,0,0.45,0,2,0,0.0,1,http://200000000005447896532998629.tk/login_to_facebook.html,1,0,0
35,24,3,0,0,2,1,3.9713023022883713,1,0,0,0,0,0,0,0,0,0,0.0,0,0,1,0.582360799096302,0,https://www.hotellaxmipalace.com/jp,0,0,0
110,30,15,10,1,2,0,4.880452647680615,1,0,0,0,0,0,0,0,0,0,0.0909090909090909,1,6,1,0.7763147068265104,0,https://consultarviaportal-online1.net/luiza/home.php?userid=&uri=s2cdi95nsaaffjkr0gg9liamm9n+m0gb8pktnxm/a1e=,0,0,0
29,21,0,0,0,2,1,3.8404025467025056,1,0,0,0,0,0,0,0,0,0,0.0,0,0,0,0.0,0,https://www.sewmucheasier.com,1,0,0
20,7,6,2,0,1,0,3.4841837197791885,0,0,0,0,0,0,0,0,0,0,0.1,0,0,0,0.0,0,http://cutt.us/2k2al,1,0,0
27,20,0,0,0,3,2,3.763965742824082,0,0,0,0,0,0,0,0,0,0,0.0,0,0,1,0.7329986823270846,0,http://www.jjf.eiwagggg.com,0,0,0
31,14,10,11,0,3,2,3.800182197134702,0,0,0,1,0,0,0,1,0,0,0.3548387096774194,0,0,0,0.0,0,http://165.22.145.152/banks/atb,1,0,0
27,20,0,0,1,2,1,3.782122224145306,0,0,0,0,0,0,0,0,0,0,0.0,0,0,0,0.0,0,http://www.com-recovery.com,0,0,0
26,18,1,1,0,2,1,3.7192945256669785,0,0,0,0,0,0,0,0,0,0,0.0384615384615384,0,0,1,0.638762394022574,0,http://o5vvbn.webwave.dev/,0,0,0
33,26,0,0,0,2,1,3.960320255394292,0,0,0,0,0,0,0,0,1,0,0.0,0,0,0,0.0,0,http://www.schroederindustries.cf,0,0,0
76,24,45,5,1,2,0,4.382053008538002,0,0,0,0,0,0,0,0,0,0,0.0657894736842105,0,1,0,0.0,0,http://facturemaiorangeline.com/customer_center/customer-idpp00c912/card.php,1,0,0
25,18,0,0,0,2,1,3.863465189601646,0,0,0,0,0,0,0,1,0,0,0.0,0,0,1,0.5332316449564397,0,http://www.alaminbank.com,0,0,0
30,23,0,1,0,3,2,4.12323142879762,0,0,0,0,0,0,0,0,0,0,0.0333333333333333,0,0,1,0.6446170956310568,0,http://www.sendf8.isendbox.com,0,0,0
30,22,0,0,1,2,1,4.0062389286533895,1,0,0,0,0,0,0,0,0,0,0.0,0,0,1,0.6933725301529647,0,https://www.abogados-madrid.es,0,0,0
61,19,35,11,0,3,1,4.549086928751509,0,0,0,0,0,0,0,1,0,0,0.180327868852459,0,0,0,0.0,0,http://c1511482.ferozo.com/login/postale/id/6e85b/index2.html,1,0,0
48,11,29,2,1,2,0,4.30404701206774,1,0,0,0,0,0,0,0,0,0,0.0416666666666666,0,0,0,0.0,0,https://mkt1on1.com/wp-includes/fonts/indax.html,0,0,0
38,29,1,5,2,2,1,4.253863368422076,1,0,0,0,0,0,0,0,0,0,0.131578947368421,0,0,1,0.5726755412647812,0,https://mtb-247-sec00.firebaseapp.com/,0,0,0
46,29,10,0,3,2,0,4.065005783670038,0,0,0,0,0,0,0,1,0,0,0.0,0,0,0,0.0,0,http://app-access-device-decline.com/login.php,1,0,0
36,8,21,0,1,2,0,4.107017709595356,0,0,0,0,0,0,0,0,1,0,0.0,0,0,0,0.0,0,http://fewds.tk/usaa/usaa.logon-info,1,0,0
50,26,17,2,1,3,1,4.269275070710713,0,0,0,0,0,0,0,0,0,0,0.04,0,0,0,0.0,0,http://4mt-online.webcindario.com/info/boga/3.html,1,0,0
35,21,6,0,0,2,1,4.079143374026009,1,0,0,0,0,0,0,0,0,0,0.0,0,0,1,0.860851201064391,0,https://www.stackoverflow.com/about,0,0,0
17,9,0,0,0,1,0,3.616874605956223,1,0,0,0,0,0,0,0,0,0,0.0,0,0,0,0.0,0,https://slack.com,0,0,0
71,23,40,2,0,1,0,4.594177091703634,1,0,0,0,0,0,0,0,0,0,0.028169014084507,0,0,1,0.676065697742769,0,https://onlinequranteaching.com/public/vu1ztldladx8jmzdlcffkoeclasczhxc,0,0,0
68,13,48,32,0,3,2,4.5602794378391,0,0,0,1,0,0,0,0,0,0,0.4705882352941176,0,0,0,0.0,0,http://68.183.239.56/online/simplii/32ab9698cbef440734f57c55607bb637,1,0,0
50,18,24,0,0,2,0,4.473269689515108,1,0,0,0,0,0,0,0,1,0,0.0,0,0,0,0.0,0,https://skillnorequired.cc/download/GameChange.zip,1,0,0
31,18,6,2,0,2,1,4.195816471537619,0,0,0,0,0,0,0,0,0,0,0.064516129032258,0,0,0,0.0,0,http://almond.komerine.ru/3pb5o,1,0,0
43,13,23,10,0,4,2,4.394531545943952,0,0,0,1,0,0,0,2,0,0,0.2325581395348837,0,0,0,0.0,0,http://67.205.187.76/banks/atb/confirm.html,1,0,0
26,19,0,0,0,3,2,3.950063756436209,0,0,0,0,0,0,0,0,0,0,0.0,0,0,1,0.8973758854674423,0,http://www.ogspf.zyqfr.com,0,0,0
41,20,13,0,1,1,0,4.092325102644249,1,0,0,0,0,0,0,0,0,0,0.0,0,0,1,0.9823122753857566,0,https://sprintcourierltd.com//admin-info/,0,0,0
37,16,13,7,0,2,1,4.044063758094795,1,0,0,0,0,0,0,0,0,0,0.1891891891891892,0,0,0,0.0,0,https://urlhaus.abuse.ch/url/3739417/,1,0,0
67,19,41,8,1,1,0,4.824917317382077,0,0,0,0,0,0,0,1,0,0,0.1194029850746268,0,0,0,0.0,0,http://dv-caixarsanres.com/acture/8jqhd4gsbz666gfw9b7f4z/main/login,1,0,0
112,11,94,34,0,1,0,4.591954273090416,0,0,0,0,0,0,0,0,0,0,0.3035714285714285,0,0,0,0.0,0,http://amigopg.com/modules/default/2f2cc718bb9fcc80f3df6ff1d17fc5af/snd/default/28c46b60887e6b542e0715d7ebdbef22,1,0,0
109,23,63,27,1,2,0,4.798219674213914,0,0,0,0,0,0,0,0,0,0,0.2477064220183486,1,3,0,0.0,0,http://diretoriodeartistas.com/ven-c404/_/dir/f5953b67aa381776f74c6cec2447347e/execution.html?validation=e1s1,1,0,0
37,16,13,7,0,2,1,4.0440637580947945,1,0,0,0,0,0,0,0,0,0,0.1891891891891892,0,0,0,0.0,0,https://urlhaus.abuse.ch/url/3732688/,1,0,0
28,20,0,0,0,2,1,3.94075983254009,1,0,0,0,0,0,0,0,0,0,0.0,0,0,0,0.0,0,https://www.kleanandlean.com,1,0,0
171,30,22,53,1,2,0,4.922264159957494,0,0,0,0,0,0,0,3,0,0,0.3099415204678362,3,7,0,0.0,0,http://empireinvestmentsworldwide.com/sofa/verify/step2.php?cmd=_account-details&session=7173c73a374297422114445effa3341a&dispatch=9682890a02516801f2a26f1a1ced917de220bf4f,1,0,0
48,39,1,2,4,3,2,4.038320189106001,1,0,0,0,0,0,0,0,0,0,0.0416666666666666,0,0,0,0.0,0,https://dbyky-6iaaa-aaaad-qewkq-cai.raw.ic0.app/,0,0,0
21,14,0,0,0,2,1,3.5585186130489057,0,0,0,0,0,0,0,0,0,0,0.0,0,0,1,0.5225331159514057,0,http://www.stjsrh.com,0,0,0
28,21,0,4,0,3,2,3.869331261111518,0,0,0,0,0,0,0,0,0,0,0.1428571428571428,0,0,1,0.7035598623314916,0,http://www.r0218.rsstatic.ru,0,0,0
144,105,32,46,3,5,3,5.060424531003126,0,0,0,0,0,0,0,1,0,0,0.3194444444444444,0,0,0,0.0,0,http://cox.com-6159368de39251d7a-login.id-107sbtd9cbhsbtd5d80a13c0db1f546757jnq9j575467576233584.kylelierman.com/iloystgnjfrgthteawvo/indexx.php,1,0,0
35,21,7,17,0,4,2,3.783014003266001,0,1,0,1,0,0,0,0,0,0,0.4857142857142857,0,0,0,0.0,0,http://175.173.155.153:52320/bin.sh,1,0,0
54,19,28,2,3,1,0,4.284811983918021,0,0,0,0,0,0,0,1,1,0,0.037037037037037,0,0,0,0.0,0,http://account-mngment2.ml/access/sharepoint-rd1-fresh,1,0,0
22,14,0,0,0,2,1,3.663532754804254,1,0,0,0,0,0,0,0,0,0,0.0,0,0,0,0.0,0,https://www.joymor.com,1,0,0
58,19,32,9,0,3,1,4.54524021086175,0,0,0,0,0,0,0,1,0,0,0.1551724137931034,0,0,0,0.0,0,http://c1781279.ferozo.com/login/postale/bcdf8/index2.html,1,0,0
33,19,7,15,0,4,2,3.9831956342477306,0,1,0,1,0,0,0,0,0,0,0.4545454545454545,0,0,0,0.0,0,http://31.153.107.223:8080/av.scr,1,0,0
24,17,0,1,0,3,2,3.720175521464345,0,0,0,0,0,0,0,0,0,0,0.0416666666666666,0,0,1,0.87822520380202,0,http://www.4sa.waxqx.com,0,0,0
95,28,25,4,1,3,1,4.762858209144126,0,0,0,0,0,0,0,0,0,0,0.0421052631578947,1,2,0,0.0,0,http://apps.trackingrevise-usps.com/verification/payment.php?t=1uarogtgzsyudkkjxhug0ljsht0xjvq9,1,0,0
60,27,26,0,0,2,1,4.3586597124488335,0,0,0,0,0,0,0,0,0,0,0.0,0,0,0,0.0,0,http://www.globalsystemsolution.id/epcmprojectmanagementpdf/,0,0,0
77,14,56,0,2,1,0,4.123503183850761,0,0,0,0,0,0,0,1,0,0,0.0,0,0,0,0.0,1,http://ba-transfer.uk/wp-content/themes/twentyseventeen/inc/bankofamerica/boa,1,0,0
49,16,26,0,0,1,0,4.060853405596481,0,0,0,0,0,0,0,0,0,0,0.0,0,0,0,0.0,0,http://colombinicasa.kz/sitemaps/cms/service/help,1,0,0
33,17,9,13,0,4,2,3.8242528312829873,0,1,0,1,0,0,0,0,0,0,0.3939393939393939,0,0,0,0.0,0,http://218.85.229.198:81/info.zip,1,0,0
83,14,62,0,1,2,0,4.067618126318357,0,0,0,0,0,0,0,0,0,0,0.0,0,0,0,0.0,0,http://aishananti.com/wp-includes/simplepie/decode/html/access/info/wells/wells.htm,1,0,0
41,29,5,10,0,3,2,4.454636150748477,0,0,0,0,0,0,0,0,0,0,0.2439024390243902,0,0,1,0.597467850642851,0,http://u1965047.plsk.regruhosting.ru/239/,0,0,0
73,26,40,9,0,2,1,4.806348963541785,0,0,0,0,0,0,0,0,0,0,0.1232876712328767,0,0,0,0.0,0,http://delivery.imaginedbyjess.co/public/2mfckmjda7uvvq67ite3w3jc5h76rvpd,1,0,0
33,24,1,3,1,2,1,4.27137063437885,1,0,0,0,0,0,0,0,0,0,0.0909090909090909,0,0,0,0.0,0,https://sv3-yp87.firebaseapp.com/,0,0,0
24,16,0,4,0,2,1,3.855388542207534,1,0,0,0,0,0,0,0,0,0,0.1666666666666666,0,0,0,0.0,0,https://www.route1700.be,1,0,0
51,9,35,25,0,1,0,4.106262538423903,0,0,0,0,0,0,0,0,0,0,0.4901960784313725,0,0,0,0.0,0,http://ezmg.buzz/yhbl1ze/8677869371831789366884b1b6,1,0,0
26,14,5,12,0,3,2,3.796217602590056,0,0,0,1,0,0,0,0,0,0,0.4615384615384615,0,0,0,0.0,0,http://130.12.180.176/arm7,1,0,0
48,39,1,12,0,2,1,4.389460876028363,1,0,0,0,0,0,0,0,0,0,0.25,0,0,1,0.5845342882580471,0,https://metasupport100023942831.firebaseapp.com/,0,0,0
35,26,1,0,0,2,1,4.025591860285232,1,0,0,0,0,0,0,0,0,0,0.0,0,0,1,0.8784339544048836,0,https://outlooksoffices.weebly.com/,0,0,0
22,15,0,7,0,2,1,3.7544418457133446,0,0,0,0,0,0,0,0,0,0,0.3181818181818182,0,0,0,0.0,0,http://www.2958111.com,0,0,0
94,16,71,26,0,2,1,4.675875178815994,0,0,0,0,0,0,0,0,0,0,0.2765957446808511,0,0,0,0.0,0,http://f0433414.xsph.ru/amelas/portailas/appmanager/portailas/91be1d4c33bc8686b5adb0773223eac4,1,0,0
114,13,94,35,2,4,2,4.776601448706384,0,0,0,1,0,0,0,0,0,0,0.3070175438596491,0,1,0,0.0,0,http://165.22.97.183/new%20interac/plugnew/online/cibc/4b0916266ddcee8334ef84e117199e33/ebm-mobile-app/index2.html,1,0,0
24,15,1,0,0,2,1,3.9072682296173897,1,0,0,0,0,0,0,1,0,0,0.0,0,0,1,0.9088314626959186,0,https://www.netflix.com/,0,0,0
58,11,40,12,0,3,0,4.131171031016864,0,0,1,0,0,0,0,0,0,0,0.2068965517241379,0,0,1,0.6715450315775221,0,http://1636365.com/assets/@ctrl.b082b0c1.js/assets/assets/,0,0,0
23,15,0,0,0,2,1,3.849223912390625,1,0,0,0,0,0,0,0,0,0,0.0,0,0,1,0.678501072523451,0,https://www.niktell.com,0,0,0
107,13,31,42,1,2,1,4.956897215953553,1,0,0,0,0,0,0,0,0,0,0.3925233644859813,1,2,0,0.0,0,https://roblox.com.ge/games/4924922222/Brookhaven-RP?privateServerLinkCode=24995100825560196492438835643443,1,0,0
36,27,1,6,2,2,1,4.173416585305445,1,0,0,0,0,0,0,0,1,0,0.1666666666666666,0,0,1,0.5778977878255125,0,https://att-mail-108949.square.site/,0,0,0
34,25,1,6,1,2,1,4.113362385992582,1,0,0,0,0,0,0,0,1,0,0.1764705882352941,0,0,0,0.0,0,https://attcom-102201.square.site/,0,0,0
20,13,0,3,0,2,1,3.5841837197791886,0,0,0,0,0,0,0,0,0,0,0.15,0,0,0,0.0,0,http://www.xp171.com,0,0,0
21,14,0,4,0,2,1,3.689703732199547,0,0,0,0,0,0,0,0,0,0,0.1904761904761904,0,0,1,0.7496128769991883,0,http://www.gg4288.com,0,0,0
19,12,0,0,0,2,1,3.3660913291191914,0,0,0,0,0,0,0,0,0,0,0.0,0,0,1,0.7260919391328539,0,http://www.rtam.net,0,0,0
277,17,95,106,2,2,0,4.896062766324675,0,0,0,0,0,0,0,1,0,0,0.3826714801444043,3,7,0,0.0,0,http://garage-strobbe.nl/wp/wp-content/plugins/upspy/ausa/donketyru/snnimoou/f1651ee4022446f6dfb7049b44d6796c/login.php?cmd=login_submit&id=32996af9c3351c6f13dab6320557ba4e32996af9c3351c6f13dab6320557ba4e&session=32996af9c3351c6f13dab6320557ba4e32996af9c3351c6f13dab6320557ba4e,1,0,0
26,6,13,2,0,1,0,3.902174814211727,0,0,0,0,0,0,0,0,0,0,0.0769230769230769,0,0,1,0.6396654554469873,0,http://zpr.io/ljhyw89erlhh,0,0,0
76,29,28,3,1,5,3,4.463075664868,0,0,0,0,0,0,0,1,0,0,0.0394736842105263,1,3,0,0.0,0,http://e.transfers.interac.ca-jc.org/sh/l0aj3e/simplii/login.php?cmd=3dlogi=,1,0,0
63,14,42,17,1,3,2,4.494328781194828,0,0,0,1,0,0,0,0,0,0,0.2698412698412698,0,1,0,0.0,0,http://192.185.129.96/~pugepupgee/lola/bola/refunde/us-en764669,1,0,0
34,25,1,6,1,2,1,4.2339466645252255,1,0,0,0,0,0,0,0,0,0,0.1764705882352941,0,0,1,0.6183641745643355,0,https://aol-103001.weeblysite.com/,0,0,0
33,21,1,3,1,2,1,4.309101316131472,0,0,0,0,0,0,0,0,0,0,0.0909090909090909,1,2,1,0.5950481914344562,0,http://ppl-metamask.42web.io/?i=1,0,0,0
18,9,1,0,0,1,0,3.572431251322119,1,0,0,0,0,0,0,0,0,0,0.0,0,0,1,0.9332562851724971,0,https://slack.com/,0,0,0
83,16,39,29,0,3,1,4.877403738289116,0,0,0,0,0,0,0,0,0,0,0.3493975903614458,1,2,0,0.0,0,http://a0628765.xsph.ru/gazelle/dnx/9bc38b172153c40/region.php?auth=9bc38b172153c40,1,0,0
20,12,0,0,0,2,1,3.6841837197791887,1,0,0,0,0,0,0,0,0,0,0.0,0,0,0,0.0,0,https://www.kera.org,1,0,0
37,16,13,7,0,2,1,4.044063758094795,1,0,0,0,0,0,0,0,0,0,0.1891891891891892,0,0,0,0.0,0,https://urlhaus.abuse.ch/url/3748073/,1,0,0
131,33,1,28,6,4,3,5.01809769265307,0,0,0,0,0,0,0,0,0,0,0.2137404580152671,0,3,0,0.0,0,http://48-il.us-south.cf.appdomain.cloud/?92a6281f-d6ba-4907-aeb5-a668ae5df160vu053dh2qeswbhsnief4ol_vfrfmzw6hguoeswb_hsnief4olvfrf,1,0,0
28,21,0,0,0,2,1,3.824862957617356,0,0,0,0,0,0,0,0,0,0,0.0,0,0,1,0.7019895582937576,0,http://www.tasagodigital.com,0,0,0
24,17,0,0,0,2,1,3.542481250360578,0,0,0,0,0,0,0,1,1,0,0.0,0,0,1,0.6676940927199913,1,http://www.googleimg.top,0,0,0
31,10,14,0,0,2,0,3.873235826376329,0,0,0,0,0,0,0,1,0,0,0.0,0,0,0,0.0,0,http://giproc.com/zet.be/secure,1,0,0
74,29,7,2,2,1,0,4.74014179869381,1,0,0,0,0,0,0,0,0,0,0.027027027027027,2,4,0,0.0,0,https://visualize-detalhes-online.com/luiza/?userid=13&amp;uri=xudbvbjytdk,0,0,0
63,32,24,10,2,2,1,4.92125889154784,0,0,0,0,0,0,0,0,0,0,0.1587301587301587,0,0,0,0.0,0,http://bokepviral-2022-5465.duckdns.org/fzxhmcjsskedelvaufwl6s0,1,0,0
62,36,19,7,1,2,1,4.615171310247296,0,0,0,0,0,0,0,0,0,0,0.1129032258064516,0,0,0,0.0,0,http://facinorous-spindle.000webhostapp.com/centurylink/b8e428,1,0,0
42,35,0,4,0,2,1,4.386015934528989,0,0,0,0,0,0,0,0,1,0,0.0952380952380952,0,0,1,0.6427127312792367,0,http://www.spainflplayerdescargar2021.info,0,0,0
22,14,1,11,0,3,2,3.629219686524096,0,0,0,1,0,0,0,0,0,0,0.5,0,0,0,0.0,0,http://192.53.167.241/,1,0,0
21,14,0,0,0,2,1,3.6537567082870006,0,0,0,0,0,0,0,0,0,0,0.0,0,0,1,0.5715357204457763,0,http://www.gxyggs.com,0,0,0
25,17,0,3,0,3,2,3.863465189601646,1,0,0,0,0,0,0,0,0,0,0.12,0,0,0,0.0,0,https://www.plc122.com.br,1,0,0
44,8,29,5,2,1,0,4.354222744021599,0,0,0,0,0,0,0,0,0,0,0.1136363636363636,0,0,0,0.0,0,http://g-a-l.jp/glaso12/liinkedinhardest/900,1,0,0
64,34,23,18,1,2,0,4.6929884298164914,0,0,0,0,0,0,0,2,1,0,0.28125,0,2,0,0.0,1,http://configuracao-200000235896487505.tk/login_to_facebook.html,1,0,0
26,19,0,0,0,3,2,3.8441065448145375,0,0,0,0,0,0,0,0,0,0,0.0,0,0,1,0.7334697699091702,0,http://www.otangcare.co.uk,0,0,0
93,18,68,16,0,1,0,4.201102999994425,0,0,0,0,0,0,0,1,0,0,0.1720430107526881,0,8,0,0.0,0,http://apricotsshushs.com/luno_update_2021/luno_update_2021/luno_update_2021/luno_update_2020,1,0,0
148,24,117,26,0,5,2,5.05217986492443,0,0,0,0,0,1,0,0,0,0,0.1756756756756756,0,0,0,0.0,0,http://7.gilbaneco.gencmert.com/.368945.ahr0chm6ly9oyxllay1sawdodgluzy5jb20vd3avmzy4otq1l0dpbgjhbmvjby9sbwfzdgvsbgevi2xtyxn0zwxsyubnawxiyw5ly28uy29t,1,0,0
25,18,0,0,1,2,1,3.893660689688185,0,0,0,0,0,0,0,0,1,0,0.0,0,0,1,0.9784770381656808,0,http://www.mellat-sodt.gq,0,0,0
48,41,0,21,0,2,1,4.339661719245796,0,0,0,0,0,0,0,0,1,0,0.4375,0,0,1,0.5583268825925077,0,http://www.z34a81391a505e6f99d83a49e2ced0d1a4.ws,0,0,0
78,19,52,4,1,1,0,4.732087917630563,0,0,0,0,0,0,0,0,0,0,0.0512820512820512,0,0,0,0.0,0,http://cloudflare-ipfs.com/ipfs/qmsasdhzltxqhdfevg5zjmj72tsirkfdfswxgpd3rwkgra,1,0,0
31,24,0,0,0,3,2,4.195816471537619,0,0,0,0,0,0,0,0,0,0,0.0,0,0,1,0.9908198203659284,0,http://www.musiclinker.jkub.com,0,0,0
36,19,10,15,0,4,2,4.204511459715548,0,1,0,1,0,0,0,0,0,0,0.4166666666666667,0,0,0,0.0,0,http://202.68.234.213:5000/video.scr,1,0,0
70,11,52,6,1,1,0,4.82001529563433,0,0,0,0,0,0,0,0,0,0,0.0857142857142857,0,0,0,0.0,0,http://cf-ipfs.com/ipfs/qmvhylvj4vztf8elruqzwm3uumqynxfprox3zwldy68kxb,1,0,0
71,39,25,1,1,6,5,4.292175690641695,0,0,0,0,0,0,0,1,0,1,0.0140845070422535,0,0,0,0.0,0,http://ar-ar.facebook.com.https.s1.gvirabi.com/marketplace/directory/ky,1,0,0
33,26,0,0,0,3,2,3.801377452429548,0,0,0,0,0,0,0,0,0,0,0.0,0,0,1,0.7667868420165238,0,http://www.wwwi.earthsolution.org,0,0,0
31,23,0,0,0,2,1,4.091135423220311,1,0,0,0,0,0,0,0,0,0,0.0,0,0,0,0.0,0,https://www.thedigitalgroup.com,1,0,0
206,30,84,42,11,6,1,5.111959450947857,1,0,1,0,0,0,0,1,0,0,0.203883495145631,2,10,1,0.7127237804982544,1,https://firebasestorage.googleapis.com/v0/b/tei-neriou-reuix-678.appspot.com/o/%40%40%40indexv-vb-veu-ry-8%25433%2569.html?alt=media&amp;token=6b0a9c43-8711-491b-9f40-50ad280ffb32#ggradnigo@prepaidlegal.com,0,0,0
28,21,0,1,0,1,0,3.8962915290459272,0,0,0,0,0,0,0,0,0,0,0.0357142857142857,0,0,0,0.0,0,http://pancakeswapv3.finance,0,0,0
91,14,70,27,0,3,2,4.659967893432076,0,0,0,1,0,0,0,0,0,0,0.2967032967032967,0,1,0,0.0,0,http://201.163.98.162/crm/jssource/src_files/modules/project/home/46fda2d3c948d2a17eb239113,1,0,0
148,9,132,60,2,2,0,4.685177664894589,0,0,0,0,0,0,0,1,0,0,0.4054054054054054,0,0,0,0.0,1,http://crcse.com/style/chase.com-secure456246942694/g894fghs34g8kh9sk4gfhl34gfsvbiwu/87542645682468242424/chase-com/81ca4a36426fd1c21eaa2e2b95b891dd,1,0,0
139,36,39,33,0,8,5,4.878482562024431,0,0,0,0,0,1,0,1,0,1,0.237410071942446,1,3,0,0.0,1,"http://8.81.199.35.bc.googleusercontent.com/itau/home/webapps_aplicationtoken4.php?brazil=16,09,17,pm,92,4,04,000000,02,4,2020,thursday.dll",1,0,0
45,38,0,0,2,2,1,4.072424141197959,0,0,0,0,0,0,0,1,0,0,0.0,0,0,1,0.7569412102830274,0,http://weeseguraperu--interbanksegure.repl.co,0,0,0
81,16,58,1,0,4,1,4.258129368747202,0,0,0,0,0,0,0,0,0,0,0.0123456790123456,0,0,0,0.0,0,http://choicekey.com.tw/openwebmail/images/iconsets/cool3d.korean/eibe/index.html,1,0,0
21,14,0,0,0,2,1,3.439936470397808,0,0,0,0,0,0,0,0,0,0,0.0,0,0,1,0.7634931470639011,0,http://www.cpcwiki.de,0,0,0
26,18,0,0,0,3,2,3.767183467891461,1,0,0,0,0,0,0,0,0,0,0.0,0,0,0,0.0,0,https://www.surffcs.com.au,1,0,0
26,18,0,0,0,2,1,3.7483286603655737,1,0,0,0,0,0,0,0,0,0,0.0,0,0,0,0.0,0,https://www.theadanews.com,1,0,0
200,20,17,23,0,1,0,5.020805726996102,0,0,0,0,0,0,0,0,0,0,0.115,1,2,0,0.0,0,http://donfuegoschicken.com/app/v3/bloqueio/?auth=2rbdue1m2eegh2dxlgfpxhfieol9yy1onfjsuskbxx3bkhzrs3vfxsnwqcq87rlnbmlmwuwblb9se7csxwttoimolx4dbmxc9oqcpzznwxpw1l1manrlck4kw1gbnkrcpnviiijrkgw23rbdi1alq4,1,0,0
85,25,53,28,0,3,2,4.670491378810356,0,0,0,0,0,0,0,1,0,0,0.3294117647058823,0,0,0,0.0,0,http://c43721.hostde9.fornex.org/appid/dir/loc/login/682ad7e9f1f68e21f25788f15f02f640,1,0,0
19,12,0,0,0,2,1,3.3660913291191923,0,0,0,0,0,0,0,0,0,0,0.0,0,0,1,0.9986183845488772,0,http://www.hemid.me,0,0,0
87,19,60,20,5,3,1,4.794698134313107,1,0,0,0,0,0,0,0,0,0,0.2298850574712643,0,0,0,0.0,0,https://storageapi.fleek.co/b620e7da-f4f5-4e6e-8d8e-8c4c3783180b-bucket/vat7/index.html,0,0,0
27,19,1,7,0,2,1,4.032303242743953,0,0,0,0,0,0,0,0,0,0,0.2592592592592592,0,0,1,0.7520120333731704,0,http://c2541481.ferozo.com/,0,0,0
45,19,19,23,0,4,2,4.1694136517890765,0,1,0,1,0,0,0,0,0,0,0.5111111111111111,0,0,0,0.0,0,http://111.59.254.165:8084/20230507/Photo.scr,1,0,0
272,16,91,98,0,5,1,4.91751140043371,0,0,0,0,0,0,0,4,0,0,0.3602941176470588,3,10,0,0.0,0,http://a0387555.xsph.ru/id723784238y98/client_service/update_info/secure_login/suntrust.login.ssl/home/confirm.php?cmd=login_submit&id=da6da1981bae122b5c099d750984a73ada6da1981bae122b5c099d750984a73a&session=da6da1981bae122b5c099d750984a73ada6da1981bae122b5c099d750984a73a,1,0,0
32,25,0,0,0,2,1,3.9681390622295662,0,0,0,0,0,0,0,0,0,0,0.0,0,0,1,0.6747238343275104,0,http://www.centralbancshares.com,0,0,0
93,11,41,20,0,1,0,4.787267651413536,0,0,0,0,0,0,0,1,0,0,0.2150537634408602,2,6,0,0.0,0,http://garhold.net/ad644e9304513dd34ebab678e9c3840d/signin/?country=united+states&local=en_us,1,0,0
24,17,0,0,0,2,1,3.772055208874201,0,0,0,0,0,0,0,0,0,0,0.0,0,0,1,0.9401186989622868,0,http://www.torchmusic.fm,0,0,0
22,15,0,0,0,3,2,3.5160276412662297,0,0,0,0,0,0,0,0,0,0,0.0,0,0,1,0.7290312881013503,0,http://www.r.xwmpn.com,0,0,0
216,14,37,92,0,4,2,4.741474408770598,0,0,0,1,0,0,0,1,0,0,0.4259259259259259,3,8,0,0.0,0,http://45.132.242.241/sh/cacj6y1q/tnt/easyweb%20login1.php?cmd=login_submit&id=17cf482d34b844e2abd4acc2695c6e1317cf482d34b844e2abd4acc2695c6e13&session=17cf482d34b844e2abd4acc2695c6e1317cf482d34b844e2abd4acc2695c6e13,1,0,0
50,28,15,0,1,3,1,4.121076880026372,0,0,0,0,0,0,0,1,0,0,0.0,0,1,0,0.0,0,http://ascfsffcscsdcsdcsdc.borec.cz/at&t-login.htm,1,0,0
96,33,13,26,1,3,1,4.892755934407698,0,0,0,0,0,0,0,0,0,0,0.2708333333333333,1,2,0,0.0,0,http://appfbk-ir3kv34q7.polkuverkosto.fi/profile.html?countuser=3e3bb87ba0e88ac741742584d5773b62,1,0,0
34,22,5,0,1,2,1,3.959094371350331,0,0,0,0,0,0,0,0,0,0,0.0,0,0,1,0.8946297494492268,0,http://well-sfargoauth.ath.cx/auth,0,0,0
32,13,1,2,0,2,1,4.179229296672174,0,0,0,0,0,0,0,1,1,0,0.0625,1,2,0,0.0,0,http://free.cas3.xyz/?s=xnrar4tc,1,0,0
25,18,0,0,0,2,1,3.863465189601646,0,0,0,0,0,0,0,0,0,0,0.0,0,0,0,0.0,0,http://www.conglolife.com,0,0,0
61,52,1,2,0,3,2,4.288473968632962,1,0,0,0,0,0,0,1,0,0,0.0327868852459016,0,0,1,0.5381024207505234,0,https://industrialguataemalabanktujgi.quarguatmela51.repl.co/,0,0,0
28,21,0,0,0,2,1,3.94075983254009,0,0,0,0,0,0,0,0,0,0,0.0,0,0,0,0.0,0,http://www.myclientsdemo.com,0,0,0
21,13,0,0,0,2,1,3.6537567082870006,1,0,0,0,0,0,0,1,0,0,0.0,0,0,0,0.0,0,https://www.apple.com,0,0,0
49,12,30,1,0,2,0,4.295746773031725,0,0,1,0,0,0,0,0,0,0,0.0204081632653061,0,0,0,0.0,0,http://domintell.su/assets/nlsp/vmgfnku/3mail@b.c,1,0,0
32,25,0,0,0,2,1,4.027518266288633,0,0,0,0,0,1,0,0,0,0,0.0,0,0,0,0.0,0,http://www.grillitrestaurant.com,0,0,0
37,16,13,7,0,2,1,4.044063758094795,1,0,0,0,0,0,0,0,0,0,0.1891891891891892,0,0,0,0.0,0,https://urlhaus.abuse.ch/url/3702324/,1,0,0
43,35,1,1,0,3,2,3.9788500812712257,0,0,0,0,0,0,0,0,0,0,0.0232558139534883,0,0,1,0.6485659914857353,0,http://verificacion.equipotecnico0.repl.co/,0,0,0
26,19,0,0,0,2,1,3.902174814211728,0,0,0,0,0,0,0,0,0,0,0.0,0,0,1,0.8514186900213625,0,http://www.luxusgrotte.com,0,0,0
23,14,1,0,0,1,0,3.621175542919472,1,0,0,0,0,0,0,0,0,0,0.0,0,0,1,0.8901421335686288,1,https://instagrame.net/,0,0,0
19,12,0,2,0,2,1,3.471354487013929,0,0,0,0,0,0,0,0,0,0,0.1052631578947368,0,0,0,0.0,0,http://www.pox23.io,0,0,0
90,18,65,5,1,2,1,4.362788276468773,0,0,0,0,0,0,0,2,0,0,0.0555555555555555,0,1,0,0.0,0,http://euroenvases.com.ar/images/shad/customer_center/customer-idpp00c372/myaccount/signin,1,0,0
55,46,1,8,5,2,1,4.426750741451607,1,0,0,0,0,0,0,0,0,0,0.1454545454545454,0,0,1,0.782322185598737,0,https://magazine-site-oficial-09-03-2023.myshopify.com/,0,0,0
60,15,38,23,0,4,2,4.450919821670332,0,0,0,1,0,0,0,1,0,0,0.3833333333333333,0,0,0,0.0,0,http://178.128.233.208/banks/desjardins/index91484101498.php,1,0,0
28,19,1,4,1,2,1,4.039148671903071,1,0,0,0,0,0,0,0,0,0,0.1428571428571428,0,0,0,0.0,0,https://csawq-f3932.web.app/,0,0,0
24,17,0,0,0,2,1,3.886842188131012,0,0,0,0,0,0,0,0,1,0,0.0,0,0,1,0.6613068759097156,0,http://www.oliverhome.cf,0,0,0
37,16,13,7,0,2,1,3.969607339117404,1,0,0,0,0,0,0,0,0,0,0.1891891891891892,0,0,0,0.0,0,https://urlhaus.abuse.ch/url/3665625/,1,0,0
22,15,0,0,0,2,1,3.732158891364569,0,0,0,0,0,0,0,0,0,0,0.0,0,0,1,0.5109096958370717,0,http://www.cndzysw.com,0,0,0
24,17,0,0,0,2,1,3.855388542207534,0,0,0,0,0,0,0,0,0,0,0.0,0,0,1,0.8903579380529489,0,http://www.asandarou.com,0,0,0
64,23,34,13,0,2,0,4.579783547037796,0,0,0,0,0,0,0,0,0,0,0.203125,0,0,0,0.0,0,http://artemivanov85shiola.com/finance/desj/index91484101498.php,1,0,0
29,21,0,0,0,4,3,3.883337460421007,1,0,0,0,0,0,0,0,0,0,0.0,0,0,0,0.0,0,https://www.ci.victoria.mn.us,1,0,0
